# RUNG 2 — the fluid-element chart
# stakes: RUNG2_PREREG.md @ aee5317
# dp = 1.321126 au (frozen 1.3211)
# de = 0.000950043 Ha (frozen 0.0009500435)
# bars: admissible occ >= 100, cells >= 4, fluct <= 0.1; transport >= 0.05; informative >= 200; beta = 0.02; separation >= 0.05

===== ARM flexible (3 trajectories) =====

-- seed 0x5245504c41434530  n=128 dims=3 frames=301 box=29.6x29.6 species=[8]
   G9a species/arity constant: true
   G9b |p| first=1.154813e1 last=3.866238e1   G9c Ek first=2.394147e-1 last=2.443146e-1  [ledger leg UNDISCHARGED: the dump carries no forces]
   amendment 1: ladder of 8 grids derived from N=128 dims=3: 1x1x1 2x1x1 2x2x1 2x2x2 4x2x2 4x4x2 4x4x4 8x4x4
   grid 1x1x1 cells=1 occ=128.000 fluct=0.000 transport=0.0000 dn=11.31  G2 admissible: NO
      Spatial Exact Occ coll=44850 fire=0 D_A=0.000000 info=300 distinct=1 | D_B=0.000000 cov=1.000 | refines=true | VoidVacuous("fewer than 2 cells: the fields are the invariants")
      Spatial Exact Mom coll=17 fire=17 D_A=1.000000 info=34 distinct=283 | D_B=1.000000 cov=0.053 | refines=true | VoidVacuous("fewer than 2 cells: the fields are the invariants")
      Spatial Exact Ene coll=0 fire=0 D_A=n/a info=0 distinct=300 | D_B=n/a cov=0.000 | refines=true | VoidVacuous("fewer than 2 cells: the fields are the invariants")
      Spatial Poisson Occ coll=44850 fire=0 D_A=0.000000 info=300 distinct=1 | D_B=0.000000 cov=1.000 | refines=true | VoidVacuous("fewer than 2 cells: the fields are the invariants")
      Spatial Poisson Mom coll=17 fire=17 D_A=1.000000 info=34 distinct=283 | D_B=1.000000 cov=0.053 | refines=true | VoidVacuous("fewer than 2 cells: the fields are the invariants")
      Spatial Poisson Ene coll=0 fire=0 D_A=n/a info=0 distinct=300 | D_B=n/a cov=0.000 | refines=true | VoidVacuous("fewer than 2 cells: the fields are the invariants")
      Spatial CellScale Occ coll=44850 fire=0 D_A=0.000000 info=300 distinct=1 | D_B=0.000000 cov=1.000 | refines=true | VoidVacuous("fewer than 2 cells: the fields are the invariants")
      Spatial CellScale Mom coll=2232 fire=2100 D_A=0.940860 info=293 distinct=35 | D_B=0.942857 cov=0.933 | refines=true | VoidVacuous("fewer than 2 cells: the fields are the invariants")
      Spatial CellScale Ene coll=426 fire=422 D_A=0.990610 info=238 distinct=128 | D_B=1.000000 cov=0.573 | refines=true | VoidVacuous("fewer than 2 cells: the fields are the invariants")
      BlindLabel Exact Occ coll=44850 fire=0 D_A=0.000000 info=300 distinct=1 | D_B=0.000000 cov=1.000 | refines=true | VoidVacuous("fewer than 2 cells: the fields are the invariants")
      BlindLabel Exact Mom coll=17 fire=17 D_A=1.000000 info=34 distinct=283 | D_B=1.000000 cov=0.053 | refines=true | VoidVacuous("fewer than 2 cells: the fields are the invariants")
      BlindLabel Exact Ene coll=0 fire=0 D_A=n/a info=0 distinct=300 | D_B=n/a cov=0.000 | refines=true | VoidVacuous("fewer than 2 cells: the fields are the invariants")
      BlindLabel Poisson Occ coll=44850 fire=0 D_A=0.000000 info=300 distinct=1 | D_B=0.000000 cov=1.000 | refines=true | VoidVacuous("fewer than 2 cells: the fields are the invariants")
      BlindLabel Poisson Mom coll=17 fire=17 D_A=1.000000 info=34 distinct=283 | D_B=1.000000 cov=0.053 | refines=true | VoidVacuous("fewer than 2 cells: the fields are the invariants")
      BlindLabel Poisson Ene coll=0 fire=0 D_A=n/a info=0 distinct=300 | D_B=n/a cov=0.000 | refines=true | VoidVacuous("fewer than 2 cells: the fields are the invariants")
      BlindLabel CellScale Occ coll=44850 fire=0 D_A=0.000000 info=300 distinct=1 | D_B=0.000000 cov=1.000 | refines=true | VoidVacuous("fewer than 2 cells: the fields are the invariants")
      BlindLabel CellScale Mom coll=2232 fire=2100 D_A=0.940860 info=293 distinct=35 | D_B=0.942857 cov=0.933 | refines=true | VoidVacuous("fewer than 2 cells: the fields are the invariants")
      BlindLabel CellScale Ene coll=426 fire=422 D_A=0.990610 info=238 distinct=128 | D_B=1.000000 cov=0.573 | refines=true | VoidVacuous("fewer than 2 cells: the fields are the invariants")
      BlindIndex Exact Occ coll=44850 fire=0 D_A=0.000000 info=300 distinct=1 | D_B=0.000000 cov=1.000 | refines=true | VoidVacuous("fewer than 2 cells: the fields are the invariants")
      BlindIndex Exact Mom coll=17 fire=17 D_A=1.000000 info=34 distinct=283 | D_B=1.000000 cov=0.053 | refines=true | VoidVacuous("fewer than 2 cells: the fields are the invariants")
      BlindIndex Exact Ene coll=0 fire=0 D_A=n/a info=0 distinct=300 | D_B=n/a cov=0.000 | refines=true | VoidVacuous("fewer than 2 cells: the fields are the invariants")
      BlindIndex Poisson Occ coll=44850 fire=0 D_A=0.000000 info=300 distinct=1 | D_B=0.000000 cov=1.000 | refines=true | VoidVacuous("fewer than 2 cells: the fields are the invariants")
      BlindIndex Poisson Mom coll=17 fire=17 D_A=1.000000 info=34 distinct=283 | D_B=1.000000 cov=0.053 | refines=true | VoidVacuous("fewer than 2 cells: the fields are the invariants")
      BlindIndex Poisson Ene coll=0 fire=0 D_A=n/a info=0 distinct=300 | D_B=n/a cov=0.000 | refines=true | VoidVacuous("fewer than 2 cells: the fields are the invariants")
      BlindIndex CellScale Occ coll=44850 fire=0 D_A=0.000000 info=300 distinct=1 | D_B=0.000000 cov=1.000 | refines=true | VoidVacuous("fewer than 2 cells: the fields are the invariants")
      BlindIndex CellScale Mom coll=2232 fire=2100 D_A=0.940860 info=293 distinct=35 | D_B=0.942857 cov=0.933 | refines=true | VoidVacuous("fewer than 2 cells: the fields are the invariants")
      BlindIndex CellScale Ene coll=426 fire=422 D_A=0.990610 info=238 distinct=128 | D_B=1.000000 cov=0.573 | refines=true | VoidVacuous("fewer than 2 cells: the fields are the invariants")
      GlobalRelabel Exact Occ coll=44850 fire=0 D_A=0.000000 info=300 distinct=1 | D_B=0.000000 cov=1.000 | refines=true | VoidVacuous("fewer than 2 cells: the fields are the invariants")
      GlobalRelabel Exact Mom coll=17 fire=17 D_A=1.000000 info=34 distinct=283 | D_B=1.000000 cov=0.053 | refines=true | VoidVacuous("fewer than 2 cells: the fields are the invariants")
      GlobalRelabel Exact Ene coll=0 fire=0 D_A=n/a info=0 distinct=300 | D_B=n/a cov=0.000 | refines=true | VoidVacuous("fewer than 2 cells: the fields are the invariants")
      GlobalRelabel Poisson Occ coll=44850 fire=0 D_A=0.000000 info=300 distinct=1 | D_B=0.000000 cov=1.000 | refines=true | VoidVacuous("fewer than 2 cells: the fields are the invariants")
      GlobalRelabel Poisson Mom coll=17 fire=17 D_A=1.000000 info=34 distinct=283 | D_B=1.000000 cov=0.053 | refines=true | VoidVacuous("fewer than 2 cells: the fields are the invariants")
      GlobalRelabel Poisson Ene coll=0 fire=0 D_A=n/a info=0 distinct=300 | D_B=n/a cov=0.000 | refines=true | VoidVacuous("fewer than 2 cells: the fields are the invariants")
      GlobalRelabel CellScale Occ coll=44850 fire=0 D_A=0.000000 info=300 distinct=1 | D_B=0.000000 cov=1.000 | refines=true | VoidVacuous("fewer than 2 cells: the fields are the invariants")
      GlobalRelabel CellScale Mom coll=2232 fire=2100 D_A=0.940860 info=293 distinct=35 | D_B=0.942857 cov=0.933 | refines=true | VoidVacuous("fewer than 2 cells: the fields are the invariants")
      GlobalRelabel CellScale Ene coll=426 fire=422 D_A=0.990610 info=238 distinct=128 | D_B=1.000000 cov=0.573 | refines=true | VoidVacuous("fewer than 2 cells: the fields are the invariants")
   grid 2x1x1 cells=2 occ=64.000 fluct=0.039 transport=0.3700 dn=8.00  G2 admissible: NO
      Spatial Exact Occ coll=6163 fire=3017 D_A=0.489534 info=300 distinct=9 | D_B=0.340000 cov=1.000 | refines=true | NotClosed
      Spatial Exact Mom coll=0 fire=0 D_A=n/a info=0 distinct=300 | D_B=n/a cov=0.000 | refines=true | VoidWorkCount(0)
      Spatial Exact Ene coll=0 fire=0 D_A=n/a info=0 distinct=300 | D_B=n/a cov=0.000 | refines=true | VoidWorkCount(0)
      Spatial Poisson Occ coll=22963 fire=2123 D_A=0.092453 info=300 distinct=3 | D_B=0.066667 cov=1.000 | refines=true | NotClosed
         witnesses (listing capped at 10, count above is exact): (0,4) (0,68) (4,68)
      Spatial Poisson Mom coll=0 fire=0 D_A=n/a info=0 distinct=300 | D_B=n/a cov=0.000 | refines=true | VoidWorkCount(0)
      Spatial Poisson Ene coll=0 fire=0 D_A=n/a info=0 distinct=300 | D_B=n/a cov=0.000 | refines=true | VoidWorkCount(0)
      Spatial CellScale Occ coll=22963 fire=2123 D_A=0.092453 info=300 distinct=3 | D_B=0.066667 cov=1.000 | refines=true | NotClosed
      Spatial CellScale Mom coll=7 fire=7 D_A=1.000000 info=11 distinct=294 | D_B=1.000000 cov=0.007 | refines=true | VoidWorkCount(11)
      Spatial CellScale Ene coll=0 fire=0 D_A=n/a info=0 distinct=300 | D_B=n/a cov=0.000 | refines=true | VoidWorkCount(0)
      BlindLabel Exact Occ coll=5430 fire=2582 D_A=0.475506 info=300 distinct=12 | D_B=0.312500 cov=0.640 | refines=true | NotClosed
      BlindLabel Exact Mom coll=0 fire=0 D_A=n/a info=0 distinct=300 | D_B=n/a cov=0.000 | refines=true | VoidWorkCount(0)
      BlindLabel Exact Ene coll=0 fire=0 D_A=n/a info=0 distinct=300 | D_B=n/a cov=0.000 | refines=true | VoidWorkCount(0)
      BlindLabel Poisson Occ coll=22553 fire=3230 D_A=0.143218 info=300 distinct=5 | D_B=0.180000 cov=1.000 | refines=true | NotClosed
         witnesses (listing capped at 10, count above is exact): (0,36) (0,127) (36,127)
      BlindLabel Poisson Mom coll=0 fire=0 D_A=n/a info=0 distinct=300 | D_B=n/a cov=0.000 | refines=true | VoidWorkCount(0)
      BlindLabel Poisson Ene coll=0 fire=0 D_A=n/a info=0 distinct=300 | D_B=n/a cov=0.000 | refines=true | VoidWorkCount(0)
      BlindLabel CellScale Occ coll=22553 fire=3230 D_A=0.143218 info=300 distinct=5 | D_B=0.180000 cov=1.000 | refines=true | NotClosed
      BlindLabel CellScale Mom coll=6 fire=6 D_A=1.000000 info=12 distinct=294 | D_B=1.000000 cov=0.007 | refines=true | VoidWorkCount(12)
      BlindLabel CellScale Ene coll=0 fire=0 D_A=n/a info=0 distinct=300 | D_B=n/a cov=0.000 | refines=true | VoidWorkCount(0)
      BlindIndex Exact Occ coll=44850 fire=0 D_A=0.000000 info=300 distinct=1 | D_B=0.000000 cov=1.000 | refines=true | VoidVacuous("no transport: the chart is frozen")
      BlindIndex Exact Mom coll=0 fire=0 D_A=n/a info=0 distinct=300 | D_B=n/a cov=0.000 | refines=true | VoidVacuous("no transport: the chart is frozen")
      BlindIndex Exact Ene coll=0 fire=0 D_A=n/a info=0 distinct=300 | D_B=n/a cov=0.000 | refines=true | VoidVacuous("no transport: the chart is frozen")
      BlindIndex Poisson Occ coll=44850 fire=0 D_A=0.000000 info=300 distinct=1 | D_B=0.000000 cov=1.000 | refines=true | VoidVacuous("no transport: the chart is frozen")
      BlindIndex Poisson Mom coll=0 fire=0 D_A=n/a info=0 distinct=300 | D_B=n/a cov=0.000 | refines=true | VoidVacuous("no transport: the chart is frozen")
      BlindIndex Poisson Ene coll=0 fire=0 D_A=n/a info=0 distinct=300 | D_B=n/a cov=0.000 | refines=true | VoidVacuous("no transport: the chart is frozen")
      BlindIndex CellScale Occ coll=44850 fire=0 D_A=0.000000 info=300 distinct=1 | D_B=0.000000 cov=1.000 | refines=true | VoidVacuous("no transport: the chart is frozen")
      BlindIndex CellScale Mom coll=9 fire=9 D_A=1.000000 info=18 distinct=291 | D_B=1.000000 cov=0.033 | refines=true | VoidVacuous("no transport: the chart is frozen")
      BlindIndex CellScale Ene coll=0 fire=0 D_A=n/a info=0 distinct=300 | D_B=n/a cov=0.000 | refines=true | VoidVacuous("no transport: the chart is frozen")
      GlobalRelabel Exact Occ coll=6163 fire=3017 D_A=0.489534 info=300 distinct=9 | D_B=0.340000 cov=1.000 | refines=true | NotClosed
      GlobalRelabel Exact Mom coll=0 fire=0 D_A=n/a info=0 distinct=300 | D_B=n/a cov=0.000 | refines=true | VoidWorkCount(0)
      GlobalRelabel Exact Ene coll=0 fire=0 D_A=n/a info=0 distinct=300 | D_B=n/a cov=0.000 | refines=true | VoidWorkCount(0)
      GlobalRelabel Poisson Occ coll=22963 fire=2123 D_A=0.092453 info=300 distinct=3 | D_B=0.066667 cov=1.000 | refines=true | NotClosed
         witnesses (listing capped at 10, count above is exact): (0,4) (0,68) (4,68)
      GlobalRelabel Poisson Mom coll=0 fire=0 D_A=n/a info=0 distinct=300 | D_B=n/a cov=0.000 | refines=true | VoidWorkCount(0)
      GlobalRelabel Poisson Ene coll=0 fire=0 D_A=n/a info=0 distinct=300 | D_B=n/a cov=0.000 | refines=true | VoidWorkCount(0)
      GlobalRelabel CellScale Occ coll=22963 fire=2123 D_A=0.092453 info=300 distinct=3 | D_B=0.066667 cov=1.000 | refines=true | NotClosed
      GlobalRelabel CellScale Mom coll=7 fire=7 D_A=1.000000 info=11 distinct=294 | D_B=1.000000 cov=0.007 | refines=true | VoidWorkCount(11)
      GlobalRelabel CellScale Ene coll=0 fire=0 D_A=n/a info=0 distinct=300 | D_B=n/a cov=0.000 | refines=true | VoidWorkCount(0)
   grid 2x2x1 cells=4 occ=32.000 fluct=0.069 transport=0.5967 dn=5.66  G2 admissible: NO
      Spatial Exact Occ coll=451 fire=331 D_A=0.733925 info=257 distinct=112 | D_B=1.000000 cov=0.067 | refines=true | NotClosed
      Spatial Exact Mom coll=0 fire=0 D_A=n/a info=0 distinct=300 | D_B=n/a cov=0.000 | refines=true | VoidWorkCount(0)
      Spatial Exact Ene coll=0 fire=0 D_A=n/a info=0 distinct=300 | D_B=n/a cov=0.000 | refines=true | VoidWorkCount(0)
      Spatial Poisson Occ coll=11569 fire=2985 D_A=0.258017 info=300 distinct=12 | D_B=0.154545 cov=0.733 | refines=true | NotClosed
         witnesses (listing capped at 10, count above is exact): (16,18) (16,29) (16,78)
      Spatial Poisson Mom coll=0 fire=0 D_A=n/a info=0 distinct=300 | D_B=n/a cov=0.000 | refines=true | VoidWorkCount(0)
      Spatial Poisson Ene coll=0 fire=0 D_A=n/a info=0 distinct=300 | D_B=n/a cov=0.000 | refines=true | VoidWorkCount(0)
      Spatial CellScale Occ coll=11569 fire=2985 D_A=0.258017 info=300 distinct=12 | D_B=0.154545 cov=0.733 | refines=true | NotClosed
      Spatial CellScale Mom coll=0 fire=0 D_A=n/a info=0 distinct=300 | D_B=n/a cov=0.000 | refines=true | VoidWorkCount(0)
      Spatial CellScale Ene coll=0 fire=0 D_A=n/a info=0 distinct=300 | D_B=n/a cov=0.000 | refines=true | VoidWorkCount(0)
      BlindLabel Exact Occ coll=384 fire=261 D_A=0.679688 info=230 distinct=140 | D_B=1.000000 cov=0.007 | refines=true | NotClosed
      BlindLabel Exact Mom coll=0 fire=0 D_A=n/a info=0 distinct=300 | D_B=n/a cov=0.000 | refines=true | VoidWorkCount(0)
      BlindLabel Exact Ene coll=0 fire=0 D_A=n/a info=0 distinct=300 | D_B=n/a cov=0.000 | refines=true | VoidWorkCount(0)
      BlindLabel Poisson Occ coll=6852 fire=1788 D_A=0.260946 info=298 distinct=20 | D_B=0.156627 cov=0.553 | refines=true | NotClosed
         witnesses (listing capped at 10, count above is exact): (18,20) (18,24) (18,51)
      BlindLabel Poisson Mom coll=0 fire=0 D_A=n/a info=0 distinct=300 | D_B=n/a cov=0.000 | refines=true | VoidWorkCount(0)
      BlindLabel Poisson Ene coll=0 fire=0 D_A=n/a info=0 distinct=300 | D_B=n/a cov=0.000 | refines=true | VoidWorkCount(0)
      BlindLabel CellScale Occ coll=6852 fire=1788 D_A=0.260946 info=298 distinct=20 | D_B=0.156627 cov=0.553 | refines=true | NotClosed
      BlindLabel CellScale Mom coll=0 fire=0 D_A=n/a info=0 distinct=300 | D_B=n/a cov=0.000 | refines=true | VoidWorkCount(0)
      BlindLabel CellScale Ene coll=0 fire=0 D_A=n/a info=0 distinct=300 | D_B=n/a cov=0.000 | refines=true | VoidWorkCount(0)
      BlindIndex Exact Occ coll=44850 fire=0 D_A=0.000000 info=300 distinct=1 | D_B=0.000000 cov=1.000 | refines=true | VoidVacuous("no transport: the chart is frozen")
      BlindIndex Exact Mom coll=0 fire=0 D_A=n/a info=0 distinct=300 | D_B=n/a cov=0.000 | refines=true | VoidVacuous("no transport: the chart is frozen")
      BlindIndex Exact Ene coll=0 fire=0 D_A=n/a info=0 distinct=300 | D_B=n/a cov=0.000 | refines=true | VoidVacuous("no transport: the chart is frozen")
      BlindIndex Poisson Occ coll=44850 fire=0 D_A=0.000000 info=300 distinct=1 | D_B=0.000000 cov=1.000 | refines=true | VoidVacuous("no transport: the chart is frozen")
      BlindIndex Poisson Mom coll=0 fire=0 D_A=n/a info=0 distinct=300 | D_B=n/a cov=0.000 | refines=true | VoidVacuous("no transport: the chart is frozen")
      BlindIndex Poisson Ene coll=0 fire=0 D_A=n/a info=0 distinct=300 | D_B=n/a cov=0.000 | refines=true | VoidVacuous("no transport: the chart is frozen")
      BlindIndex CellScale Occ coll=44850 fire=0 D_A=0.000000 info=300 distinct=1 | D_B=0.000000 cov=1.000 | refines=true | VoidVacuous("no transport: the chart is frozen")
      BlindIndex CellScale Mom coll=0 fire=0 D_A=n/a info=0 distinct=300 | D_B=n/a cov=0.000 | refines=true | VoidVacuous("no transport: the chart is frozen")
      BlindIndex CellScale Ene coll=0 fire=0 D_A=n/a info=0 distinct=300 | D_B=n/a cov=0.000 | refines=true | VoidVacuous("no transport: the chart is frozen")
      GlobalRelabel Exact Occ coll=451 fire=331 D_A=0.733925 info=257 distinct=112 | D_B=1.000000 cov=0.067 | refines=true | NotClosed
      GlobalRelabel Exact Mom coll=0 fire=0 D_A=n/a info=0 distinct=300 | D_B=n/a cov=0.000 | refines=true | VoidWorkCount(0)
      GlobalRelabel Exact Ene coll=0 fire=0 D_A=n/a info=0 distinct=300 | D_B=n/a cov=0.000 | refines=true | VoidWorkCount(0)
      GlobalRelabel Poisson Occ coll=11569 fire=2985 D_A=0.258017 info=300 distinct=12 | D_B=0.154545 cov=0.733 | refines=true | NotClosed
         witnesses (listing capped at 10, count above is exact): (16,18) (16,29) (16,78)
      GlobalRelabel Poisson Mom coll=0 fire=0 D_A=n/a info=0 distinct=300 | D_B=n/a cov=0.000 | refines=true | VoidWorkCount(0)
      GlobalRelabel Poisson Ene coll=0 fire=0 D_A=n/a info=0 distinct=300 | D_B=n/a cov=0.000 | refines=true | VoidWorkCount(0)
      GlobalRelabel CellScale Occ coll=11569 fire=2985 D_A=0.258017 info=300 distinct=12 | D_B=0.154545 cov=0.733 | refines=true | NotClosed
      GlobalRelabel CellScale Mom coll=0 fire=0 D_A=n/a info=0 distinct=300 | D_B=n/a cov=0.000 | refines=true | VoidWorkCount(0)
      GlobalRelabel CellScale Ene coll=0 fire=0 D_A=n/a info=0 distinct=300 | D_B=n/a cov=0.000 | refines=true | VoidWorkCount(0)
   grid 2x2x2 cells=8 occ=16.000 fluct=0.113 transport=0.7700 dn=4.00  G2 admissible: NO
      Spatial Exact Occ coll=103 fire=80 D_A=0.776699 info=139 distinct=222 | D_B=n/a cov=0.000 | refines=true | VoidWorkCount(139)
      Spatial Exact Mom coll=0 fire=0 D_A=n/a info=0 distinct=300 | D_B=n/a cov=0.000 | refines=true | VoidWorkCount(0)
      Spatial Exact Ene coll=0 fire=0 D_A=n/a info=0 distinct=300 | D_B=n/a cov=0.000 | refines=true | VoidWorkCount(0)
      Spatial Poisson Occ coll=791 fire=484 D_A=0.611884 info=266 distinct=90 | D_B=0.771429 cov=0.233 | refines=true | NotClosed
         witnesses (listing capped at 10, count above is exact): (79,80) (160,162) (160,248)
      Spatial Poisson Mom coll=0 fire=0 D_A=n/a info=0 distinct=300 | D_B=n/a cov=0.000 | refines=true | VoidWorkCount(0)
      Spatial Poisson Ene coll=0 fire=0 D_A=n/a info=0 distinct=300 | D_B=n/a cov=0.000 | refines=true | VoidWorkCount(0)
      Spatial CellScale Occ coll=791 fire=484 D_A=0.611884 info=266 distinct=90 | D_B=0.771429 cov=0.233 | refines=true | NotClosed
      Spatial CellScale Mom coll=0 fire=0 D_A=n/a info=0 distinct=300 | D_B=n/a cov=0.000 | refines=true | VoidWorkCount(0)
      Spatial CellScale Ene coll=0 fire=0 D_A=n/a info=0 distinct=300 | D_B=n/a cov=0.000 | refines=true | VoidWorkCount(0)
      BlindLabel Exact Occ coll=102 fire=78 D_A=0.764706 info=133 distinct=224 | D_B=n/a cov=0.000 | refines=true | VoidWorkCount(133)
      BlindLabel Exact Mom coll=0 fire=0 D_A=n/a info=0 distinct=300 | D_B=n/a cov=0.000 | refines=true | VoidWorkCount(0)
      BlindLabel Exact Ene coll=0 fire=0 D_A=n/a info=0 distinct=300 | D_B=n/a cov=0.000 | refines=true | VoidWorkCount(0)
      BlindLabel Poisson Occ coll=932 fire=548 D_A=0.587983 info=281 distinct=80 | D_B=0.461538 cov=0.087 | refines=true | NotClosed
         witnesses (listing capped at 10, count above is exact): (13,19) (37,43) (40,41)
      BlindLabel Poisson Mom coll=0 fire=0 D_A=n/a info=0 distinct=300 | D_B=n/a cov=0.000 | refines=true | VoidWorkCount(0)
      BlindLabel Poisson Ene coll=0 fire=0 D_A=n/a info=0 distinct=300 | D_B=n/a cov=0.000 | refines=true | VoidWorkCount(0)
      BlindLabel CellScale Occ coll=932 fire=548 D_A=0.587983 info=281 distinct=80 | D_B=0.461538 cov=0.087 | refines=true | NotClosed
      BlindLabel CellScale Mom coll=0 fire=0 D_A=n/a info=0 distinct=300 | D_B=n/a cov=0.000 | refines=true | VoidWorkCount(0)
      BlindLabel CellScale Ene coll=0 fire=0 D_A=n/a info=0 distinct=300 | D_B=n/a cov=0.000 | refines=true | VoidWorkCount(0)
      BlindIndex Exact Occ coll=44850 fire=0 D_A=0.000000 info=300 distinct=1 | D_B=0.000000 cov=1.000 | refines=true | VoidVacuous("no transport: the chart is frozen")
      BlindIndex Exact Mom coll=0 fire=0 D_A=n/a info=0 distinct=300 | D_B=n/a cov=0.000 | refines=true | VoidVacuous("no transport: the chart is frozen")
      BlindIndex Exact Ene coll=0 fire=0 D_A=n/a info=0 distinct=300 | D_B=n/a cov=0.000 | refines=true | VoidVacuous("no transport: the chart is frozen")
      BlindIndex Poisson Occ coll=44850 fire=0 D_A=0.000000 info=300 distinct=1 | D_B=0.000000 cov=1.000 | refines=true | VoidVacuous("no transport: the chart is frozen")
      BlindIndex Poisson Mom coll=0 fire=0 D_A=n/a info=0 distinct=300 | D_B=n/a cov=0.000 | refines=true | VoidVacuous("no transport: the chart is frozen")
      BlindIndex Poisson Ene coll=0 fire=0 D_A=n/a info=0 distinct=300 | D_B=n/a cov=0.000 | refines=true | VoidVacuous("no transport: the chart is frozen")
      BlindIndex CellScale Occ coll=44850 fire=0 D_A=0.000000 info=300 distinct=1 | D_B=0.000000 cov=1.000 | refines=true | VoidVacuous("no transport: the chart is frozen")
      BlindIndex CellScale Mom coll=0 fire=0 D_A=n/a info=0 distinct=300 | D_B=n/a cov=0.000 | refines=true | VoidVacuous("no transport: the chart is frozen")
      BlindIndex CellScale Ene coll=0 fire=0 D_A=n/a info=0 distinct=300 | D_B=n/a cov=0.000 | refines=true | VoidVacuous("no transport: the chart is frozen")
      GlobalRelabel Exact Occ coll=103 fire=80 D_A=0.776699 info=139 distinct=222 | D_B=n/a cov=0.000 | refines=true | VoidWorkCount(139)
      GlobalRelabel Exact Mom coll=0 fire=0 D_A=n/a info=0 distinct=300 | D_B=n/a cov=0.000 | refines=true | VoidWorkCount(0)
      GlobalRelabel Exact Ene coll=0 fire=0 D_A=n/a info=0 distinct=300 | D_B=n/a cov=0.000 | refines=true | VoidWorkCount(0)
      GlobalRelabel Poisson Occ coll=791 fire=484 D_A=0.611884 info=266 distinct=90 | D_B=0.771429 cov=0.233 | refines=true | NotClosed
         witnesses (listing capped at 10, count above is exact): (96,98) (96,114) (98,114)
      GlobalRelabel Poisson Mom coll=0 fire=0 D_A=n/a info=0 distinct=300 | D_B=n/a cov=0.000 | refines=true | VoidWorkCount(0)
      GlobalRelabel Poisson Ene coll=0 fire=0 D_A=n/a info=0 distinct=300 | D_B=n/a cov=0.000 | refines=true | VoidWorkCount(0)
      GlobalRelabel CellScale Occ coll=791 fire=484 D_A=0.611884 info=266 distinct=90 | D_B=0.771429 cov=0.233 | refines=true | NotClosed
      GlobalRelabel CellScale Mom coll=0 fire=0 D_A=n/a info=0 distinct=300 | D_B=n/a cov=0.000 | refines=true | VoidWorkCount(0)
      GlobalRelabel CellScale Ene coll=0 fire=0 D_A=n/a info=0 distinct=300 | D_B=n/a cov=0.000 | refines=true | VoidWorkCount(0)
   grid 4x2x2 cells=16 occ=8.000 fluct=0.176 transport=0.8733 dn=2.83  G2 admissible: NO
      Spatial Exact Occ coll=47 fire=42 D_A=0.893617 info=74 distinct=260 | D_B=n/a cov=0.000 | refines=true | VoidWorkCount(74)
      Spatial Exact Mom coll=0 fire=0 D_A=n/a info=0 distinct=300 | D_B=n/a cov=0.000 | refines=true | VoidWorkCount(0)
      Spatial Exact Ene coll=0 fire=0 D_A=n/a info=0 distinct=300 | D_B=n/a cov=0.000 | refines=true | VoidWorkCount(0)
      Spatial Poisson Occ coll=293 fire=166 D_A=0.566553 info=194 distinct=172 | D_B=1.000000 cov=0.040 | refines=true | VoidWorkCount(194)
         witnesses (listing capped at 10, count above is exact): (16,17) (20,24) (32,34)
      Spatial Poisson Mom coll=0 fire=0 D_A=n/a info=0 distinct=300 | D_B=n/a cov=0.000 | refines=true | VoidWorkCount(0)
      Spatial Poisson Ene coll=0 fire=0 D_A=n/a info=0 distinct=300 | D_B=n/a cov=0.000 | refines=true | VoidWorkCount(0)
      Spatial CellScale Occ coll=293 fire=166 D_A=0.566553 info=194 distinct=172 | D_B=1.000000 cov=0.040 | refines=true | VoidWorkCount(194)
      Spatial CellScale Mom coll=0 fire=0 D_A=n/a info=0 distinct=300 | D_B=n/a cov=0.000 | refines=true | VoidWorkCount(0)
      Spatial CellScale Ene coll=0 fire=0 D_A=n/a info=0 distinct=300 | D_B=n/a cov=0.000 | refines=true | VoidWorkCount(0)
      BlindLabel Exact Occ coll=45 fire=40 D_A=0.888889 info=70 distinct=262 | D_B=n/a cov=0.000 | refines=true | VoidWorkCount(70)
      BlindLabel Exact Mom coll=0 fire=0 D_A=n/a info=0 distinct=300 | D_B=n/a cov=0.000 | refines=true | VoidWorkCount(0)
      BlindLabel Exact Ene coll=0 fire=0 D_A=n/a info=0 distinct=300 | D_B=n/a cov=0.000 | refines=true | VoidWorkCount(0)
      BlindLabel Poisson Occ coll=184 fire=134 D_A=0.728261 info=182 distinct=186 | D_B=n/a cov=0.000 | refines=true | VoidWorkCount(182)
         witnesses (listing capped at 10, count above is exact): (13,14) (44,46) (177,179)
      BlindLabel Poisson Mom coll=0 fire=0 D_A=n/a info=0 distinct=300 | D_B=n/a cov=0.000 | refines=true | VoidWorkCount(0)
      BlindLabel Poisson Ene coll=0 fire=0 D_A=n/a info=0 distinct=300 | D_B=n/a cov=0.000 | refines=true | VoidWorkCount(0)
      BlindLabel CellScale Occ coll=184 fire=134 D_A=0.728261 info=182 distinct=186 | D_B=n/a cov=0.000 | refines=true | VoidWorkCount(182)
      BlindLabel CellScale Mom coll=0 fire=0 D_A=n/a info=0 distinct=300 | D_B=n/a cov=0.000 | refines=true | VoidWorkCount(0)
      BlindLabel CellScale Ene coll=0 fire=0 D_A=n/a info=0 distinct=300 | D_B=n/a cov=0.000 | refines=true | VoidWorkCount(0)
      BlindIndex Exact Occ coll=44850 fire=0 D_A=0.000000 info=300 distinct=1 | D_B=0.000000 cov=1.000 | refines=true | VoidVacuous("no transport: the chart is frozen")
      BlindIndex Exact Mom coll=0 fire=0 D_A=n/a info=0 distinct=300 | D_B=n/a cov=0.000 | refines=true | VoidVacuous("no transport: the chart is frozen")
      BlindIndex Exact Ene coll=0 fire=0 D_A=n/a info=0 distinct=300 | D_B=n/a cov=0.000 | refines=true | VoidVacuous("no transport: the chart is frozen")
      BlindIndex Poisson Occ coll=44850 fire=0 D_A=0.000000 info=300 distinct=1 | D_B=0.000000 cov=1.000 | refines=true | VoidVacuous("no transport: the chart is frozen")
      BlindIndex Poisson Mom coll=0 fire=0 D_A=n/a info=0 distinct=300 | D_B=n/a cov=0.000 | refines=true | VoidVacuous("no transport: the chart is frozen")
      BlindIndex Poisson Ene coll=0 fire=0 D_A=n/a info=0 distinct=300 | D_B=n/a cov=0.000 | refines=true | VoidVacuous("no transport: the chart is frozen")
      BlindIndex CellScale Occ coll=44850 fire=0 D_A=0.000000 info=300 distinct=1 | D_B=0.000000 cov=1.000 | refines=true | VoidVacuous("no transport: the chart is frozen")
      BlindIndex CellScale Mom coll=0 fire=0 D_A=n/a info=0 distinct=300 | D_B=n/a cov=0.000 | refines=true | VoidVacuous("no transport: the chart is frozen")
      BlindIndex CellScale Ene coll=0 fire=0 D_A=n/a info=0 distinct=300 | D_B=n/a cov=0.000 | refines=true | VoidVacuous("no transport: the chart is frozen")
      GlobalRelabel Exact Occ coll=47 fire=42 D_A=0.893617 info=74 distinct=260 | D_B=n/a cov=0.000 | refines=true | VoidWorkCount(74)
      GlobalRelabel Exact Mom coll=0 fire=0 D_A=n/a info=0 distinct=300 | D_B=n/a cov=0.000 | refines=true | VoidWorkCount(0)
      GlobalRelabel Exact Ene coll=0 fire=0 D_A=n/a info=0 distinct=300 | D_B=n/a cov=0.000 | refines=true | VoidWorkCount(0)
      GlobalRelabel Poisson Occ coll=293 fire=166 D_A=0.566553 info=194 distinct=172 | D_B=1.000000 cov=0.040 | refines=true | VoidWorkCount(194)
         witnesses (listing capped at 10, count above is exact): (10,12) (55,57) (58,59)
      GlobalRelabel Poisson Mom coll=0 fire=0 D_A=n/a info=0 distinct=300 | D_B=n/a cov=0.000 | refines=true | VoidWorkCount(0)
      GlobalRelabel Poisson Ene coll=0 fire=0 D_A=n/a info=0 distinct=300 | D_B=n/a cov=0.000 | refines=true | VoidWorkCount(0)
      GlobalRelabel CellScale Occ coll=293 fire=166 D_A=0.566553 info=194 distinct=172 | D_B=1.000000 cov=0.040 | refines=true | VoidWorkCount(194)
      GlobalRelabel CellScale Mom coll=0 fire=0 D_A=n/a info=0 distinct=300 | D_B=n/a cov=0.000 | refines=true | VoidWorkCount(0)
      GlobalRelabel CellScale Ene coll=0 fire=0 D_A=n/a info=0 distinct=300 | D_B=n/a cov=0.000 | refines=true | VoidWorkCount(0)
   grid 4x4x2 cells=32 occ=4.000 fluct=0.265 transport=0.9167 dn=2.00  G2 admissible: NO
      Spatial Exact Occ coll=27 fire=26 D_A=0.962963 info=48 distinct=275 | D_B=n/a cov=0.000 | refines=true | VoidWorkCount(48)
      Spatial Exact Mom coll=0 fire=0 D_A=n/a info=0 distinct=300 | D_B=n/a cov=0.000 | refines=true | VoidWorkCount(0)
      Spatial Exact Ene coll=0 fire=0 D_A=n/a info=0 distinct=300 | D_B=n/a cov=0.000 | refines=true | VoidWorkCount(0)
      Spatial Poisson Occ coll=60 fire=51 D_A=0.850000 info=87 distinct=251 | D_B=n/a cov=0.000 | refines=true | VoidWorkCount(87)
         witnesses (listing capped at 10, count above is exact): (49,50) (69,71) (84,86)
      Spatial Poisson Mom coll=0 fire=0 D_A=n/a info=0 distinct=300 | D_B=n/a cov=0.000 | refines=true | VoidWorkCount(0)
      Spatial Poisson Ene coll=0 fire=0 D_A=n/a info=0 distinct=300 | D_B=n/a cov=0.000 | refines=true | VoidWorkCount(0)
      Spatial CellScale Occ coll=60 fire=51 D_A=0.850000 info=87 distinct=251 | D_B=n/a cov=0.000 | refines=true | VoidWorkCount(87)
      Spatial CellScale Mom coll=0 fire=0 D_A=n/a info=0 distinct=300 | D_B=n/a cov=0.000 | refines=true | VoidWorkCount(0)
      Spatial CellScale Ene coll=0 fire=0 D_A=n/a info=0 distinct=300 | D_B=n/a cov=0.000 | refines=true | VoidWorkCount(0)
      BlindLabel Exact Occ coll=27 fire=26 D_A=0.962963 info=48 distinct=275 | D_B=n/a cov=0.000 | refines=true | VoidWorkCount(48)
      BlindLabel Exact Mom coll=0 fire=0 D_A=n/a info=0 distinct=300 | D_B=n/a cov=0.000 | refines=true | VoidWorkCount(0)
      BlindLabel Exact Ene coll=0 fire=0 D_A=n/a info=0 distinct=300 | D_B=n/a cov=0.000 | refines=true | VoidWorkCount(0)
      BlindLabel Poisson Occ coll=59 fire=51 D_A=0.864407 info=87 distinct=252 | D_B=n/a cov=0.000 | refines=true | VoidWorkCount(87)
         witnesses (listing capped at 10, count above is exact): (0,1) (3,4) (32,33)
      BlindLabel Poisson Mom coll=0 fire=0 D_A=n/a info=0 distinct=300 | D_B=n/a cov=0.000 | refines=true | VoidWorkCount(0)
      BlindLabel Poisson Ene coll=0 fire=0 D_A=n/a info=0 distinct=300 | D_B=n/a cov=0.000 | refines=true | VoidWorkCount(0)
      BlindLabel CellScale Occ coll=59 fire=51 D_A=0.864407 info=87 distinct=252 | D_B=n/a cov=0.000 | refines=true | VoidWorkCount(87)
      BlindLabel CellScale Mom coll=0 fire=0 D_A=n/a info=0 distinct=300 | D_B=n/a cov=0.000 | refines=true | VoidWorkCount(0)
      BlindLabel CellScale Ene coll=0 fire=0 D_A=n/a info=0 distinct=300 | D_B=n/a cov=0.000 | refines=true | VoidWorkCount(0)
      BlindIndex Exact Occ coll=44850 fire=0 D_A=0.000000 info=300 distinct=1 | D_B=0.000000 cov=1.000 | refines=true | VoidVacuous("no transport: the chart is frozen")
      BlindIndex Exact Mom coll=0 fire=0 D_A=n/a info=0 distinct=300 | D_B=n/a cov=0.000 | refines=true | VoidVacuous("no transport: the chart is frozen")
      BlindIndex Exact Ene coll=0 fire=0 D_A=n/a info=0 distinct=300 | D_B=n/a cov=0.000 | refines=true | VoidVacuous("no transport: the chart is frozen")
      BlindIndex Poisson Occ coll=44850 fire=0 D_A=0.000000 info=300 distinct=1 | D_B=0.000000 cov=1.000 | refines=true | VoidVacuous("no transport: the chart is frozen")
      BlindIndex Poisson Mom coll=0 fire=0 D_A=n/a info=0 distinct=300 | D_B=n/a cov=0.000 | refines=true | VoidVacuous("no transport: the chart is frozen")
      BlindIndex Poisson Ene coll=0 fire=0 D_A=n/a info=0 distinct=300 | D_B=n/a cov=0.000 | refines=true | VoidVacuous("no transport: the chart is frozen")
      BlindIndex CellScale Occ coll=44850 fire=0 D_A=0.000000 info=300 distinct=1 | D_B=0.000000 cov=1.000 | refines=true | VoidVacuous("no transport: the chart is frozen")
      BlindIndex CellScale Mom coll=0 fire=0 D_A=n/a info=0 distinct=300 | D_B=n/a cov=0.000 | refines=true | VoidVacuous("no transport: the chart is frozen")
      BlindIndex CellScale Ene coll=0 fire=0 D_A=n/a info=0 distinct=300 | D_B=n/a cov=0.000 | refines=true | VoidVacuous("no transport: the chart is frozen")
      GlobalRelabel Exact Occ coll=27 fire=26 D_A=0.962963 info=48 distinct=275 | D_B=n/a cov=0.000 | refines=true | VoidWorkCount(48)
      GlobalRelabel Exact Mom coll=0 fire=0 D_A=n/a info=0 distinct=300 | D_B=n/a cov=0.000 | refines=true | VoidWorkCount(0)
      GlobalRelabel Exact Ene coll=0 fire=0 D_A=n/a info=0 distinct=300 | D_B=n/a cov=0.000 | refines=true | VoidWorkCount(0)
      GlobalRelabel Poisson Occ coll=60 fire=51 D_A=0.850000 info=87 distinct=251 | D_B=n/a cov=0.000 | refines=true | VoidWorkCount(87)
         witnesses (listing capped at 10, count above is exact): (49,50) (53,54) (84,86)
      GlobalRelabel Poisson Mom coll=0 fire=0 D_A=n/a info=0 distinct=300 | D_B=n/a cov=0.000 | refines=true | VoidWorkCount(0)
      GlobalRelabel Poisson Ene coll=0 fire=0 D_A=n/a info=0 distinct=300 | D_B=n/a cov=0.000 | refines=true | VoidWorkCount(0)
      GlobalRelabel CellScale Occ coll=60 fire=51 D_A=0.850000 info=87 distinct=251 | D_B=n/a cov=0.000 | refines=true | VoidWorkCount(87)
      GlobalRelabel CellScale Mom coll=0 fire=0 D_A=n/a info=0 distinct=300 | D_B=n/a cov=0.000 | refines=true | VoidWorkCount(0)
      GlobalRelabel CellScale Ene coll=0 fire=0 D_A=n/a info=0 distinct=300 | D_B=n/a cov=0.000 | refines=true | VoidWorkCount(0)
   grid 4x4x4 cells=64 occ=2.000 fluct=0.405 transport=0.9467 dn=1.41  G2 admissible: NO
      Spatial Exact Occ coll=16 fire=15 D_A=0.937500 info=29 distinct=285 | D_B=n/a cov=0.000 | refines=true | VoidWorkCount(29)
      Spatial Exact Mom coll=0 fire=0 D_A=n/a info=0 distinct=300 | D_B=n/a cov=0.000 | refines=true | VoidWorkCount(0)
      Spatial Exact Ene coll=0 fire=0 D_A=n/a info=0 distinct=300 | D_B=n/a cov=0.000 | refines=true | VoidWorkCount(0)
      Spatial Poisson Occ coll=18 fire=17 D_A=0.944444 info=33 distinct=283 | D_B=n/a cov=0.000 | refines=true | VoidWorkCount(33)
         witnesses (listing capped at 10, count above is exact): (10,12) (55,56) (58,59)
      Spatial Poisson Mom coll=0 fire=0 D_A=n/a info=0 distinct=300 | D_B=n/a cov=0.000 | refines=true | VoidWorkCount(0)
      Spatial Poisson Ene coll=0 fire=0 D_A=n/a info=0 distinct=300 | D_B=n/a cov=0.000 | refines=true | VoidWorkCount(0)
      Spatial CellScale Occ coll=18 fire=17 D_A=0.944444 info=33 distinct=283 | D_B=n/a cov=0.000 | refines=true | VoidWorkCount(33)
      Spatial CellScale Mom coll=0 fire=0 D_A=n/a info=0 distinct=300 | D_B=n/a cov=0.000 | refines=true | VoidWorkCount(0)
      Spatial CellScale Ene coll=0 fire=0 D_A=n/a info=0 distinct=300 | D_B=n/a cov=0.000 | refines=true | VoidWorkCount(0)
      BlindLabel Exact Occ coll=16 fire=15 D_A=0.937500 info=29 distinct=285 | D_B=n/a cov=0.000 | refines=true | VoidWorkCount(29)
      BlindLabel Exact Mom coll=0 fire=0 D_A=n/a info=0 distinct=300 | D_B=n/a cov=0.000 | refines=true | VoidWorkCount(0)
      BlindLabel Exact Ene coll=0 fire=0 D_A=n/a info=0 distinct=300 | D_B=n/a cov=0.000 | refines=true | VoidWorkCount(0)
      BlindLabel Poisson Occ coll=26 fire=24 D_A=0.923077 info=46 distinct=276 | D_B=n/a cov=0.000 | refines=true | VoidWorkCount(46)
         witnesses (listing capped at 10, count above is exact): (55,56) (58,59) (69,70)
      BlindLabel Poisson Mom coll=0 fire=0 D_A=n/a info=0 distinct=300 | D_B=n/a cov=0.000 | refines=true | VoidWorkCount(0)
      BlindLabel Poisson Ene coll=0 fire=0 D_A=n/a info=0 distinct=300 | D_B=n/a cov=0.000 | refines=true | VoidWorkCount(0)
      BlindLabel CellScale Occ coll=26 fire=24 D_A=0.923077 info=46 distinct=276 | D_B=n/a cov=0.000 | refines=true | VoidWorkCount(46)
      BlindLabel CellScale Mom coll=0 fire=0 D_A=n/a info=0 distinct=300 | D_B=n/a cov=0.000 | refines=true | VoidWorkCount(0)
      BlindLabel CellScale Ene coll=0 fire=0 D_A=n/a info=0 distinct=300 | D_B=n/a cov=0.000 | refines=true | VoidWorkCount(0)
      BlindIndex Exact Occ coll=44850 fire=0 D_A=0.000000 info=300 distinct=1 | D_B=0.000000 cov=1.000 | refines=true | VoidVacuous("no transport: the chart is frozen")
      BlindIndex Exact Mom coll=0 fire=0 D_A=n/a info=0 distinct=300 | D_B=n/a cov=0.000 | refines=true | VoidVacuous("no transport: the chart is frozen")
      BlindIndex Exact Ene coll=0 fire=0 D_A=n/a info=0 distinct=300 | D_B=n/a cov=0.000 | refines=true | VoidVacuous("no transport: the chart is frozen")
      BlindIndex Poisson Occ coll=44850 fire=0 D_A=0.000000 info=300 distinct=1 | D_B=0.000000 cov=1.000 | refines=true | VoidVacuous("no transport: the chart is frozen")
      BlindIndex Poisson Mom coll=0 fire=0 D_A=n/a info=0 distinct=300 | D_B=n/a cov=0.000 | refines=true | VoidVacuous("no transport: the chart is frozen")
      BlindIndex Poisson Ene coll=0 fire=0 D_A=n/a info=0 distinct=300 | D_B=n/a cov=0.000 | refines=true | VoidVacuous("no transport: the chart is frozen")
      BlindIndex CellScale Occ coll=44850 fire=0 D_A=0.000000 info=300 distinct=1 | D_B=0.000000 cov=1.000 | refines=true | VoidVacuous("no transport: the chart is frozen")
      BlindIndex CellScale Mom coll=0 fire=0 D_A=n/a info=0 distinct=300 | D_B=n/a cov=0.000 | refines=true | VoidVacuous("no transport: the chart is frozen")
      BlindIndex CellScale Ene coll=0 fire=0 D_A=n/a info=0 distinct=300 | D_B=n/a cov=0.000 | refines=true | VoidVacuous("no transport: the chart is frozen")
      GlobalRelabel Exact Occ coll=16 fire=15 D_A=0.937500 info=29 distinct=285 | D_B=n/a cov=0.000 | refines=true | VoidWorkCount(29)
      GlobalRelabel Exact Mom coll=0 fire=0 D_A=n/a info=0 distinct=300 | D_B=n/a cov=0.000 | refines=true | VoidWorkCount(0)
      GlobalRelabel Exact Ene coll=0 fire=0 D_A=n/a info=0 distinct=300 | D_B=n/a cov=0.000 | refines=true | VoidWorkCount(0)
      GlobalRelabel Poisson Occ coll=18 fire=17 D_A=0.944444 info=33 distinct=283 | D_B=n/a cov=0.000 | refines=true | VoidWorkCount(33)
         witnesses (listing capped at 10, count above is exact): (10,12) (55,56) (58,59)
      GlobalRelabel Poisson Mom coll=0 fire=0 D_A=n/a info=0 distinct=300 | D_B=n/a cov=0.000 | refines=true | VoidWorkCount(0)
      GlobalRelabel Poisson Ene coll=0 fire=0 D_A=n/a info=0 distinct=300 | D_B=n/a cov=0.000 | refines=true | VoidWorkCount(0)
      GlobalRelabel CellScale Occ coll=18 fire=17 D_A=0.944444 info=33 distinct=283 | D_B=n/a cov=0.000 | refines=true | VoidWorkCount(33)
      GlobalRelabel CellScale Mom coll=0 fire=0 D_A=n/a info=0 distinct=300 | D_B=n/a cov=0.000 | refines=true | VoidWorkCount(0)
      GlobalRelabel CellScale Ene coll=0 fire=0 D_A=n/a info=0 distinct=300 | D_B=n/a cov=0.000 | refines=true | VoidWorkCount(0)
   grid 8x4x4 cells=128 occ=1.000 fluct=0.681 transport=0.9867 dn=1.00  G2 admissible: NO
      Spatial Exact Occ coll=3 fire=3 D_A=1.000000 info=6 distinct=297 | D_B=n/a cov=0.000 | refines=true | VoidWorkCount(6)
      Spatial Exact Mom coll=0 fire=0 D_A=n/a info=0 distinct=300 | D_B=n/a cov=0.000 | refines=true | VoidWorkCount(0)
      Spatial Exact Ene coll=0 fire=0 D_A=n/a info=0 distinct=300 | D_B=n/a cov=0.000 | refines=true | VoidWorkCount(0)
      Spatial Poisson Occ coll=3 fire=3 D_A=1.000000 info=6 distinct=297 | D_B=n/a cov=0.000 | refines=true | VoidWorkCount(6)
         witnesses (listing capped at 10, count above is exact): (117,118) (177,178) (283,284)
      Spatial Poisson Mom coll=0 fire=0 D_A=n/a info=0 distinct=300 | D_B=n/a cov=0.000 | refines=true | VoidWorkCount(0)
      Spatial Poisson Ene coll=0 fire=0 D_A=n/a info=0 distinct=300 | D_B=n/a cov=0.000 | refines=true | VoidWorkCount(0)
      Spatial CellScale Occ coll=3 fire=3 D_A=1.000000 info=6 distinct=297 | D_B=n/a cov=0.000 | refines=true | VoidWorkCount(6)
      Spatial CellScale Mom coll=0 fire=0 D_A=n/a info=0 distinct=300 | D_B=n/a cov=0.000 | refines=true | VoidWorkCount(0)
      Spatial CellScale Ene coll=0 fire=0 D_A=n/a info=0 distinct=300 | D_B=n/a cov=0.000 | refines=true | VoidWorkCount(0)
      BlindLabel Exact Occ coll=3 fire=3 D_A=1.000000 info=6 distinct=297 | D_B=n/a cov=0.000 | refines=true | VoidWorkCount(6)
      BlindLabel Exact Mom coll=0 fire=0 D_A=n/a info=0 distinct=300 | D_B=n/a cov=0.000 | refines=true | VoidWorkCount(0)
      BlindLabel Exact Ene coll=0 fire=0 D_A=n/a info=0 distinct=300 | D_B=n/a cov=0.000 | refines=true | VoidWorkCount(0)
      BlindLabel Poisson Occ coll=3 fire=3 D_A=1.000000 info=6 distinct=297 | D_B=n/a cov=0.000 | refines=true | VoidWorkCount(6)
         witnesses (listing capped at 10, count above is exact): (117,118) (177,178) (283,284)
      BlindLabel Poisson Mom coll=0 fire=0 D_A=n/a info=0 distinct=300 | D_B=n/a cov=0.000 | refines=true | VoidWorkCount(0)
      BlindLabel Poisson Ene coll=0 fire=0 D_A=n/a info=0 distinct=300 | D_B=n/a cov=0.000 | refines=true | VoidWorkCount(0)
      BlindLabel CellScale Occ coll=3 fire=3 D_A=1.000000 info=6 distinct=297 | D_B=n/a cov=0.000 | refines=true | VoidWorkCount(6)
      BlindLabel CellScale Mom coll=0 fire=0 D_A=n/a info=0 distinct=300 | D_B=n/a cov=0.000 | refines=true | VoidWorkCount(0)
      BlindLabel CellScale Ene coll=0 fire=0 D_A=n/a info=0 distinct=300 | D_B=n/a cov=0.000 | refines=true | VoidWorkCount(0)
      BlindIndex Exact Occ coll=44850 fire=0 D_A=0.000000 info=300 distinct=1 | D_B=0.000000 cov=1.000 | refines=true | VoidVacuous("no transport: the chart is frozen")
      BlindIndex Exact Mom coll=0 fire=0 D_A=n/a info=0 distinct=300 | D_B=n/a cov=0.000 | refines=true | VoidVacuous("no transport: the chart is frozen")
      BlindIndex Exact Ene coll=0 fire=0 D_A=n/a info=0 distinct=300 | D_B=n/a cov=0.000 | refines=true | VoidVacuous("no transport: the chart is frozen")
      BlindIndex Poisson Occ coll=44850 fire=0 D_A=0.000000 info=300 distinct=1 | D_B=0.000000 cov=1.000 | refines=true | VoidVacuous("no transport: the chart is frozen")
      BlindIndex Poisson Mom coll=0 fire=0 D_A=n/a info=0 distinct=300 | D_B=n/a cov=0.000 | refines=true | VoidVacuous("no transport: the chart is frozen")
      BlindIndex Poisson Ene coll=0 fire=0 D_A=n/a info=0 distinct=300 | D_B=n/a cov=0.000 | refines=true | VoidVacuous("no transport: the chart is frozen")
      BlindIndex CellScale Occ coll=44850 fire=0 D_A=0.000000 info=300 distinct=1 | D_B=0.000000 cov=1.000 | refines=true | VoidVacuous("no transport: the chart is frozen")
      BlindIndex CellScale Mom coll=0 fire=0 D_A=n/a info=0 distinct=300 | D_B=n/a cov=0.000 | refines=true | VoidVacuous("no transport: the chart is frozen")
      BlindIndex CellScale Ene coll=0 fire=0 D_A=n/a info=0 distinct=300 | D_B=n/a cov=0.000 | refines=true | VoidVacuous("no transport: the chart is frozen")
      GlobalRelabel Exact Occ coll=3 fire=3 D_A=1.000000 info=6 distinct=297 | D_B=n/a cov=0.000 | refines=true | VoidWorkCount(6)
      GlobalRelabel Exact Mom coll=0 fire=0 D_A=n/a info=0 distinct=300 | D_B=n/a cov=0.000 | refines=true | VoidWorkCount(0)
      GlobalRelabel Exact Ene coll=0 fire=0 D_A=n/a info=0 distinct=300 | D_B=n/a cov=0.000 | refines=true | VoidWorkCount(0)
      GlobalRelabel Poisson Occ coll=3 fire=3 D_A=1.000000 info=6 distinct=297 | D_B=n/a cov=0.000 | refines=true | VoidWorkCount(6)
         witnesses (listing capped at 10, count above is exact): (117,118) (177,178) (283,284)
      GlobalRelabel Poisson Mom coll=0 fire=0 D_A=n/a info=0 distinct=300 | D_B=n/a cov=0.000 | refines=true | VoidWorkCount(0)
      GlobalRelabel Poisson Ene coll=0 fire=0 D_A=n/a info=0 distinct=300 | D_B=n/a cov=0.000 | refines=true | VoidWorkCount(0)
      GlobalRelabel CellScale Occ coll=3 fire=3 D_A=1.000000 info=6 distinct=297 | D_B=n/a cov=0.000 | refines=true | VoidWorkCount(6)
      GlobalRelabel CellScale Mom coll=0 fire=0 D_A=n/a info=0 distinct=300 | D_B=n/a cov=0.000 | refines=true | VoidWorkCount(0)
      GlobalRelabel CellScale Ene coll=0 fire=0 D_A=n/a info=0 distinct=300 | D_B=n/a cov=0.000 | refines=true | VoidWorkCount(0)

-- seed 0x5245504c41434531  n=128 dims=3 frames=301 box=29.6x29.6 species=[8]
   G9a species/arity constant: true
   G9b |p| first=3.319810e1 last=4.608148e1   G9c Ek first=2.178475e-1 last=2.200030e-1  [ledger leg UNDISCHARGED: the dump carries no forces]
   amendment 1: ladder of 8 grids derived from N=128 dims=3: 1x1x1 2x1x1 2x2x1 2x2x2 4x2x2 4x4x2 4x4x4 8x4x4
   grid 1x1x1 cells=1 occ=128.000 fluct=0.000 transport=0.0000 dn=11.31  G2 admissible: NO
      Spatial Exact Occ coll=44850 fire=0 D_A=0.000000 info=300 distinct=1 | D_B=0.000000 cov=1.000 | refines=true | VoidVacuous("fewer than 2 cells: the fields are the invariants")
      Spatial Exact Mom coll=17 fire=17 D_A=1.000000 info=34 distinct=283 | D_B=1.000000 cov=0.040 | refines=true | VoidVacuous("fewer than 2 cells: the fields are the invariants")
      Spatial Exact Ene coll=0 fire=0 D_A=n/a info=0 distinct=300 | D_B=n/a cov=0.000 | refines=true | VoidVacuous("fewer than 2 cells: the fields are the invariants")
      Spatial Poisson Occ coll=44850 fire=0 D_A=0.000000 info=300 distinct=1 | D_B=0.000000 cov=1.000 | refines=true | VoidVacuous("fewer than 2 cells: the fields are the invariants")
      Spatial Poisson Mom coll=17 fire=17 D_A=1.000000 info=34 distinct=283 | D_B=1.000000 cov=0.040 | refines=true | VoidVacuous("fewer than 2 cells: the fields are the invariants")
      Spatial Poisson Ene coll=0 fire=0 D_A=n/a info=0 distinct=300 | D_B=n/a cov=0.000 | refines=true | VoidVacuous("fewer than 2 cells: the fields are the invariants")
      Spatial CellScale Occ coll=44850 fire=0 D_A=0.000000 info=300 distinct=1 | D_B=0.000000 cov=1.000 | refines=true | VoidVacuous("fewer than 2 cells: the fields are the invariants")
      Spatial CellScale Mom coll=2233 fire=2092 D_A=0.936856 info=290 distinct=41 | D_B=0.888060 cov=0.893 | refines=true | VoidVacuous("fewer than 2 cells: the fields are the invariants")
      Spatial CellScale Ene coll=471 fire=466 D_A=0.989384 info=222 distinct=138 | D_B=0.978022 cov=0.607 | refines=true | VoidVacuous("fewer than 2 cells: the fields are the invariants")
      BlindLabel Exact Occ coll=44850 fire=0 D_A=0.000000 info=300 distinct=1 | D_B=0.000000 cov=1.000 | refines=true | VoidVacuous("fewer than 2 cells: the fields are the invariants")
      BlindLabel Exact Mom coll=17 fire=17 D_A=1.000000 info=34 distinct=283 | D_B=1.000000 cov=0.040 | refines=true | VoidVacuous("fewer than 2 cells: the fields are the invariants")
      BlindLabel Exact Ene coll=0 fire=0 D_A=n/a info=0 distinct=300 | D_B=n/a cov=0.000 | refines=true | VoidVacuous("fewer than 2 cells: the fields are the invariants")
      BlindLabel Poisson Occ coll=44850 fire=0 D_A=0.000000 info=300 distinct=1 | D_B=0.000000 cov=1.000 | refines=true | VoidVacuous("fewer than 2 cells: the fields are the invariants")
      BlindLabel Poisson Mom coll=17 fire=17 D_A=1.000000 info=34 distinct=283 | D_B=1.000000 cov=0.040 | refines=true | VoidVacuous("fewer than 2 cells: the fields are the invariants")
      BlindLabel Poisson Ene coll=0 fire=0 D_A=n/a info=0 distinct=300 | D_B=n/a cov=0.000 | refines=true | VoidVacuous("fewer than 2 cells: the fields are the invariants")
      BlindLabel CellScale Occ coll=44850 fire=0 D_A=0.000000 info=300 distinct=1 | D_B=0.000000 cov=1.000 | refines=true | VoidVacuous("fewer than 2 cells: the fields are the invariants")
      BlindLabel CellScale Mom coll=2233 fire=2092 D_A=0.936856 info=290 distinct=41 | D_B=0.888060 cov=0.893 | refines=true | VoidVacuous("fewer than 2 cells: the fields are the invariants")
      BlindLabel CellScale Ene coll=471 fire=466 D_A=0.989384 info=222 distinct=138 | D_B=0.978022 cov=0.607 | refines=true | VoidVacuous("fewer than 2 cells: the fields are the invariants")
      BlindIndex Exact Occ coll=44850 fire=0 D_A=0.000000 info=300 distinct=1 | D_B=0.000000 cov=1.000 | refines=true | VoidVacuous("fewer than 2 cells: the fields are the invariants")
      BlindIndex Exact Mom coll=17 fire=17 D_A=1.000000 info=34 distinct=283 | D_B=1.000000 cov=0.040 | refines=true | VoidVacuous("fewer than 2 cells: the fields are the invariants")
      BlindIndex Exact Ene coll=0 fire=0 D_A=n/a info=0 distinct=300 | D_B=n/a cov=0.000 | refines=true | VoidVacuous("fewer than 2 cells: the fields are the invariants")
      BlindIndex Poisson Occ coll=44850 fire=0 D_A=0.000000 info=300 distinct=1 | D_B=0.000000 cov=1.000 | refines=true | VoidVacuous("fewer than 2 cells: the fields are the invariants")
      BlindIndex Poisson Mom coll=17 fire=17 D_A=1.000000 info=34 distinct=283 | D_B=1.000000 cov=0.040 | refines=true | VoidVacuous("fewer than 2 cells: the fields are the invariants")
      BlindIndex Poisson Ene coll=0 fire=0 D_A=n/a info=0 distinct=300 | D_B=n/a cov=0.000 | refines=true | VoidVacuous("fewer than 2 cells: the fields are the invariants")
      BlindIndex CellScale Occ coll=44850 fire=0 D_A=0.000000 info=300 distinct=1 | D_B=0.000000 cov=1.000 | refines=true | VoidVacuous("fewer than 2 cells: the fields are the invariants")
      BlindIndex CellScale Mom coll=2233 fire=2092 D_A=0.936856 info=290 distinct=41 | D_B=0.888060 cov=0.893 | refines=true | VoidVacuous("fewer than 2 cells: the fields are the invariants")
      BlindIndex CellScale Ene coll=471 fire=466 D_A=0.989384 info=222 distinct=138 | D_B=0.978022 cov=0.607 | refines=true | VoidVacuous("fewer than 2 cells: the fields are the invariants")
      GlobalRelabel Exact Occ coll=44850 fire=0 D_A=0.000000 info=300 distinct=1 | D_B=0.000000 cov=1.000 | refines=true | VoidVacuous("fewer than 2 cells: the fields are the invariants")
      GlobalRelabel Exact Mom coll=17 fire=17 D_A=1.000000 info=34 distinct=283 | D_B=1.000000 cov=0.040 | refines=true | VoidVacuous("fewer than 2 cells: the fields are the invariants")
      GlobalRelabel Exact Ene coll=0 fire=0 D_A=n/a info=0 distinct=300 | D_B=n/a cov=0.000 | refines=true | VoidVacuous("fewer than 2 cells: the fields are the invariants")
      GlobalRelabel Poisson Occ coll=44850 fire=0 D_A=0.000000 info=300 distinct=1 | D_B=0.000000 cov=1.000 | refines=true | VoidVacuous("fewer than 2 cells: the fields are the invariants")
      GlobalRelabel Poisson Mom coll=17 fire=17 D_A=1.000000 info=34 distinct=283 | D_B=1.000000 cov=0.040 | refines=true | VoidVacuous("fewer than 2 cells: the fields are the invariants")
      GlobalRelabel Poisson Ene coll=0 fire=0 D_A=n/a info=0 distinct=300 | D_B=n/a cov=0.000 | refines=true | VoidVacuous("fewer than 2 cells: the fields are the invariants")
      GlobalRelabel CellScale Occ coll=44850 fire=0 D_A=0.000000 info=300 distinct=1 | D_B=0.000000 cov=1.000 | refines=true | VoidVacuous("fewer than 2 cells: the fields are the invariants")
      GlobalRelabel CellScale Mom coll=2233 fire=2092 D_A=0.936856 info=290 distinct=41 | D_B=0.888060 cov=0.893 | refines=true | VoidVacuous("fewer than 2 cells: the fields are the invariants")
      GlobalRelabel CellScale Ene coll=471 fire=466 D_A=0.989384 info=222 distinct=138 | D_B=0.978022 cov=0.607 | refines=true | VoidVacuous("fewer than 2 cells: the fields are the invariants")
   grid 2x1x1 cells=2 occ=64.000 fluct=0.034 transport=0.3833 dn=8.00  G2 admissible: NO
      Spatial Exact Occ coll=6975 fire=3528 D_A=0.505806 info=300 distinct=9 | D_B=0.441379 cov=0.967 | refines=true | NotClosed
      Spatial Exact Mom coll=0 fire=0 D_A=n/a info=0 distinct=300 | D_B=n/a cov=0.000 | refines=true | VoidWorkCount(0)
      Spatial Exact Ene coll=0 fire=0 D_A=n/a info=0 distinct=300 | D_B=n/a cov=0.000 | refines=true | VoidWorkCount(0)
      Spatial Poisson Occ coll=19557 fire=3277 D_A=0.167561 info=300 distinct=3 | D_B=0.113333 cov=1.000 | refines=true | NotClosed
         witnesses (listing capped at 10, count above is exact): (0,4) (0,18) (4,18)
      Spatial Poisson Mom coll=0 fire=0 D_A=n/a info=0 distinct=300 | D_B=n/a cov=0.000 | refines=true | VoidWorkCount(0)
      Spatial Poisson Ene coll=0 fire=0 D_A=n/a info=0 distinct=300 | D_B=n/a cov=0.000 | refines=true | VoidWorkCount(0)
      Spatial CellScale Occ coll=19557 fire=3277 D_A=0.167561 info=300 distinct=3 | D_B=0.113333 cov=1.000 | refines=true | NotClosed
      Spatial CellScale Mom coll=5 fire=5 D_A=1.000000 info=10 distinct=295 | D_B=1.000000 cov=0.020 | refines=true | VoidWorkCount(10)
      Spatial CellScale Ene coll=0 fire=0 D_A=n/a info=0 distinct=300 | D_B=n/a cov=0.000 | refines=true | VoidWorkCount(0)
      BlindLabel Exact Occ coll=4602 fire=2371 D_A=0.515211 info=300 distinct=13 | D_B=0.448819 cov=0.847 | refines=true | NotClosed
      BlindLabel Exact Mom coll=0 fire=0 D_A=n/a info=0 distinct=300 | D_B=n/a cov=0.000 | refines=true | VoidWorkCount(0)
      BlindLabel Exact Ene coll=0 fire=0 D_A=n/a info=0 distinct=300 | D_B=n/a cov=0.000 | refines=true | VoidWorkCount(0)
      BlindLabel Poisson Occ coll=26883 fire=2447 D_A=0.091024 info=300 distinct=4 | D_B=0.027027 cov=0.987 | refines=true | NotClosed
         witnesses (listing capped at 10, count above is exact): (0,22) (0,187) (22,187)
      BlindLabel Poisson Mom coll=0 fire=0 D_A=n/a info=0 distinct=300 | D_B=n/a cov=0.000 | refines=true | VoidWorkCount(0)
      BlindLabel Poisson Ene coll=0 fire=0 D_A=n/a info=0 distinct=300 | D_B=n/a cov=0.000 | refines=true | VoidWorkCount(0)
      BlindLabel CellScale Occ coll=26883 fire=2447 D_A=0.091024 info=300 distinct=4 | D_B=0.027027 cov=0.987 | refines=true | NotClosed
      BlindLabel CellScale Mom coll=8 fire=8 D_A=1.000000 info=16 distinct=292 | D_B=1.000000 cov=0.020 | refines=true | VoidWorkCount(16)
      BlindLabel CellScale Ene coll=1 fire=1 D_A=1.000000 info=2 distinct=299 | D_B=n/a cov=0.000 | refines=true | VoidWorkCount(2)
      BlindIndex Exact Occ coll=44850 fire=0 D_A=0.000000 info=300 distinct=1 | D_B=0.000000 cov=1.000 | refines=true | VoidVacuous("no transport: the chart is frozen")
      BlindIndex Exact Mom coll=0 fire=0 D_A=n/a info=0 distinct=300 | D_B=n/a cov=0.000 | refines=true | VoidVacuous("no transport: the chart is frozen")
      BlindIndex Exact Ene coll=0 fire=0 D_A=n/a info=0 distinct=300 | D_B=n/a cov=0.000 | refines=true | VoidVacuous("no transport: the chart is frozen")
      BlindIndex Poisson Occ coll=44850 fire=0 D_A=0.000000 info=300 distinct=1 | D_B=0.000000 cov=1.000 | refines=true | VoidVacuous("no transport: the chart is frozen")
      BlindIndex Poisson Mom coll=0 fire=0 D_A=n/a info=0 distinct=300 | D_B=n/a cov=0.000 | refines=true | VoidVacuous("no transport: the chart is frozen")
      BlindIndex Poisson Ene coll=0 fire=0 D_A=n/a info=0 distinct=300 | D_B=n/a cov=0.000 | refines=true | VoidVacuous("no transport: the chart is frozen")
      BlindIndex CellScale Occ coll=44850 fire=0 D_A=0.000000 info=300 distinct=1 | D_B=0.000000 cov=1.000 | refines=true | VoidVacuous("no transport: the chart is frozen")
      BlindIndex CellScale Mom coll=9 fire=9 D_A=1.000000 info=18 distinct=291 | D_B=1.000000 cov=0.020 | refines=true | VoidVacuous("no transport: the chart is frozen")
      BlindIndex CellScale Ene coll=0 fire=0 D_A=n/a info=0 distinct=300 | D_B=n/a cov=0.000 | refines=true | VoidVacuous("no transport: the chart is frozen")
      GlobalRelabel Exact Occ coll=6975 fire=3528 D_A=0.505806 info=300 distinct=9 | D_B=0.441379 cov=0.967 | refines=true | NotClosed
      GlobalRelabel Exact Mom coll=0 fire=0 D_A=n/a info=0 distinct=300 | D_B=n/a cov=0.000 | refines=true | VoidWorkCount(0)
      GlobalRelabel Exact Ene coll=0 fire=0 D_A=n/a info=0 distinct=300 | D_B=n/a cov=0.000 | refines=true | VoidWorkCount(0)
      GlobalRelabel Poisson Occ coll=19557 fire=3277 D_A=0.167561 info=300 distinct=3 | D_B=0.113333 cov=1.000 | refines=true | NotClosed
         witnesses (listing capped at 10, count above is exact): (0,4) (0,18) (4,18)
      GlobalRelabel Poisson Mom coll=0 fire=0 D_A=n/a info=0 distinct=300 | D_B=n/a cov=0.000 | refines=true | VoidWorkCount(0)
      GlobalRelabel Poisson Ene coll=0 fire=0 D_A=n/a info=0 distinct=300 | D_B=n/a cov=0.000 | refines=true | VoidWorkCount(0)
      GlobalRelabel CellScale Occ coll=19557 fire=3277 D_A=0.167561 info=300 distinct=3 | D_B=0.113333 cov=1.000 | refines=true | NotClosed
      GlobalRelabel CellScale Mom coll=5 fire=5 D_A=1.000000 info=10 distinct=295 | D_B=1.000000 cov=0.020 | refines=true | VoidWorkCount(10)
      GlobalRelabel CellScale Ene coll=0 fire=0 D_A=n/a info=0 distinct=300 | D_B=n/a cov=0.000 | refines=true | VoidWorkCount(0)
   grid 2x2x1 cells=4 occ=32.000 fluct=0.063 transport=0.7333 dn=5.66  G2 admissible: NO
      Spatial Exact Occ coll=309 fire=246 D_A=0.796117 info=242 distinct=137 | D_B=0.913043 cov=0.307 | refines=true | NotClosed
      Spatial Exact Mom coll=0 fire=0 D_A=n/a info=0 distinct=300 | D_B=n/a cov=0.000 | refines=true | VoidWorkCount(0)
      Spatial Exact Ene coll=0 fire=0 D_A=n/a info=0 distinct=300 | D_B=n/a cov=0.000 | refines=true | VoidWorkCount(0)
      Spatial Poisson Occ coll=5563 fire=2540 D_A=0.456588 info=296 distinct=19 | D_B=0.335766 cov=0.913 | refines=true | NotClosed
         witnesses (listing capped at 10, count above is exact): (5,11) (5,66) (5,220)
      Spatial Poisson Mom coll=0 fire=0 D_A=n/a info=0 distinct=300 | D_B=n/a cov=0.000 | refines=true | VoidWorkCount(0)
      Spatial Poisson Ene coll=0 fire=0 D_A=n/a info=0 distinct=300 | D_B=n/a cov=0.000 | refines=true | VoidWorkCount(0)
      Spatial CellScale Occ coll=5563 fire=2540 D_A=0.456588 info=296 distinct=19 | D_B=0.335766 cov=0.913 | refines=true | NotClosed
      Spatial CellScale Mom coll=0 fire=0 D_A=n/a info=0 distinct=300 | D_B=n/a cov=0.000 | refines=true | VoidWorkCount(0)
      Spatial CellScale Ene coll=0 fire=0 D_A=n/a info=0 distinct=300 | D_B=n/a cov=0.000 | refines=true | VoidWorkCount(0)
      BlindLabel Exact Occ coll=285 fire=216 D_A=0.757895 info=225 distinct=152 | D_B=0.923077 cov=0.087 | refines=true | NotClosed
      BlindLabel Exact Mom coll=0 fire=0 D_A=n/a info=0 distinct=300 | D_B=n/a cov=0.000 | refines=true | VoidWorkCount(0)
      BlindLabel Exact Ene coll=0 fire=0 D_A=n/a info=0 distinct=300 | D_B=n/a cov=0.000 | refines=true | VoidWorkCount(0)
      BlindLabel Poisson Occ coll=5820 fire=2304 D_A=0.395876 info=298 distinct=24 | D_B=0.177215 cov=0.527 | refines=true | NotClosed
         witnesses (listing capped at 10, count above is exact): (73,74) (189,191) (189,197)
      BlindLabel Poisson Mom coll=0 fire=0 D_A=n/a info=0 distinct=300 | D_B=n/a cov=0.000 | refines=true | VoidWorkCount(0)
      BlindLabel Poisson Ene coll=0 fire=0 D_A=n/a info=0 distinct=300 | D_B=n/a cov=0.000 | refines=true | VoidWorkCount(0)
      BlindLabel CellScale Occ coll=5820 fire=2304 D_A=0.395876 info=298 distinct=24 | D_B=0.177215 cov=0.527 | refines=true | NotClosed
      BlindLabel CellScale Mom coll=0 fire=0 D_A=n/a info=0 distinct=300 | D_B=n/a cov=0.000 | refines=true | VoidWorkCount(0)
      BlindLabel CellScale Ene coll=0 fire=0 D_A=n/a info=0 distinct=300 | D_B=n/a cov=0.000 | refines=true | VoidWorkCount(0)
      BlindIndex Exact Occ coll=44850 fire=0 D_A=0.000000 info=300 distinct=1 | D_B=0.000000 cov=1.000 | refines=true | VoidVacuous("no transport: the chart is frozen")
      BlindIndex Exact Mom coll=0 fire=0 D_A=n/a info=0 distinct=300 | D_B=n/a cov=0.000 | refines=true | VoidVacuous("no transport: the chart is frozen")
      BlindIndex Exact Ene coll=0 fire=0 D_A=n/a info=0 distinct=300 | D_B=n/a cov=0.000 | refines=true | VoidVacuous("no transport: the chart is frozen")
      BlindIndex Poisson Occ coll=44850 fire=0 D_A=0.000000 info=300 distinct=1 | D_B=0.000000 cov=1.000 | refines=true | VoidVacuous("no transport: the chart is frozen")
      BlindIndex Poisson Mom coll=0 fire=0 D_A=n/a info=0 distinct=300 | D_B=n/a cov=0.000 | refines=true | VoidVacuous("no transport: the chart is frozen")
      BlindIndex Poisson Ene coll=0 fire=0 D_A=n/a info=0 distinct=300 | D_B=n/a cov=0.000 | refines=true | VoidVacuous("no transport: the chart is frozen")
      BlindIndex CellScale Occ coll=44850 fire=0 D_A=0.000000 info=300 distinct=1 | D_B=0.000000 cov=1.000 | refines=true | VoidVacuous("no transport: the chart is frozen")
      BlindIndex CellScale Mom coll=0 fire=0 D_A=n/a info=0 distinct=300 | D_B=n/a cov=0.000 | refines=true | VoidVacuous("no transport: the chart is frozen")
      BlindIndex CellScale Ene coll=0 fire=0 D_A=n/a info=0 distinct=300 | D_B=n/a cov=0.000 | refines=true | VoidVacuous("no transport: the chart is frozen")
      GlobalRelabel Exact Occ coll=309 fire=246 D_A=0.796117 info=242 distinct=137 | D_B=0.891304 cov=0.307 | refines=true | NotClosed
      GlobalRelabel Exact Mom coll=0 fire=0 D_A=n/a info=0 distinct=300 | D_B=n/a cov=0.000 | refines=true | VoidWorkCount(0)
      GlobalRelabel Exact Ene coll=0 fire=0 D_A=n/a info=0 distinct=300 | D_B=n/a cov=0.000 | refines=true | VoidWorkCount(0)
      GlobalRelabel Poisson Occ coll=5563 fire=2540 D_A=0.456588 info=296 distinct=19 | D_B=0.335766 cov=0.913 | refines=true | NotClosed
         witnesses (listing capped at 10, count above is exact): (108,121) (108,124) (108,129)
      GlobalRelabel Poisson Mom coll=0 fire=0 D_A=n/a info=0 distinct=300 | D_B=n/a cov=0.000 | refines=true | VoidWorkCount(0)
      GlobalRelabel Poisson Ene coll=0 fire=0 D_A=n/a info=0 distinct=300 | D_B=n/a cov=0.000 | refines=true | VoidWorkCount(0)
      GlobalRelabel CellScale Occ coll=5563 fire=2540 D_A=0.456588 info=296 distinct=19 | D_B=0.335766 cov=0.913 | refines=true | NotClosed
      GlobalRelabel CellScale Mom coll=0 fire=0 D_A=n/a info=0 distinct=300 | D_B=n/a cov=0.000 | refines=true | VoidWorkCount(0)
      GlobalRelabel CellScale Ene coll=0 fire=0 D_A=n/a info=0 distinct=300 | D_B=n/a cov=0.000 | refines=true | VoidWorkCount(0)
   grid 2x2x2 cells=8 occ=16.000 fluct=0.109 transport=0.8333 dn=4.00  G2 admissible: NO
      Spatial Exact Occ coll=70 fire=59 D_A=0.842857 info=106 distinct=242 | D_B=n/a cov=0.000 | refines=true | VoidWorkCount(106)
      Spatial Exact Mom coll=0 fire=0 D_A=n/a info=0 distinct=300 | D_B=n/a cov=0.000 | refines=true | VoidWorkCount(0)
      Spatial Exact Ene coll=0 fire=0 D_A=n/a info=0 distinct=300 | D_B=n/a cov=0.000 | refines=true | VoidWorkCount(0)
      Spatial Poisson Occ coll=715 fire=421 D_A=0.588811 info=258 distinct=104 | D_B=0.470588 cov=0.227 | refines=true | NotClosed
         witnesses (listing capped at 10, count above is exact): (44,47) (44,146) (44,170)
      Spatial Poisson Mom coll=0 fire=0 D_A=n/a info=0 distinct=300 | D_B=n/a cov=0.000 | refines=true | VoidWorkCount(0)
      Spatial Poisson Ene coll=0 fire=0 D_A=n/a info=0 distinct=300 | D_B=n/a cov=0.000 | refines=true | VoidWorkCount(0)
      Spatial CellScale Occ coll=715 fire=421 D_A=0.588811 info=258 distinct=104 | D_B=0.470588 cov=0.227 | refines=true | NotClosed
      Spatial CellScale Mom coll=0 fire=0 D_A=n/a info=0 distinct=300 | D_B=n/a cov=0.000 | refines=true | VoidWorkCount(0)
      Spatial CellScale Ene coll=0 fire=0 D_A=n/a info=0 distinct=300 | D_B=n/a cov=0.000 | refines=true | VoidWorkCount(0)
      BlindLabel Exact Occ coll=72 fire=59 D_A=0.819444 info=105 distinct=242 | D_B=n/a cov=0.000 | refines=true | VoidWorkCount(105)
      BlindLabel Exact Mom coll=0 fire=0 D_A=n/a info=0 distinct=300 | D_B=n/a cov=0.000 | refines=true | VoidWorkCount(0)
      BlindLabel Exact Ene coll=0 fire=0 D_A=n/a info=0 distinct=300 | D_B=n/a cov=0.000 | refines=true | VoidWorkCount(0)
      BlindLabel Poisson Occ coll=726 fire=431 D_A=0.593664 info=254 distinct=103 | D_B=0.641026 cov=0.260 | refines=true | NotClosed
         witnesses (listing capped at 10, count above is exact): (221,222) (241,242) (241,260)
      BlindLabel Poisson Mom coll=0 fire=0 D_A=n/a info=0 distinct=300 | D_B=n/a cov=0.000 | refines=true | VoidWorkCount(0)
      BlindLabel Poisson Ene coll=0 fire=0 D_A=n/a info=0 distinct=300 | D_B=n/a cov=0.000 | refines=true | VoidWorkCount(0)
      BlindLabel CellScale Occ coll=726 fire=431 D_A=0.593664 info=254 distinct=103 | D_B=0.641026 cov=0.260 | refines=true | NotClosed
      BlindLabel CellScale Mom coll=0 fire=0 D_A=n/a info=0 distinct=300 | D_B=n/a cov=0.000 | refines=true | VoidWorkCount(0)
      BlindLabel CellScale Ene coll=0 fire=0 D_A=n/a info=0 distinct=300 | D_B=n/a cov=0.000 | refines=true | VoidWorkCount(0)
      BlindIndex Exact Occ coll=44850 fire=0 D_A=0.000000 info=300 distinct=1 | D_B=0.000000 cov=1.000 | refines=true | VoidVacuous("no transport: the chart is frozen")
      BlindIndex Exact Mom coll=0 fire=0 D_A=n/a info=0 distinct=300 | D_B=n/a cov=0.000 | refines=true | VoidVacuous("no transport: the chart is frozen")
      BlindIndex Exact Ene coll=0 fire=0 D_A=n/a info=0 distinct=300 | D_B=n/a cov=0.000 | refines=true | VoidVacuous("no transport: the chart is frozen")
      BlindIndex Poisson Occ coll=44850 fire=0 D_A=0.000000 info=300 distinct=1 | D_B=0.000000 cov=1.000 | refines=true | VoidVacuous("no transport: the chart is frozen")
      BlindIndex Poisson Mom coll=0 fire=0 D_A=n/a info=0 distinct=300 | D_B=n/a cov=0.000 | refines=true | VoidVacuous("no transport: the chart is frozen")
      BlindIndex Poisson Ene coll=0 fire=0 D_A=n/a info=0 distinct=300 | D_B=n/a cov=0.000 | refines=true | VoidVacuous("no transport: the chart is frozen")
      BlindIndex CellScale Occ coll=44850 fire=0 D_A=0.000000 info=300 distinct=1 | D_B=0.000000 cov=1.000 | refines=true | VoidVacuous("no transport: the chart is frozen")
      BlindIndex CellScale Mom coll=0 fire=0 D_A=n/a info=0 distinct=300 | D_B=n/a cov=0.000 | refines=true | VoidVacuous("no transport: the chart is frozen")
      BlindIndex CellScale Ene coll=0 fire=0 D_A=n/a info=0 distinct=300 | D_B=n/a cov=0.000 | refines=true | VoidVacuous("no transport: the chart is frozen")
      GlobalRelabel Exact Occ coll=70 fire=59 D_A=0.842857 info=106 distinct=242 | D_B=n/a cov=0.000 | refines=true | VoidWorkCount(106)
      GlobalRelabel Exact Mom coll=0 fire=0 D_A=n/a info=0 distinct=300 | D_B=n/a cov=0.000 | refines=true | VoidWorkCount(0)
      GlobalRelabel Exact Ene coll=0 fire=0 D_A=n/a info=0 distinct=300 | D_B=n/a cov=0.000 | refines=true | VoidWorkCount(0)
      GlobalRelabel Poisson Occ coll=715 fire=421 D_A=0.588811 info=258 distinct=104 | D_B=0.470588 cov=0.227 | refines=true | NotClosed
         witnesses (listing capped at 10, count above is exact): (56,57) (56,252) (57,252)
      GlobalRelabel Poisson Mom coll=0 fire=0 D_A=n/a info=0 distinct=300 | D_B=n/a cov=0.000 | refines=true | VoidWorkCount(0)
      GlobalRelabel Poisson Ene coll=0 fire=0 D_A=n/a info=0 distinct=300 | D_B=n/a cov=0.000 | refines=true | VoidWorkCount(0)
      GlobalRelabel CellScale Occ coll=715 fire=421 D_A=0.588811 info=258 distinct=104 | D_B=0.470588 cov=0.227 | refines=true | NotClosed
      GlobalRelabel CellScale Mom coll=0 fire=0 D_A=n/a info=0 distinct=300 | D_B=n/a cov=0.000 | refines=true | VoidWorkCount(0)
      GlobalRelabel CellScale Ene coll=0 fire=0 D_A=n/a info=0 distinct=300 | D_B=n/a cov=0.000 | refines=true | VoidWorkCount(0)
   grid 4x2x2 cells=16 occ=8.000 fluct=0.174 transport=0.9033 dn=2.83  G2 admissible: NO
      Spatial Exact Occ coll=33 fire=30 D_A=0.909091 info=57 distinct=270 | D_B=n/a cov=0.000 | refines=true | VoidWorkCount(57)
      Spatial Exact Mom coll=0 fire=0 D_A=n/a info=0 distinct=300 | D_B=n/a cov=0.000 | refines=true | VoidWorkCount(0)
      Spatial Exact Ene coll=0 fire=0 D_A=n/a info=0 distinct=300 | D_B=n/a cov=0.000 | refines=true | VoidWorkCount(0)
      Spatial Poisson Occ coll=192 fire=125 D_A=0.651042 info=171 distinct=191 | D_B=1.000000 cov=0.020 | refines=true | VoidWorkCount(171)
         witnesses (listing capped at 10, count above is exact): (23,27) (39,40) (62,63)
      Spatial Poisson Mom coll=0 fire=0 D_A=n/a info=0 distinct=300 | D_B=n/a cov=0.000 | refines=true | VoidWorkCount(0)
      Spatial Poisson Ene coll=0 fire=0 D_A=n/a info=0 distinct=300 | D_B=n/a cov=0.000 | refines=true | VoidWorkCount(0)
      Spatial CellScale Occ coll=192 fire=125 D_A=0.651042 info=171 distinct=191 | D_B=1.000000 cov=0.020 | refines=true | VoidWorkCount(171)
      Spatial CellScale Mom coll=0 fire=0 D_A=n/a info=0 distinct=300 | D_B=n/a cov=0.000 | refines=true | VoidWorkCount(0)
      Spatial CellScale Ene coll=0 fire=0 D_A=n/a info=0 distinct=300 | D_B=n/a cov=0.000 | refines=true | VoidWorkCount(0)
      BlindLabel Exact Occ coll=33 fire=30 D_A=0.909091 info=57 distinct=270 | D_B=n/a cov=0.000 | refines=true | VoidWorkCount(57)
      BlindLabel Exact Mom coll=0 fire=0 D_A=n/a info=0 distinct=300 | D_B=n/a cov=0.000 | refines=true | VoidWorkCount(0)
      BlindLabel Exact Ene coll=0 fire=0 D_A=n/a info=0 distinct=300 | D_B=n/a cov=0.000 | refines=true | VoidWorkCount(0)
      BlindLabel Poisson Occ coll=158 fire=105 D_A=0.664557 info=160 distinct=204 | D_B=n/a cov=0.000 | refines=true | VoidWorkCount(160)
         witnesses (listing capped at 10, count above is exact): (18,20) (30,31) (56,57)
      BlindLabel Poisson Mom coll=0 fire=0 D_A=n/a info=0 distinct=300 | D_B=n/a cov=0.000 | refines=true | VoidWorkCount(0)
      BlindLabel Poisson Ene coll=0 fire=0 D_A=n/a info=0 distinct=300 | D_B=n/a cov=0.000 | refines=true | VoidWorkCount(0)
      BlindLabel CellScale Occ coll=158 fire=105 D_A=0.664557 info=160 distinct=204 | D_B=n/a cov=0.000 | refines=true | VoidWorkCount(160)
      BlindLabel CellScale Mom coll=0 fire=0 D_A=n/a info=0 distinct=300 | D_B=n/a cov=0.000 | refines=true | VoidWorkCount(0)
      BlindLabel CellScale Ene coll=0 fire=0 D_A=n/a info=0 distinct=300 | D_B=n/a cov=0.000 | refines=true | VoidWorkCount(0)
      BlindIndex Exact Occ coll=44850 fire=0 D_A=0.000000 info=300 distinct=1 | D_B=0.000000 cov=1.000 | refines=true | VoidVacuous("no transport: the chart is frozen")
      BlindIndex Exact Mom coll=0 fire=0 D_A=n/a info=0 distinct=300 | D_B=n/a cov=0.000 | refines=true | VoidVacuous("no transport: the chart is frozen")
      BlindIndex Exact Ene coll=0 fire=0 D_A=n/a info=0 distinct=300 | D_B=n/a cov=0.000 | refines=true | VoidVacuous("no transport: the chart is frozen")
      BlindIndex Poisson Occ coll=44850 fire=0 D_A=0.000000 info=300 distinct=1 | D_B=0.000000 cov=1.000 | refines=true | VoidVacuous("no transport: the chart is frozen")
      BlindIndex Poisson Mom coll=0 fire=0 D_A=n/a info=0 distinct=300 | D_B=n/a cov=0.000 | refines=true | VoidVacuous("no transport: the chart is frozen")
      BlindIndex Poisson Ene coll=0 fire=0 D_A=n/a info=0 distinct=300 | D_B=n/a cov=0.000 | refines=true | VoidVacuous("no transport: the chart is frozen")
      BlindIndex CellScale Occ coll=44850 fire=0 D_A=0.000000 info=300 distinct=1 | D_B=0.000000 cov=1.000 | refines=true | VoidVacuous("no transport: the chart is frozen")
      BlindIndex CellScale Mom coll=0 fire=0 D_A=n/a info=0 distinct=300 | D_B=n/a cov=0.000 | refines=true | VoidVacuous("no transport: the chart is frozen")
      BlindIndex CellScale Ene coll=0 fire=0 D_A=n/a info=0 distinct=300 | D_B=n/a cov=0.000 | refines=true | VoidVacuous("no transport: the chart is frozen")
      GlobalRelabel Exact Occ coll=33 fire=30 D_A=0.909091 info=57 distinct=270 | D_B=n/a cov=0.000 | refines=true | VoidWorkCount(57)
      GlobalRelabel Exact Mom coll=0 fire=0 D_A=n/a info=0 distinct=300 | D_B=n/a cov=0.000 | refines=true | VoidWorkCount(0)
      GlobalRelabel Exact Ene coll=0 fire=0 D_A=n/a info=0 distinct=300 | D_B=n/a cov=0.000 | refines=true | VoidWorkCount(0)
      GlobalRelabel Poisson Occ coll=192 fire=125 D_A=0.651042 info=171 distinct=191 | D_B=1.000000 cov=0.020 | refines=true | VoidWorkCount(171)
         witnesses (listing capped at 10, count above is exact): (19,20) (42,43) (106,107)
      GlobalRelabel Poisson Mom coll=0 fire=0 D_A=n/a info=0 distinct=300 | D_B=n/a cov=0.000 | refines=true | VoidWorkCount(0)
      GlobalRelabel Poisson Ene coll=0 fire=0 D_A=n/a info=0 distinct=300 | D_B=n/a cov=0.000 | refines=true | VoidWorkCount(0)
      GlobalRelabel CellScale Occ coll=192 fire=125 D_A=0.651042 info=171 distinct=191 | D_B=1.000000 cov=0.020 | refines=true | VoidWorkCount(171)
      GlobalRelabel CellScale Mom coll=0 fire=0 D_A=n/a info=0 distinct=300 | D_B=n/a cov=0.000 | refines=true | VoidWorkCount(0)
      GlobalRelabel CellScale Ene coll=0 fire=0 D_A=n/a info=0 distinct=300 | D_B=n/a cov=0.000 | refines=true | VoidWorkCount(0)
   grid 4x4x2 cells=32 occ=4.000 fluct=0.269 transport=0.9500 dn=2.00  G2 admissible: NO
      Spatial Exact Occ coll=15 fire=15 D_A=1.000000 info=30 distinct=285 | D_B=n/a cov=0.000 | refines=true | VoidWorkCount(30)
      Spatial Exact Mom coll=0 fire=0 D_A=n/a info=0 distinct=300 | D_B=n/a cov=0.000 | refines=true | VoidWorkCount(0)
      Spatial Exact Ene coll=0 fire=0 D_A=n/a info=0 distinct=300 | D_B=n/a cov=0.000 | refines=true | VoidWorkCount(0)
      Spatial Poisson Occ coll=35 fire=34 D_A=0.971429 info=67 distinct=266 | D_B=n/a cov=0.000 | refines=true | VoidWorkCount(67)
         witnesses (listing capped at 10, count above is exact): (39,40) (82,83) (135,136)
      Spatial Poisson Mom coll=0 fire=0 D_A=n/a info=0 distinct=300 | D_B=n/a cov=0.000 | refines=true | VoidWorkCount(0)
      Spatial Poisson Ene coll=0 fire=0 D_A=n/a info=0 distinct=300 | D_B=n/a cov=0.000 | refines=true | VoidWorkCount(0)
      Spatial CellScale Occ coll=35 fire=34 D_A=0.971429 info=67 distinct=266 | D_B=n/a cov=0.000 | refines=true | VoidWorkCount(67)
      Spatial CellScale Mom coll=0 fire=0 D_A=n/a info=0 distinct=300 | D_B=n/a cov=0.000 | refines=true | VoidWorkCount(0)
      Spatial CellScale Ene coll=0 fire=0 D_A=n/a info=0 distinct=300 | D_B=n/a cov=0.000 | refines=true | VoidWorkCount(0)
      BlindLabel Exact Occ coll=15 fire=15 D_A=1.000000 info=30 distinct=285 | D_B=n/a cov=0.000 | refines=true | VoidWorkCount(30)
      BlindLabel Exact Mom coll=0 fire=0 D_A=n/a info=0 distinct=300 | D_B=n/a cov=0.000 | refines=true | VoidWorkCount(0)
      BlindLabel Exact Ene coll=0 fire=0 D_A=n/a info=0 distinct=300 | D_B=n/a cov=0.000 | refines=true | VoidWorkCount(0)
      BlindLabel Poisson Occ coll=36 fire=35 D_A=0.972222 info=66 distinct=266 | D_B=n/a cov=0.000 | refines=true | VoidWorkCount(66)
         witnesses (listing capped at 10, count above is exact): (53,54) (70,71) (153,154)
      BlindLabel Poisson Mom coll=0 fire=0 D_A=n/a info=0 distinct=300 | D_B=n/a cov=0.000 | refines=true | VoidWorkCount(0)
      BlindLabel Poisson Ene coll=0 fire=0 D_A=n/a info=0 distinct=300 | D_B=n/a cov=0.000 | refines=true | VoidWorkCount(0)
      BlindLabel CellScale Occ coll=36 fire=35 D_A=0.972222 info=66 distinct=266 | D_B=n/a cov=0.000 | refines=true | VoidWorkCount(66)
      BlindLabel CellScale Mom coll=0 fire=0 D_A=n/a info=0 distinct=300 | D_B=n/a cov=0.000 | refines=true | VoidWorkCount(0)
      BlindLabel CellScale Ene coll=0 fire=0 D_A=n/a info=0 distinct=300 | D_B=n/a cov=0.000 | refines=true | VoidWorkCount(0)
      BlindIndex Exact Occ coll=44850 fire=0 D_A=0.000000 info=300 distinct=1 | D_B=0.000000 cov=1.000 | refines=true | VoidVacuous("no transport: the chart is frozen")
      BlindIndex Exact Mom coll=0 fire=0 D_A=n/a info=0 distinct=300 | D_B=n/a cov=0.000 | refines=true | VoidVacuous("no transport: the chart is frozen")
      BlindIndex Exact Ene coll=0 fire=0 D_A=n/a info=0 distinct=300 | D_B=n/a cov=0.000 | refines=true | VoidVacuous("no transport: the chart is frozen")
      BlindIndex Poisson Occ coll=44850 fire=0 D_A=0.000000 info=300 distinct=1 | D_B=0.000000 cov=1.000 | refines=true | VoidVacuous("no transport: the chart is frozen")
      BlindIndex Poisson Mom coll=0 fire=0 D_A=n/a info=0 distinct=300 | D_B=n/a cov=0.000 | refines=true | VoidVacuous("no transport: the chart is frozen")
      BlindIndex Poisson Ene coll=0 fire=0 D_A=n/a info=0 distinct=300 | D_B=n/a cov=0.000 | refines=true | VoidVacuous("no transport: the chart is frozen")
      BlindIndex CellScale Occ coll=44850 fire=0 D_A=0.000000 info=300 distinct=1 | D_B=0.000000 cov=1.000 | refines=true | VoidVacuous("no transport: the chart is frozen")
      BlindIndex CellScale Mom coll=0 fire=0 D_A=n/a info=0 distinct=300 | D_B=n/a cov=0.000 | refines=true | VoidVacuous("no transport: the chart is frozen")
      BlindIndex CellScale Ene coll=0 fire=0 D_A=n/a info=0 distinct=300 | D_B=n/a cov=0.000 | refines=true | VoidVacuous("no transport: the chart is frozen")
      GlobalRelabel Exact Occ coll=15 fire=15 D_A=1.000000 info=30 distinct=285 | D_B=n/a cov=0.000 | refines=true | VoidWorkCount(30)
      GlobalRelabel Exact Mom coll=0 fire=0 D_A=n/a info=0 distinct=300 | D_B=n/a cov=0.000 | refines=true | VoidWorkCount(0)
      GlobalRelabel Exact Ene coll=0 fire=0 D_A=n/a info=0 distinct=300 | D_B=n/a cov=0.000 | refines=true | VoidWorkCount(0)
      GlobalRelabel Poisson Occ coll=35 fire=34 D_A=0.971429 info=67 distinct=266 | D_B=n/a cov=0.000 | refines=true | VoidWorkCount(67)
         witnesses (listing capped at 10, count above is exact): (25,26) (56,57) (62,63)
      GlobalRelabel Poisson Mom coll=0 fire=0 D_A=n/a info=0 distinct=300 | D_B=n/a cov=0.000 | refines=true | VoidWorkCount(0)
      GlobalRelabel Poisson Ene coll=0 fire=0 D_A=n/a info=0 distinct=300 | D_B=n/a cov=0.000 | refines=true | VoidWorkCount(0)
      GlobalRelabel CellScale Occ coll=35 fire=34 D_A=0.971429 info=67 distinct=266 | D_B=n/a cov=0.000 | refines=true | VoidWorkCount(67)
      GlobalRelabel CellScale Mom coll=0 fire=0 D_A=n/a info=0 distinct=300 | D_B=n/a cov=0.000 | refines=true | VoidWorkCount(0)
      GlobalRelabel CellScale Ene coll=0 fire=0 D_A=n/a info=0 distinct=300 | D_B=n/a cov=0.000 | refines=true | VoidWorkCount(0)
   grid 4x4x4 cells=64 occ=2.000 fluct=0.408 transport=0.9767 dn=1.41  G2 admissible: NO
      Spatial Exact Occ coll=7 fire=7 D_A=1.000000 info=14 distinct=293 | D_B=n/a cov=0.000 | refines=true | VoidWorkCount(14)
      Spatial Exact Mom coll=0 fire=0 D_A=n/a info=0 distinct=300 | D_B=n/a cov=0.000 | refines=true | VoidWorkCount(0)
      Spatial Exact Ene coll=0 fire=0 D_A=n/a info=0 distinct=300 | D_B=n/a cov=0.000 | refines=true | VoidWorkCount(0)
      Spatial Poisson Occ coll=8 fire=8 D_A=1.000000 info=16 distinct=292 | D_B=n/a cov=0.000 | refines=true | VoidWorkCount(16)
         witnesses (listing capped at 10, count above is exact): (3,4) (71,72) (167,168)
      Spatial Poisson Mom coll=0 fire=0 D_A=n/a info=0 distinct=300 | D_B=n/a cov=0.000 | refines=true | VoidWorkCount(0)
      Spatial Poisson Ene coll=0 fire=0 D_A=n/a info=0 distinct=300 | D_B=n/a cov=0.000 | refines=true | VoidWorkCount(0)
      Spatial CellScale Occ coll=8 fire=8 D_A=1.000000 info=16 distinct=292 | D_B=n/a cov=0.000 | refines=true | VoidWorkCount(16)
      Spatial CellScale Mom coll=0 fire=0 D_A=n/a info=0 distinct=300 | D_B=n/a cov=0.000 | refines=true | VoidWorkCount(0)
      Spatial CellScale Ene coll=0 fire=0 D_A=n/a info=0 distinct=300 | D_B=n/a cov=0.000 | refines=true | VoidWorkCount(0)
      BlindLabel Exact Occ coll=7 fire=7 D_A=1.000000 info=14 distinct=293 | D_B=n/a cov=0.000 | refines=true | VoidWorkCount(14)
      BlindLabel Exact Mom coll=0 fire=0 D_A=n/a info=0 distinct=300 | D_B=n/a cov=0.000 | refines=true | VoidWorkCount(0)
      BlindLabel Exact Ene coll=0 fire=0 D_A=n/a info=0 distinct=300 | D_B=n/a cov=0.000 | refines=true | VoidWorkCount(0)
      BlindLabel Poisson Occ coll=8 fire=8 D_A=1.000000 info=16 distinct=292 | D_B=n/a cov=0.000 | refines=true | VoidWorkCount(16)
         witnesses (listing capped at 10, count above is exact): (3,4) (153,154) (167,168)
      BlindLabel Poisson Mom coll=0 fire=0 D_A=n/a info=0 distinct=300 | D_B=n/a cov=0.000 | refines=true | VoidWorkCount(0)
      BlindLabel Poisson Ene coll=0 fire=0 D_A=n/a info=0 distinct=300 | D_B=n/a cov=0.000 | refines=true | VoidWorkCount(0)
      BlindLabel CellScale Occ coll=8 fire=8 D_A=1.000000 info=16 distinct=292 | D_B=n/a cov=0.000 | refines=true | VoidWorkCount(16)
      BlindLabel CellScale Mom coll=0 fire=0 D_A=n/a info=0 distinct=300 | D_B=n/a cov=0.000 | refines=true | VoidWorkCount(0)
      BlindLabel CellScale Ene coll=0 fire=0 D_A=n/a info=0 distinct=300 | D_B=n/a cov=0.000 | refines=true | VoidWorkCount(0)
      BlindIndex Exact Occ coll=44850 fire=0 D_A=0.000000 info=300 distinct=1 | D_B=0.000000 cov=1.000 | refines=true | VoidVacuous("no transport: the chart is frozen")
      BlindIndex Exact Mom coll=0 fire=0 D_A=n/a info=0 distinct=300 | D_B=n/a cov=0.000 | refines=true | VoidVacuous("no transport: the chart is frozen")
      BlindIndex Exact Ene coll=0 fire=0 D_A=n/a info=0 distinct=300 | D_B=n/a cov=0.000 | refines=true | VoidVacuous("no transport: the chart is frozen")
      BlindIndex Poisson Occ coll=44850 fire=0 D_A=0.000000 info=300 distinct=1 | D_B=0.000000 cov=1.000 | refines=true | VoidVacuous("no transport: the chart is frozen")
      BlindIndex Poisson Mom coll=0 fire=0 D_A=n/a info=0 distinct=300 | D_B=n/a cov=0.000 | refines=true | VoidVacuous("no transport: the chart is frozen")
      BlindIndex Poisson Ene coll=0 fire=0 D_A=n/a info=0 distinct=300 | D_B=n/a cov=0.000 | refines=true | VoidVacuous("no transport: the chart is frozen")
      BlindIndex CellScale Occ coll=44850 fire=0 D_A=0.000000 info=300 distinct=1 | D_B=0.000000 cov=1.000 | refines=true | VoidVacuous("no transport: the chart is frozen")
      BlindIndex CellScale Mom coll=0 fire=0 D_A=n/a info=0 distinct=300 | D_B=n/a cov=0.000 | refines=true | VoidVacuous("no transport: the chart is frozen")
      BlindIndex CellScale Ene coll=0 fire=0 D_A=n/a info=0 distinct=300 | D_B=n/a cov=0.000 | refines=true | VoidVacuous("no transport: the chart is frozen")
      GlobalRelabel Exact Occ coll=7 fire=7 D_A=1.000000 info=14 distinct=293 | D_B=n/a cov=0.000 | refines=true | VoidWorkCount(14)
      GlobalRelabel Exact Mom coll=0 fire=0 D_A=n/a info=0 distinct=300 | D_B=n/a cov=0.000 | refines=true | VoidWorkCount(0)
      GlobalRelabel Exact Ene coll=0 fire=0 D_A=n/a info=0 distinct=300 | D_B=n/a cov=0.000 | refines=true | VoidWorkCount(0)
      GlobalRelabel Poisson Occ coll=8 fire=8 D_A=1.000000 info=16 distinct=292 | D_B=n/a cov=0.000 | refines=true | VoidWorkCount(16)
         witnesses (listing capped at 10, count above is exact): (3,4) (71,72) (167,168)
      GlobalRelabel Poisson Mom coll=0 fire=0 D_A=n/a info=0 distinct=300 | D_B=n/a cov=0.000 | refines=true | VoidWorkCount(0)
      GlobalRelabel Poisson Ene coll=0 fire=0 D_A=n/a info=0 distinct=300 | D_B=n/a cov=0.000 | refines=true | VoidWorkCount(0)
      GlobalRelabel CellScale Occ coll=8 fire=8 D_A=1.000000 info=16 distinct=292 | D_B=n/a cov=0.000 | refines=true | VoidWorkCount(16)
      GlobalRelabel CellScale Mom coll=0 fire=0 D_A=n/a info=0 distinct=300 | D_B=n/a cov=0.000 | refines=true | VoidWorkCount(0)
      GlobalRelabel CellScale Ene coll=0 fire=0 D_A=n/a info=0 distinct=300 | D_B=n/a cov=0.000 | refines=true | VoidWorkCount(0)
   grid 8x4x4 cells=128 occ=1.000 fluct=0.675 transport=1.0000 dn=1.00  G2 admissible: NO
      Spatial Exact Occ coll=0 fire=0 D_A=n/a info=0 distinct=300 | D_B=n/a cov=0.000 | refines=true | VoidWorkCount(0)
      Spatial Exact Mom coll=0 fire=0 D_A=n/a info=0 distinct=300 | D_B=n/a cov=0.000 | refines=true | VoidWorkCount(0)
      Spatial Exact Ene coll=0 fire=0 D_A=n/a info=0 distinct=300 | D_B=n/a cov=0.000 | refines=true | VoidWorkCount(0)
      Spatial Poisson Occ coll=0 fire=0 D_A=n/a info=0 distinct=300 | D_B=n/a cov=0.000 | refines=true | VoidWorkCount(0)
      Spatial Poisson Mom coll=0 fire=0 D_A=n/a info=0 distinct=300 | D_B=n/a cov=0.000 | refines=true | VoidWorkCount(0)
      Spatial Poisson Ene coll=0 fire=0 D_A=n/a info=0 distinct=300 | D_B=n/a cov=0.000 | refines=true | VoidWorkCount(0)
      Spatial CellScale Occ coll=0 fire=0 D_A=n/a info=0 distinct=300 | D_B=n/a cov=0.000 | refines=true | VoidWorkCount(0)
      Spatial CellScale Mom coll=0 fire=0 D_A=n/a info=0 distinct=300 | D_B=n/a cov=0.000 | refines=true | VoidWorkCount(0)
      Spatial CellScale Ene coll=0 fire=0 D_A=n/a info=0 distinct=300 | D_B=n/a cov=0.000 | refines=true | VoidWorkCount(0)
      BlindLabel Exact Occ coll=0 fire=0 D_A=n/a info=0 distinct=300 | D_B=n/a cov=0.000 | refines=true | VoidWorkCount(0)
      BlindLabel Exact Mom coll=0 fire=0 D_A=n/a info=0 distinct=300 | D_B=n/a cov=0.000 | refines=true | VoidWorkCount(0)
      BlindLabel Exact Ene coll=0 fire=0 D_A=n/a info=0 distinct=300 | D_B=n/a cov=0.000 | refines=true | VoidWorkCount(0)
      BlindLabel Poisson Occ coll=0 fire=0 D_A=n/a info=0 distinct=300 | D_B=n/a cov=0.000 | refines=true | VoidWorkCount(0)
      BlindLabel Poisson Mom coll=0 fire=0 D_A=n/a info=0 distinct=300 | D_B=n/a cov=0.000 | refines=true | VoidWorkCount(0)
      BlindLabel Poisson Ene coll=0 fire=0 D_A=n/a info=0 distinct=300 | D_B=n/a cov=0.000 | refines=true | VoidWorkCount(0)
      BlindLabel CellScale Occ coll=0 fire=0 D_A=n/a info=0 distinct=300 | D_B=n/a cov=0.000 | refines=true | VoidWorkCount(0)
      BlindLabel CellScale Mom coll=0 fire=0 D_A=n/a info=0 distinct=300 | D_B=n/a cov=0.000 | refines=true | VoidWorkCount(0)
      BlindLabel CellScale Ene coll=0 fire=0 D_A=n/a info=0 distinct=300 | D_B=n/a cov=0.000 | refines=true | VoidWorkCount(0)
      BlindIndex Exact Occ coll=44850 fire=0 D_A=0.000000 info=300 distinct=1 | D_B=0.000000 cov=1.000 | refines=true | VoidVacuous("no transport: the chart is frozen")
      BlindIndex Exact Mom coll=0 fire=0 D_A=n/a info=0 distinct=300 | D_B=n/a cov=0.000 | refines=true | VoidVacuous("no transport: the chart is frozen")
      BlindIndex Exact Ene coll=0 fire=0 D_A=n/a info=0 distinct=300 | D_B=n/a cov=0.000 | refines=true | VoidVacuous("no transport: the chart is frozen")
      BlindIndex Poisson Occ coll=44850 fire=0 D_A=0.000000 info=300 distinct=1 | D_B=0.000000 cov=1.000 | refines=true | VoidVacuous("no transport: the chart is frozen")
      BlindIndex Poisson Mom coll=0 fire=0 D_A=n/a info=0 distinct=300 | D_B=n/a cov=0.000 | refines=true | VoidVacuous("no transport: the chart is frozen")
      BlindIndex Poisson Ene coll=0 fire=0 D_A=n/a info=0 distinct=300 | D_B=n/a cov=0.000 | refines=true | VoidVacuous("no transport: the chart is frozen")
      BlindIndex CellScale Occ coll=44850 fire=0 D_A=0.000000 info=300 distinct=1 | D_B=0.000000 cov=1.000 | refines=true | VoidVacuous("no transport: the chart is frozen")
      BlindIndex CellScale Mom coll=0 fire=0 D_A=n/a info=0 distinct=300 | D_B=n/a cov=0.000 | refines=true | VoidVacuous("no transport: the chart is frozen")
      BlindIndex CellScale Ene coll=0 fire=0 D_A=n/a info=0 distinct=300 | D_B=n/a cov=0.000 | refines=true | VoidVacuous("no transport: the chart is frozen")
      GlobalRelabel Exact Occ coll=0 fire=0 D_A=n/a info=0 distinct=300 | D_B=n/a cov=0.000 | refines=true | VoidWorkCount(0)
      GlobalRelabel Exact Mom coll=0 fire=0 D_A=n/a info=0 distinct=300 | D_B=n/a cov=0.000 | refines=true | VoidWorkCount(0)
      GlobalRelabel Exact Ene coll=0 fire=0 D_A=n/a info=0 distinct=300 | D_B=n/a cov=0.000 | refines=true | VoidWorkCount(0)
      GlobalRelabel Poisson Occ coll=0 fire=0 D_A=n/a info=0 distinct=300 | D_B=n/a cov=0.000 | refines=true | VoidWorkCount(0)
      GlobalRelabel Poisson Mom coll=0 fire=0 D_A=n/a info=0 distinct=300 | D_B=n/a cov=0.000 | refines=true | VoidWorkCount(0)
      GlobalRelabel Poisson Ene coll=0 fire=0 D_A=n/a info=0 distinct=300 | D_B=n/a cov=0.000 | refines=true | VoidWorkCount(0)
      GlobalRelabel CellScale Occ coll=0 fire=0 D_A=n/a info=0 distinct=300 | D_B=n/a cov=0.000 | refines=true | VoidWorkCount(0)
      GlobalRelabel CellScale Mom coll=0 fire=0 D_A=n/a info=0 distinct=300 | D_B=n/a cov=0.000 | refines=true | VoidWorkCount(0)
      GlobalRelabel CellScale Ene coll=0 fire=0 D_A=n/a info=0 distinct=300 | D_B=n/a cov=0.000 | refines=true | VoidWorkCount(0)

-- seed 0x5245504c41434532  n=128 dims=3 frames=301 box=29.6x29.6 species=[8]
   G9a species/arity constant: true
   G9b |p| first=2.517519e1 last=1.526114e1   G9c Ek first=2.226726e-1 last=2.528009e-1  [ledger leg UNDISCHARGED: the dump carries no forces]
   amendment 1: ladder of 8 grids derived from N=128 dims=3: 1x1x1 2x1x1 2x2x1 2x2x2 4x2x2 4x4x2 4x4x4 8x4x4
   grid 1x1x1 cells=1 occ=128.000 fluct=0.000 transport=0.0000 dn=11.31  G2 admissible: NO
      Spatial Exact Occ coll=44850 fire=0 D_A=0.000000 info=300 distinct=1 | D_B=0.000000 cov=1.000 | refines=true | VoidVacuous("fewer than 2 cells: the fields are the invariants")
      Spatial Exact Mom coll=29 fire=29 D_A=1.000000 info=41 distinct=277 | D_B=1.000000 cov=0.073 | refines=true | VoidVacuous("fewer than 2 cells: the fields are the invariants")
      Spatial Exact Ene coll=0 fire=0 D_A=n/a info=0 distinct=300 | D_B=n/a cov=0.000 | refines=true | VoidVacuous("fewer than 2 cells: the fields are the invariants")
      Spatial Poisson Occ coll=44850 fire=0 D_A=0.000000 info=300 distinct=1 | D_B=0.000000 cov=1.000 | refines=true | VoidVacuous("fewer than 2 cells: the fields are the invariants")
      Spatial Poisson Mom coll=29 fire=29 D_A=1.000000 info=41 distinct=277 | D_B=1.000000 cov=0.073 | refines=true | VoidVacuous("fewer than 2 cells: the fields are the invariants")
      Spatial Poisson Ene coll=0 fire=0 D_A=n/a info=0 distinct=300 | D_B=n/a cov=0.000 | refines=true | VoidVacuous("fewer than 2 cells: the fields are the invariants")
      Spatial CellScale Occ coll=44850 fire=0 D_A=0.000000 info=300 distinct=1 | D_B=0.000000 cov=1.000 | refines=true | VoidVacuous("fewer than 2 cells: the fields are the invariants")
      Spatial CellScale Mom coll=2226 fire=2099 D_A=0.942947 info=291 distinct=40 | D_B=0.930556 cov=0.960 | refines=true | VoidVacuous("fewer than 2 cells: the fields are the invariants")
      Spatial CellScale Ene coll=455 fire=449 D_A=0.986813 info=237 distinct=131 | D_B=1.000000 cov=0.553 | refines=true | VoidVacuous("fewer than 2 cells: the fields are the invariants")
      BlindLabel Exact Occ coll=44850 fire=0 D_A=0.000000 info=300 distinct=1 | D_B=0.000000 cov=1.000 | refines=true | VoidVacuous("fewer than 2 cells: the fields are the invariants")
      BlindLabel Exact Mom coll=29 fire=29 D_A=1.000000 info=41 distinct=277 | D_B=1.000000 cov=0.073 | refines=true | VoidVacuous("fewer than 2 cells: the fields are the invariants")
      BlindLabel Exact Ene coll=0 fire=0 D_A=n/a info=0 distinct=300 | D_B=n/a cov=0.000 | refines=true | VoidVacuous("fewer than 2 cells: the fields are the invariants")
      BlindLabel Poisson Occ coll=44850 fire=0 D_A=0.000000 info=300 distinct=1 | D_B=0.000000 cov=1.000 | refines=true | VoidVacuous("fewer than 2 cells: the fields are the invariants")
      BlindLabel Poisson Mom coll=29 fire=29 D_A=1.000000 info=41 distinct=277 | D_B=1.000000 cov=0.073 | refines=true | VoidVacuous("fewer than 2 cells: the fields are the invariants")
      BlindLabel Poisson Ene coll=0 fire=0 D_A=n/a info=0 distinct=300 | D_B=n/a cov=0.000 | refines=true | VoidVacuous("fewer than 2 cells: the fields are the invariants")
      BlindLabel CellScale Occ coll=44850 fire=0 D_A=0.000000 info=300 distinct=1 | D_B=0.000000 cov=1.000 | refines=true | VoidVacuous("fewer than 2 cells: the fields are the invariants")
      BlindLabel CellScale Mom coll=2226 fire=2099 D_A=0.942947 info=291 distinct=40 | D_B=0.930556 cov=0.960 | refines=true | VoidVacuous("fewer than 2 cells: the fields are the invariants")
      BlindLabel CellScale Ene coll=455 fire=449 D_A=0.986813 info=237 distinct=131 | D_B=1.000000 cov=0.553 | refines=true | VoidVacuous("fewer than 2 cells: the fields are the invariants")
      BlindIndex Exact Occ coll=44850 fire=0 D_A=0.000000 info=300 distinct=1 | D_B=0.000000 cov=1.000 | refines=true | VoidVacuous("fewer than 2 cells: the fields are the invariants")
      BlindIndex Exact Mom coll=29 fire=29 D_A=1.000000 info=41 distinct=277 | D_B=1.000000 cov=0.073 | refines=true | VoidVacuous("fewer than 2 cells: the fields are the invariants")
      BlindIndex Exact Ene coll=0 fire=0 D_A=n/a info=0 distinct=300 | D_B=n/a cov=0.000 | refines=true | VoidVacuous("fewer than 2 cells: the fields are the invariants")
      BlindIndex Poisson Occ coll=44850 fire=0 D_A=0.000000 info=300 distinct=1 | D_B=0.000000 cov=1.000 | refines=true | VoidVacuous("fewer than 2 cells: the fields are the invariants")
      BlindIndex Poisson Mom coll=29 fire=29 D_A=1.000000 info=41 distinct=277 | D_B=1.000000 cov=0.073 | refines=true | VoidVacuous("fewer than 2 cells: the fields are the invariants")
      BlindIndex Poisson Ene coll=0 fire=0 D_A=n/a info=0 distinct=300 | D_B=n/a cov=0.000 | refines=true | VoidVacuous("fewer than 2 cells: the fields are the invariants")
      BlindIndex CellScale Occ coll=44850 fire=0 D_A=0.000000 info=300 distinct=1 | D_B=0.000000 cov=1.000 | refines=true | VoidVacuous("fewer than 2 cells: the fields are the invariants")
      BlindIndex CellScale Mom coll=2226 fire=2099 D_A=0.942947 info=291 distinct=40 | D_B=0.930556 cov=0.960 | refines=true | VoidVacuous("fewer than 2 cells: the fields are the invariants")
      BlindIndex CellScale Ene coll=455 fire=449 D_A=0.986813 info=237 distinct=131 | D_B=1.000000 cov=0.553 | refines=true | VoidVacuous("fewer than 2 cells: the fields are the invariants")
      GlobalRelabel Exact Occ coll=44850 fire=0 D_A=0.000000 info=300 distinct=1 | D_B=0.000000 cov=1.000 | refines=true | VoidVacuous("fewer than 2 cells: the fields are the invariants")
      GlobalRelabel Exact Mom coll=29 fire=29 D_A=1.000000 info=41 distinct=277 | D_B=1.000000 cov=0.073 | refines=true | VoidVacuous("fewer than 2 cells: the fields are the invariants")
      GlobalRelabel Exact Ene coll=0 fire=0 D_A=n/a info=0 distinct=300 | D_B=n/a cov=0.000 | refines=true | VoidVacuous("fewer than 2 cells: the fields are the invariants")
      GlobalRelabel Poisson Occ coll=44850 fire=0 D_A=0.000000 info=300 distinct=1 | D_B=0.000000 cov=1.000 | refines=true | VoidVacuous("fewer than 2 cells: the fields are the invariants")
      GlobalRelabel Poisson Mom coll=29 fire=29 D_A=1.000000 info=41 distinct=277 | D_B=1.000000 cov=0.073 | refines=true | VoidVacuous("fewer than 2 cells: the fields are the invariants")
      GlobalRelabel Poisson Ene coll=0 fire=0 D_A=n/a info=0 distinct=300 | D_B=n/a cov=0.000 | refines=true | VoidVacuous("fewer than 2 cells: the fields are the invariants")
      GlobalRelabel CellScale Occ coll=44850 fire=0 D_A=0.000000 info=300 distinct=1 | D_B=0.000000 cov=1.000 | refines=true | VoidVacuous("fewer than 2 cells: the fields are the invariants")
      GlobalRelabel CellScale Mom coll=2226 fire=2099 D_A=0.942947 info=291 distinct=40 | D_B=0.930556 cov=0.960 | refines=true | VoidVacuous("fewer than 2 cells: the fields are the invariants")
      GlobalRelabel CellScale Ene coll=455 fire=449 D_A=0.986813 info=237 distinct=131 | D_B=1.000000 cov=0.553 | refines=true | VoidVacuous("fewer than 2 cells: the fields are the invariants")
   grid 2x1x1 cells=2 occ=64.000 fluct=0.030 transport=0.4300 dn=8.00  G2 admissible: NO
      Spatial Exact Occ coll=7419 fire=4014 D_A=0.541043 info=299 distinct=11 | D_B=0.421429 cov=0.933 | refines=true | NotClosed
      Spatial Exact Mom coll=0 fire=0 D_A=n/a info=0 distinct=300 | D_B=n/a cov=0.000 | refines=true | VoidWorkCount(0)
      Spatial Exact Ene coll=0 fire=0 D_A=n/a info=0 distinct=300 | D_B=n/a cov=0.000 | refines=true | VoidWorkCount(0)
      Spatial Poisson Occ coll=18217 fire=4427 D_A=0.243015 info=300 distinct=3 | D_B=0.206667 cov=1.000 | refines=true | NotClosed
         witnesses (listing capped at 10, count above is exact): (0,2) (0,91) (2,91)
      Spatial Poisson Mom coll=0 fire=0 D_A=n/a info=0 distinct=300 | D_B=n/a cov=0.000 | refines=true | VoidWorkCount(0)
      Spatial Poisson Ene coll=0 fire=0 D_A=n/a info=0 distinct=300 | D_B=n/a cov=0.000 | refines=true | VoidWorkCount(0)
      Spatial CellScale Occ coll=18217 fire=4427 D_A=0.243015 info=300 distinct=3 | D_B=0.206667 cov=1.000 | refines=true | NotClosed
      Spatial CellScale Mom coll=4 fire=4 D_A=1.000000 info=8 distinct=296 | D_B=1.000000 cov=0.013 | refines=true | VoidWorkCount(8)
      Spatial CellScale Ene coll=0 fire=0 D_A=n/a info=0 distinct=300 | D_B=n/a cov=0.000 | refines=true | VoidWorkCount(0)
      BlindLabel Exact Occ coll=6394 fire=3606 D_A=0.563966 info=300 distinct=10 | D_B=0.426573 cov=0.953 | refines=true | NotClosed
      BlindLabel Exact Mom coll=0 fire=0 D_A=n/a info=0 distinct=300 | D_B=n/a cov=0.000 | refines=true | VoidWorkCount(0)
      BlindLabel Exact Ene coll=0 fire=0 D_A=n/a info=0 distinct=300 | D_B=n/a cov=0.000 | refines=true | VoidWorkCount(0)
      BlindLabel Poisson Occ coll=20199 fire=3316 D_A=0.164167 info=300 distinct=3 | D_B=0.160000 cov=1.000 | refines=true | NotClosed
         witnesses (listing capped at 10, count above is exact): (0,8) (9,14) (9,22)
      BlindLabel Poisson Mom coll=0 fire=0 D_A=n/a info=0 distinct=300 | D_B=n/a cov=0.000 | refines=true | VoidWorkCount(0)
      BlindLabel Poisson Ene coll=0 fire=0 D_A=n/a info=0 distinct=300 | D_B=n/a cov=0.000 | refines=true | VoidWorkCount(0)
      BlindLabel CellScale Occ coll=20199 fire=3316 D_A=0.164167 info=300 distinct=3 | D_B=0.160000 cov=1.000 | refines=true | NotClosed
      BlindLabel CellScale Mom coll=2 fire=2 D_A=1.000000 info=4 distinct=298 | D_B=1.000000 cov=0.007 | refines=true | VoidWorkCount(4)
      BlindLabel CellScale Ene coll=0 fire=0 D_A=n/a info=0 distinct=300 | D_B=n/a cov=0.000 | refines=true | VoidWorkCount(0)
      BlindIndex Exact Occ coll=44850 fire=0 D_A=0.000000 info=300 distinct=1 | D_B=0.000000 cov=1.000 | refines=true | VoidVacuous("no transport: the chart is frozen")
      BlindIndex Exact Mom coll=0 fire=0 D_A=n/a info=0 distinct=300 | D_B=n/a cov=0.000 | refines=true | VoidVacuous("no transport: the chart is frozen")
      BlindIndex Exact Ene coll=0 fire=0 D_A=n/a info=0 distinct=300 | D_B=n/a cov=0.000 | refines=true | VoidVacuous("no transport: the chart is frozen")
      BlindIndex Poisson Occ coll=44850 fire=0 D_A=0.000000 info=300 distinct=1 | D_B=0.000000 cov=1.000 | refines=true | VoidVacuous("no transport: the chart is frozen")
      BlindIndex Poisson Mom coll=0 fire=0 D_A=n/a info=0 distinct=300 | D_B=n/a cov=0.000 | refines=true | VoidVacuous("no transport: the chart is frozen")
      BlindIndex Poisson Ene coll=0 fire=0 D_A=n/a info=0 distinct=300 | D_B=n/a cov=0.000 | refines=true | VoidVacuous("no transport: the chart is frozen")
      BlindIndex CellScale Occ coll=44850 fire=0 D_A=0.000000 info=300 distinct=1 | D_B=0.000000 cov=1.000 | refines=true | VoidVacuous("no transport: the chart is frozen")
      BlindIndex CellScale Mom coll=9 fire=9 D_A=1.000000 info=18 distinct=291 | D_B=1.000000 cov=0.020 | refines=true | VoidVacuous("no transport: the chart is frozen")
      BlindIndex CellScale Ene coll=0 fire=0 D_A=n/a info=0 distinct=300 | D_B=n/a cov=0.000 | refines=true | VoidVacuous("no transport: the chart is frozen")
      GlobalRelabel Exact Occ coll=7419 fire=4014 D_A=0.541043 info=299 distinct=11 | D_B=0.421429 cov=0.933 | refines=true | NotClosed
      GlobalRelabel Exact Mom coll=0 fire=0 D_A=n/a info=0 distinct=300 | D_B=n/a cov=0.000 | refines=true | VoidWorkCount(0)
      GlobalRelabel Exact Ene coll=0 fire=0 D_A=n/a info=0 distinct=300 | D_B=n/a cov=0.000 | refines=true | VoidWorkCount(0)
      GlobalRelabel Poisson Occ coll=18217 fire=4427 D_A=0.243015 info=300 distinct=3 | D_B=0.206667 cov=1.000 | refines=true | NotClosed
         witnesses (listing capped at 10, count above is exact): (0,2) (0,91) (2,91)
      GlobalRelabel Poisson Mom coll=0 fire=0 D_A=n/a info=0 distinct=300 | D_B=n/a cov=0.000 | refines=true | VoidWorkCount(0)
      GlobalRelabel Poisson Ene coll=0 fire=0 D_A=n/a info=0 distinct=300 | D_B=n/a cov=0.000 | refines=true | VoidWorkCount(0)
      GlobalRelabel CellScale Occ coll=18217 fire=4427 D_A=0.243015 info=300 distinct=3 | D_B=0.206667 cov=1.000 | refines=true | NotClosed
      GlobalRelabel CellScale Mom coll=4 fire=4 D_A=1.000000 info=8 distinct=296 | D_B=1.000000 cov=0.013 | refines=true | VoidWorkCount(8)
      GlobalRelabel CellScale Ene coll=0 fire=0 D_A=n/a info=0 distinct=300 | D_B=n/a cov=0.000 | refines=true | VoidWorkCount(0)
   grid 2x2x1 cells=4 occ=32.000 fluct=0.057 transport=0.6967 dn=5.66  G2 admissible: NO
      Spatial Exact Occ coll=453 fire=361 D_A=0.796909 info=240 distinct=127 | D_B=0.983607 cov=0.407 | refines=true | NotClosed
      Spatial Exact Mom coll=0 fire=0 D_A=n/a info=0 distinct=300 | D_B=n/a cov=0.000 | refines=true | VoidWorkCount(0)
      Spatial Exact Ene coll=0 fire=0 D_A=n/a info=0 distinct=300 | D_B=n/a cov=0.000 | refines=true | VoidWorkCount(0)
      Spatial Poisson Occ coll=8932 fire=3223 D_A=0.360837 info=297 distinct=18 | D_B=0.347107 cov=0.807 | refines=true | NotClosed
         witnesses (listing capped at 10, count above is exact): (26,229) (49,52) (49,99)
      Spatial Poisson Mom coll=0 fire=0 D_A=n/a info=0 distinct=300 | D_B=n/a cov=0.000 | refines=true | VoidWorkCount(0)
      Spatial Poisson Ene coll=0 fire=0 D_A=n/a info=0 distinct=300 | D_B=n/a cov=0.000 | refines=true | VoidWorkCount(0)
      Spatial CellScale Occ coll=8932 fire=3223 D_A=0.360837 info=297 distinct=18 | D_B=0.347107 cov=0.807 | refines=true | NotClosed
      Spatial CellScale Mom coll=0 fire=0 D_A=n/a info=0 distinct=300 | D_B=n/a cov=0.000 | refines=true | VoidWorkCount(0)
      Spatial CellScale Ene coll=0 fire=0 D_A=n/a info=0 distinct=300 | D_B=n/a cov=0.000 | refines=true | VoidWorkCount(0)
      BlindLabel Exact Occ coll=258 fire=196 D_A=0.759690 info=207 distinct=164 | D_B=1.000000 cov=0.087 | refines=true | NotClosed
      BlindLabel Exact Mom coll=0 fire=0 D_A=n/a info=0 distinct=300 | D_B=n/a cov=0.000 | refines=true | VoidWorkCount(0)
      BlindLabel Exact Ene coll=0 fire=0 D_A=n/a info=0 distinct=300 | D_B=n/a cov=0.000 | refines=true | VoidWorkCount(0)
      BlindLabel Poisson Occ coll=3732 fire=1324 D_A=0.354770 info=293 distinct=31 | D_B=0.561404 cov=0.380 | refines=true | NotClosed
         witnesses (listing capped at 10, count above is exact): (67,69) (67,77) (67,94)
      BlindLabel Poisson Mom coll=0 fire=0 D_A=n/a info=0 distinct=300 | D_B=n/a cov=0.000 | refines=true | VoidWorkCount(0)
      BlindLabel Poisson Ene coll=0 fire=0 D_A=n/a info=0 distinct=300 | D_B=n/a cov=0.000 | refines=true | VoidWorkCount(0)
      BlindLabel CellScale Occ coll=3732 fire=1324 D_A=0.354770 info=293 distinct=31 | D_B=0.561404 cov=0.380 | refines=true | NotClosed
      BlindLabel CellScale Mom coll=0 fire=0 D_A=n/a info=0 distinct=300 | D_B=n/a cov=0.000 | refines=true | VoidWorkCount(0)
      BlindLabel CellScale Ene coll=0 fire=0 D_A=n/a info=0 distinct=300 | D_B=n/a cov=0.000 | refines=true | VoidWorkCount(0)
      BlindIndex Exact Occ coll=44850 fire=0 D_A=0.000000 info=300 distinct=1 | D_B=0.000000 cov=1.000 | refines=true | VoidVacuous("no transport: the chart is frozen")
      BlindIndex Exact Mom coll=0 fire=0 D_A=n/a info=0 distinct=300 | D_B=n/a cov=0.000 | refines=true | VoidVacuous("no transport: the chart is frozen")
      BlindIndex Exact Ene coll=0 fire=0 D_A=n/a info=0 distinct=300 | D_B=n/a cov=0.000 | refines=true | VoidVacuous("no transport: the chart is frozen")
      BlindIndex Poisson Occ coll=44850 fire=0 D_A=0.000000 info=300 distinct=1 | D_B=0.000000 cov=1.000 | refines=true | VoidVacuous("no transport: the chart is frozen")
      BlindIndex Poisson Mom coll=0 fire=0 D_A=n/a info=0 distinct=300 | D_B=n/a cov=0.000 | refines=true | VoidVacuous("no transport: the chart is frozen")
      BlindIndex Poisson Ene coll=0 fire=0 D_A=n/a info=0 distinct=300 | D_B=n/a cov=0.000 | refines=true | VoidVacuous("no transport: the chart is frozen")
      BlindIndex CellScale Occ coll=44850 fire=0 D_A=0.000000 info=300 distinct=1 | D_B=0.000000 cov=1.000 | refines=true | VoidVacuous("no transport: the chart is frozen")
      BlindIndex CellScale Mom coll=0 fire=0 D_A=n/a info=0 distinct=300 | D_B=n/a cov=0.000 | refines=true | VoidVacuous("no transport: the chart is frozen")
      BlindIndex CellScale Ene coll=0 fire=0 D_A=n/a info=0 distinct=300 | D_B=n/a cov=0.000 | refines=true | VoidVacuous("no transport: the chart is frozen")
      GlobalRelabel Exact Occ coll=453 fire=361 D_A=0.796909 info=240 distinct=127 | D_B=0.934426 cov=0.407 | refines=true | NotClosed
      GlobalRelabel Exact Mom coll=0 fire=0 D_A=n/a info=0 distinct=300 | D_B=n/a cov=0.000 | refines=true | VoidWorkCount(0)
      GlobalRelabel Exact Ene coll=0 fire=0 D_A=n/a info=0 distinct=300 | D_B=n/a cov=0.000 | refines=true | VoidWorkCount(0)
      GlobalRelabel Poisson Occ coll=8932 fire=3223 D_A=0.360837 info=297 distinct=18 | D_B=0.347107 cov=0.807 | refines=true | NotClosed
         witnesses (listing capped at 10, count above is exact): (49,52) (49,99) (49,147)
      GlobalRelabel Poisson Mom coll=0 fire=0 D_A=n/a info=0 distinct=300 | D_B=n/a cov=0.000 | refines=true | VoidWorkCount(0)
      GlobalRelabel Poisson Ene coll=0 fire=0 D_A=n/a info=0 distinct=300 | D_B=n/a cov=0.000 | refines=true | VoidWorkCount(0)
      GlobalRelabel CellScale Occ coll=8932 fire=3223 D_A=0.360837 info=297 distinct=18 | D_B=0.347107 cov=0.807 | refines=true | NotClosed
      GlobalRelabel CellScale Mom coll=0 fire=0 D_A=n/a info=0 distinct=300 | D_B=n/a cov=0.000 | refines=true | VoidWorkCount(0)
      GlobalRelabel CellScale Ene coll=0 fire=0 D_A=n/a info=0 distinct=300 | D_B=n/a cov=0.000 | refines=true | VoidWorkCount(0)
   grid 2x2x2 cells=8 occ=16.000 fluct=0.105 transport=0.8267 dn=4.00  G2 admissible: NO
      Spatial Exact Occ coll=72 fire=58 D_A=0.805556 info=98 distinct=244 | D_B=n/a cov=0.000 | refines=true | VoidWorkCount(98)
      Spatial Exact Mom coll=0 fire=0 D_A=n/a info=0 distinct=300 | D_B=n/a cov=0.000 | refines=true | VoidWorkCount(0)
      Spatial Exact Ene coll=0 fire=0 D_A=n/a info=0 distinct=300 | D_B=n/a cov=0.000 | refines=true | VoidWorkCount(0)
      Spatial Poisson Occ coll=618 fire=435 D_A=0.703883 info=262 distinct=103 | D_B=0.928571 cov=0.280 | refines=true | NotClosed
         witnesses (listing capped at 10, count above is exact): (45,46) (72,74) (76,77)
      Spatial Poisson Mom coll=0 fire=0 D_A=n/a info=0 distinct=300 | D_B=n/a cov=0.000 | refines=true | VoidWorkCount(0)
      Spatial Poisson Ene coll=0 fire=0 D_A=n/a info=0 distinct=300 | D_B=n/a cov=0.000 | refines=true | VoidWorkCount(0)
      Spatial CellScale Occ coll=618 fire=435 D_A=0.703883 info=262 distinct=103 | D_B=0.928571 cov=0.280 | refines=true | NotClosed
      Spatial CellScale Mom coll=0 fire=0 D_A=n/a info=0 distinct=300 | D_B=n/a cov=0.000 | refines=true | VoidWorkCount(0)
      Spatial CellScale Ene coll=0 fire=0 D_A=n/a info=0 distinct=300 | D_B=n/a cov=0.000 | refines=true | VoidWorkCount(0)
      BlindLabel Exact Occ coll=73 fire=59 D_A=0.808219 info=96 distinct=245 | D_B=n/a cov=0.000 | refines=true | VoidWorkCount(96)
      BlindLabel Exact Mom coll=0 fire=0 D_A=n/a info=0 distinct=300 | D_B=n/a cov=0.000 | refines=true | VoidWorkCount(0)
      BlindLabel Exact Ene coll=0 fire=0 D_A=n/a info=0 distinct=300 | D_B=n/a cov=0.000 | refines=true | VoidWorkCount(0)
      BlindLabel Poisson Occ coll=587 fire=369 D_A=0.628620 info=256 distinct=107 | D_B=0.666667 cov=0.040 | refines=true | NotClosed
         witnesses (listing capped at 10, count above is exact): (38,40) (38,43) (38,55)
      BlindLabel Poisson Mom coll=0 fire=0 D_A=n/a info=0 distinct=300 | D_B=n/a cov=0.000 | refines=true | VoidWorkCount(0)
      BlindLabel Poisson Ene coll=0 fire=0 D_A=n/a info=0 distinct=300 | D_B=n/a cov=0.000 | refines=true | VoidWorkCount(0)
      BlindLabel CellScale Occ coll=587 fire=369 D_A=0.628620 info=256 distinct=107 | D_B=0.666667 cov=0.040 | refines=true | NotClosed
      BlindLabel CellScale Mom coll=0 fire=0 D_A=n/a info=0 distinct=300 | D_B=n/a cov=0.000 | refines=true | VoidWorkCount(0)
      BlindLabel CellScale Ene coll=0 fire=0 D_A=n/a info=0 distinct=300 | D_B=n/a cov=0.000 | refines=true | VoidWorkCount(0)
      BlindIndex Exact Occ coll=44850 fire=0 D_A=0.000000 info=300 distinct=1 | D_B=0.000000 cov=1.000 | refines=true | VoidVacuous("no transport: the chart is frozen")
      BlindIndex Exact Mom coll=0 fire=0 D_A=n/a info=0 distinct=300 | D_B=n/a cov=0.000 | refines=true | VoidVacuous("no transport: the chart is frozen")
      BlindIndex Exact Ene coll=0 fire=0 D_A=n/a info=0 distinct=300 | D_B=n/a cov=0.000 | refines=true | VoidVacuous("no transport: the chart is frozen")
      BlindIndex Poisson Occ coll=44850 fire=0 D_A=0.000000 info=300 distinct=1 | D_B=0.000000 cov=1.000 | refines=true | VoidVacuous("no transport: the chart is frozen")
      BlindIndex Poisson Mom coll=0 fire=0 D_A=n/a info=0 distinct=300 | D_B=n/a cov=0.000 | refines=true | VoidVacuous("no transport: the chart is frozen")
      BlindIndex Poisson Ene coll=0 fire=0 D_A=n/a info=0 distinct=300 | D_B=n/a cov=0.000 | refines=true | VoidVacuous("no transport: the chart is frozen")
      BlindIndex CellScale Occ coll=44850 fire=0 D_A=0.000000 info=300 distinct=1 | D_B=0.000000 cov=1.000 | refines=true | VoidVacuous("no transport: the chart is frozen")
      BlindIndex CellScale Mom coll=0 fire=0 D_A=n/a info=0 distinct=300 | D_B=n/a cov=0.000 | refines=true | VoidVacuous("no transport: the chart is frozen")
      BlindIndex CellScale Ene coll=0 fire=0 D_A=n/a info=0 distinct=300 | D_B=n/a cov=0.000 | refines=true | VoidVacuous("no transport: the chart is frozen")
      GlobalRelabel Exact Occ coll=72 fire=58 D_A=0.805556 info=98 distinct=244 | D_B=n/a cov=0.000 | refines=true | VoidWorkCount(98)
      GlobalRelabel Exact Mom coll=0 fire=0 D_A=n/a info=0 distinct=300 | D_B=n/a cov=0.000 | refines=true | VoidWorkCount(0)
      GlobalRelabel Exact Ene coll=0 fire=0 D_A=n/a info=0 distinct=300 | D_B=n/a cov=0.000 | refines=true | VoidWorkCount(0)
      GlobalRelabel Poisson Occ coll=618 fire=435 D_A=0.703883 info=262 distinct=103 | D_B=0.952381 cov=0.280 | refines=true | NotClosed
         witnesses (listing capped at 10, count above is exact): (76,77) (95,96) (117,118)
      GlobalRelabel Poisson Mom coll=0 fire=0 D_A=n/a info=0 distinct=300 | D_B=n/a cov=0.000 | refines=true | VoidWorkCount(0)
      GlobalRelabel Poisson Ene coll=0 fire=0 D_A=n/a info=0 distinct=300 | D_B=n/a cov=0.000 | refines=true | VoidWorkCount(0)
      GlobalRelabel CellScale Occ coll=618 fire=435 D_A=0.703883 info=262 distinct=103 | D_B=0.952381 cov=0.280 | refines=true | NotClosed
      GlobalRelabel CellScale Mom coll=0 fire=0 D_A=n/a info=0 distinct=300 | D_B=n/a cov=0.000 | refines=true | VoidWorkCount(0)
      GlobalRelabel CellScale Ene coll=0 fire=0 D_A=n/a info=0 distinct=300 | D_B=n/a cov=0.000 | refines=true | VoidWorkCount(0)
   grid 4x2x2 cells=16 occ=8.000 fluct=0.168 transport=0.9033 dn=2.83  G2 admissible: NO
      Spatial Exact Occ coll=33 fire=29 D_A=0.878788 info=54 distinct=271 | D_B=n/a cov=0.000 | refines=true | VoidWorkCount(54)
      Spatial Exact Mom coll=0 fire=0 D_A=n/a info=0 distinct=300 | D_B=n/a cov=0.000 | refines=true | VoidWorkCount(0)
      Spatial Exact Ene coll=0 fire=0 D_A=n/a info=0 distinct=300 | D_B=n/a cov=0.000 | refines=true | VoidWorkCount(0)
      Spatial Poisson Occ coll=113 fire=84 D_A=0.743363 info=144 distinct=217 | D_B=n/a cov=0.000 | refines=true | VoidWorkCount(144)
         witnesses (listing capped at 10, count above is exact): (7,8) (9,10) (43,44)
      Spatial Poisson Mom coll=0 fire=0 D_A=n/a info=0 distinct=300 | D_B=n/a cov=0.000 | refines=true | VoidWorkCount(0)
      Spatial Poisson Ene coll=0 fire=0 D_A=n/a info=0 distinct=300 | D_B=n/a cov=0.000 | refines=true | VoidWorkCount(0)
      Spatial CellScale Occ coll=113 fire=84 D_A=0.743363 info=144 distinct=217 | D_B=n/a cov=0.000 | refines=true | VoidWorkCount(144)
      Spatial CellScale Mom coll=0 fire=0 D_A=n/a info=0 distinct=300 | D_B=n/a cov=0.000 | refines=true | VoidWorkCount(0)
      Spatial CellScale Ene coll=0 fire=0 D_A=n/a info=0 distinct=300 | D_B=n/a cov=0.000 | refines=true | VoidWorkCount(0)
      BlindLabel Exact Occ coll=33 fire=29 D_A=0.878788 info=54 distinct=271 | D_B=n/a cov=0.000 | refines=true | VoidWorkCount(54)
      BlindLabel Exact Mom coll=0 fire=0 D_A=n/a info=0 distinct=300 | D_B=n/a cov=0.000 | refines=true | VoidWorkCount(0)
      BlindLabel Exact Ene coll=0 fire=0 D_A=n/a info=0 distinct=300 | D_B=n/a cov=0.000 | refines=true | VoidWorkCount(0)
      BlindLabel Poisson Occ coll=143 fire=101 D_A=0.706294 info=158 distinct=204 | D_B=n/a cov=0.000 | refines=true | VoidWorkCount(158)
         witnesses (listing capped at 10, count above is exact): (19,20) (26,27) (68,71)
      BlindLabel Poisson Mom coll=0 fire=0 D_A=n/a info=0 distinct=300 | D_B=n/a cov=0.000 | refines=true | VoidWorkCount(0)
      BlindLabel Poisson Ene coll=0 fire=0 D_A=n/a info=0 distinct=300 | D_B=n/a cov=0.000 | refines=true | VoidWorkCount(0)
      BlindLabel CellScale Occ coll=143 fire=101 D_A=0.706294 info=158 distinct=204 | D_B=n/a cov=0.000 | refines=true | VoidWorkCount(158)
      BlindLabel CellScale Mom coll=0 fire=0 D_A=n/a info=0 distinct=300 | D_B=n/a cov=0.000 | refines=true | VoidWorkCount(0)
      BlindLabel CellScale Ene coll=0 fire=0 D_A=n/a info=0 distinct=300 | D_B=n/a cov=0.000 | refines=true | VoidWorkCount(0)
      BlindIndex Exact Occ coll=44850 fire=0 D_A=0.000000 info=300 distinct=1 | D_B=0.000000 cov=1.000 | refines=true | VoidVacuous("no transport: the chart is frozen")
      BlindIndex Exact Mom coll=0 fire=0 D_A=n/a info=0 distinct=300 | D_B=n/a cov=0.000 | refines=true | VoidVacuous("no transport: the chart is frozen")
      BlindIndex Exact Ene coll=0 fire=0 D_A=n/a info=0 distinct=300 | D_B=n/a cov=0.000 | refines=true | VoidVacuous("no transport: the chart is frozen")
      BlindIndex Poisson Occ coll=44850 fire=0 D_A=0.000000 info=300 distinct=1 | D_B=0.000000 cov=1.000 | refines=true | VoidVacuous("no transport: the chart is frozen")
      BlindIndex Poisson Mom coll=0 fire=0 D_A=n/a info=0 distinct=300 | D_B=n/a cov=0.000 | refines=true | VoidVacuous("no transport: the chart is frozen")
      BlindIndex Poisson Ene coll=0 fire=0 D_A=n/a info=0 distinct=300 | D_B=n/a cov=0.000 | refines=true | VoidVacuous("no transport: the chart is frozen")
      BlindIndex CellScale Occ coll=44850 fire=0 D_A=0.000000 info=300 distinct=1 | D_B=0.000000 cov=1.000 | refines=true | VoidVacuous("no transport: the chart is frozen")
      BlindIndex CellScale Mom coll=0 fire=0 D_A=n/a info=0 distinct=300 | D_B=n/a cov=0.000 | refines=true | VoidVacuous("no transport: the chart is frozen")
      BlindIndex CellScale Ene coll=0 fire=0 D_A=n/a info=0 distinct=300 | D_B=n/a cov=0.000 | refines=true | VoidVacuous("no transport: the chart is frozen")
      GlobalRelabel Exact Occ coll=33 fire=29 D_A=0.878788 info=54 distinct=271 | D_B=n/a cov=0.000 | refines=true | VoidWorkCount(54)
      GlobalRelabel Exact Mom coll=0 fire=0 D_A=n/a info=0 distinct=300 | D_B=n/a cov=0.000 | refines=true | VoidWorkCount(0)
      GlobalRelabel Exact Ene coll=0 fire=0 D_A=n/a info=0 distinct=300 | D_B=n/a cov=0.000 | refines=true | VoidWorkCount(0)
      GlobalRelabel Poisson Occ coll=113 fire=84 D_A=0.743363 info=144 distinct=217 | D_B=n/a cov=0.000 | refines=true | VoidWorkCount(144)
         witnesses (listing capped at 10, count above is exact): (19,20) (28,29) (101,103)
      GlobalRelabel Poisson Mom coll=0 fire=0 D_A=n/a info=0 distinct=300 | D_B=n/a cov=0.000 | refines=true | VoidWorkCount(0)
      GlobalRelabel Poisson Ene coll=0 fire=0 D_A=n/a info=0 distinct=300 | D_B=n/a cov=0.000 | refines=true | VoidWorkCount(0)
      GlobalRelabel CellScale Occ coll=113 fire=84 D_A=0.743363 info=144 distinct=217 | D_B=n/a cov=0.000 | refines=true | VoidWorkCount(144)
      GlobalRelabel CellScale Mom coll=0 fire=0 D_A=n/a info=0 distinct=300 | D_B=n/a cov=0.000 | refines=true | VoidWorkCount(0)
      GlobalRelabel CellScale Ene coll=0 fire=0 D_A=n/a info=0 distinct=300 | D_B=n/a cov=0.000 | refines=true | VoidWorkCount(0)
   grid 4x4x2 cells=32 occ=4.000 fluct=0.281 transport=0.9400 dn=2.00  G2 admissible: NO
      Spatial Exact Occ coll=20 fire=18 D_A=0.900000 info=34 distinct=282 | D_B=n/a cov=0.000 | refines=true | VoidWorkCount(34)
      Spatial Exact Mom coll=0 fire=0 D_A=n/a info=0 distinct=300 | D_B=n/a cov=0.000 | refines=true | VoidWorkCount(0)
      Spatial Exact Ene coll=0 fire=0 D_A=n/a info=0 distinct=300 | D_B=n/a cov=0.000 | refines=true | VoidWorkCount(0)
      Spatial Poisson Occ coll=41 fire=37 D_A=0.902439 info=70 distinct=263 | D_B=n/a cov=0.000 | refines=true | VoidWorkCount(70)
         witnesses (listing capped at 10, count above is exact): (16,17) (35,36) (58,59)
      Spatial Poisson Mom coll=0 fire=0 D_A=n/a info=0 distinct=300 | D_B=n/a cov=0.000 | refines=true | VoidWorkCount(0)
      Spatial Poisson Ene coll=0 fire=0 D_A=n/a info=0 distinct=300 | D_B=n/a cov=0.000 | refines=true | VoidWorkCount(0)
      Spatial CellScale Occ coll=41 fire=37 D_A=0.902439 info=70 distinct=263 | D_B=n/a cov=0.000 | refines=true | VoidWorkCount(70)
      Spatial CellScale Mom coll=0 fire=0 D_A=n/a info=0 distinct=300 | D_B=n/a cov=0.000 | refines=true | VoidWorkCount(0)
      Spatial CellScale Ene coll=0 fire=0 D_A=n/a info=0 distinct=300 | D_B=n/a cov=0.000 | refines=true | VoidWorkCount(0)
      BlindLabel Exact Occ coll=20 fire=18 D_A=0.900000 info=34 distinct=282 | D_B=n/a cov=0.000 | refines=true | VoidWorkCount(34)
      BlindLabel Exact Mom coll=0 fire=0 D_A=n/a info=0 distinct=300 | D_B=n/a cov=0.000 | refines=true | VoidWorkCount(0)
      BlindLabel Exact Ene coll=0 fire=0 D_A=n/a info=0 distinct=300 | D_B=n/a cov=0.000 | refines=true | VoidWorkCount(0)
      BlindLabel Poisson Occ coll=40 fire=36 D_A=0.900000 info=65 distinct=265 | D_B=n/a cov=0.000 | refines=true | VoidWorkCount(65)
         witnesses (listing capped at 10, count above is exact): (58,59) (107,108) (121,122)
      BlindLabel Poisson Mom coll=0 fire=0 D_A=n/a info=0 distinct=300 | D_B=n/a cov=0.000 | refines=true | VoidWorkCount(0)
      BlindLabel Poisson Ene coll=0 fire=0 D_A=n/a info=0 distinct=300 | D_B=n/a cov=0.000 | refines=true | VoidWorkCount(0)
      BlindLabel CellScale Occ coll=40 fire=36 D_A=0.900000 info=65 distinct=265 | D_B=n/a cov=0.000 | refines=true | VoidWorkCount(65)
      BlindLabel CellScale Mom coll=0 fire=0 D_A=n/a info=0 distinct=300 | D_B=n/a cov=0.000 | refines=true | VoidWorkCount(0)
      BlindLabel CellScale Ene coll=0 fire=0 D_A=n/a info=0 distinct=300 | D_B=n/a cov=0.000 | refines=true | VoidWorkCount(0)
      BlindIndex Exact Occ coll=44850 fire=0 D_A=0.000000 info=300 distinct=1 | D_B=0.000000 cov=1.000 | refines=true | VoidVacuous("no transport: the chart is frozen")
      BlindIndex Exact Mom coll=0 fire=0 D_A=n/a info=0 distinct=300 | D_B=n/a cov=0.000 | refines=true | VoidVacuous("no transport: the chart is frozen")
      BlindIndex Exact Ene coll=0 fire=0 D_A=n/a info=0 distinct=300 | D_B=n/a cov=0.000 | refines=true | VoidVacuous("no transport: the chart is frozen")
      BlindIndex Poisson Occ coll=44850 fire=0 D_A=0.000000 info=300 distinct=1 | D_B=0.000000 cov=1.000 | refines=true | VoidVacuous("no transport: the chart is frozen")
      BlindIndex Poisson Mom coll=0 fire=0 D_A=n/a info=0 distinct=300 | D_B=n/a cov=0.000 | refines=true | VoidVacuous("no transport: the chart is frozen")
      BlindIndex Poisson Ene coll=0 fire=0 D_A=n/a info=0 distinct=300 | D_B=n/a cov=0.000 | refines=true | VoidVacuous("no transport: the chart is frozen")
      BlindIndex CellScale Occ coll=44850 fire=0 D_A=0.000000 info=300 distinct=1 | D_B=0.000000 cov=1.000 | refines=true | VoidVacuous("no transport: the chart is frozen")
      BlindIndex CellScale Mom coll=0 fire=0 D_A=n/a info=0 distinct=300 | D_B=n/a cov=0.000 | refines=true | VoidVacuous("no transport: the chart is frozen")
      BlindIndex CellScale Ene coll=0 fire=0 D_A=n/a info=0 distinct=300 | D_B=n/a cov=0.000 | refines=true | VoidVacuous("no transport: the chart is frozen")
      GlobalRelabel Exact Occ coll=20 fire=18 D_A=0.900000 info=34 distinct=282 | D_B=n/a cov=0.000 | refines=true | VoidWorkCount(34)
      GlobalRelabel Exact Mom coll=0 fire=0 D_A=n/a info=0 distinct=300 | D_B=n/a cov=0.000 | refines=true | VoidWorkCount(0)
      GlobalRelabel Exact Ene coll=0 fire=0 D_A=n/a info=0 distinct=300 | D_B=n/a cov=0.000 | refines=true | VoidWorkCount(0)
      GlobalRelabel Poisson Occ coll=41 fire=37 D_A=0.902439 info=70 distinct=263 | D_B=n/a cov=0.000 | refines=true | VoidWorkCount(70)
         witnesses (listing capped at 10, count above is exact): (4,5) (16,17) (35,36)
      GlobalRelabel Poisson Mom coll=0 fire=0 D_A=n/a info=0 distinct=300 | D_B=n/a cov=0.000 | refines=true | VoidWorkCount(0)
      GlobalRelabel Poisson Ene coll=0 fire=0 D_A=n/a info=0 distinct=300 | D_B=n/a cov=0.000 | refines=true | VoidWorkCount(0)
      GlobalRelabel CellScale Occ coll=41 fire=37 D_A=0.902439 info=70 distinct=263 | D_B=n/a cov=0.000 | refines=true | VoidWorkCount(70)
      GlobalRelabel CellScale Mom coll=0 fire=0 D_A=n/a info=0 distinct=300 | D_B=n/a cov=0.000 | refines=true | VoidWorkCount(0)
      GlobalRelabel CellScale Ene coll=0 fire=0 D_A=n/a info=0 distinct=300 | D_B=n/a cov=0.000 | refines=true | VoidWorkCount(0)
   grid 4x4x4 cells=64 occ=2.000 fluct=0.427 transport=0.9567 dn=1.41  G2 admissible: NO
      Spatial Exact Occ coll=14 fire=13 D_A=0.928571 info=25 distinct=287 | D_B=n/a cov=0.000 | refines=true | VoidWorkCount(25)
      Spatial Exact Mom coll=0 fire=0 D_A=n/a info=0 distinct=300 | D_B=n/a cov=0.000 | refines=true | VoidWorkCount(0)
      Spatial Exact Ene coll=0 fire=0 D_A=n/a info=0 distinct=300 | D_B=n/a cov=0.000 | refines=true | VoidWorkCount(0)
      Spatial Poisson Occ coll=17 fire=16 D_A=0.941176 info=31 distinct=284 | D_B=n/a cov=0.000 | refines=true | VoidWorkCount(31)
         witnesses (listing capped at 10, count above is exact): (19,20) (35,36) (39,40)
      Spatial Poisson Mom coll=0 fire=0 D_A=n/a info=0 distinct=300 | D_B=n/a cov=0.000 | refines=true | VoidWorkCount(0)
      Spatial Poisson Ene coll=0 fire=0 D_A=n/a info=0 distinct=300 | D_B=n/a cov=0.000 | refines=true | VoidWorkCount(0)
      Spatial CellScale Occ coll=17 fire=16 D_A=0.941176 info=31 distinct=284 | D_B=n/a cov=0.000 | refines=true | VoidWorkCount(31)
      Spatial CellScale Mom coll=0 fire=0 D_A=n/a info=0 distinct=300 | D_B=n/a cov=0.000 | refines=true | VoidWorkCount(0)
      Spatial CellScale Ene coll=0 fire=0 D_A=n/a info=0 distinct=300 | D_B=n/a cov=0.000 | refines=true | VoidWorkCount(0)
      BlindLabel Exact Occ coll=14 fire=13 D_A=0.928571 info=25 distinct=287 | D_B=n/a cov=0.000 | refines=true | VoidWorkCount(25)
      BlindLabel Exact Mom coll=0 fire=0 D_A=n/a info=0 distinct=300 | D_B=n/a cov=0.000 | refines=true | VoidWorkCount(0)
      BlindLabel Exact Ene coll=0 fire=0 D_A=n/a info=0 distinct=300 | D_B=n/a cov=0.000 | refines=true | VoidWorkCount(0)
      BlindLabel Poisson Occ coll=15 fire=14 D_A=0.933333 info=27 distinct=286 | D_B=n/a cov=0.000 | refines=true | VoidWorkCount(27)
         witnesses (listing capped at 10, count above is exact): (9,10) (35,36) (61,62)
      BlindLabel Poisson Mom coll=0 fire=0 D_A=n/a info=0 distinct=300 | D_B=n/a cov=0.000 | refines=true | VoidWorkCount(0)
      BlindLabel Poisson Ene coll=0 fire=0 D_A=n/a info=0 distinct=300 | D_B=n/a cov=0.000 | refines=true | VoidWorkCount(0)
      BlindLabel CellScale Occ coll=15 fire=14 D_A=0.933333 info=27 distinct=286 | D_B=n/a cov=0.000 | refines=true | VoidWorkCount(27)
      BlindLabel CellScale Mom coll=0 fire=0 D_A=n/a info=0 distinct=300 | D_B=n/a cov=0.000 | refines=true | VoidWorkCount(0)
      BlindLabel CellScale Ene coll=0 fire=0 D_A=n/a info=0 distinct=300 | D_B=n/a cov=0.000 | refines=true | VoidWorkCount(0)
      BlindIndex Exact Occ coll=44850 fire=0 D_A=0.000000 info=300 distinct=1 | D_B=0.000000 cov=1.000 | refines=true | VoidVacuous("no transport: the chart is frozen")
      BlindIndex Exact Mom coll=0 fire=0 D_A=n/a info=0 distinct=300 | D_B=n/a cov=0.000 | refines=true | VoidVacuous("no transport: the chart is frozen")
      BlindIndex Exact Ene coll=0 fire=0 D_A=n/a info=0 distinct=300 | D_B=n/a cov=0.000 | refines=true | VoidVacuous("no transport: the chart is frozen")
      BlindIndex Poisson Occ coll=44850 fire=0 D_A=0.000000 info=300 distinct=1 | D_B=0.000000 cov=1.000 | refines=true | VoidVacuous("no transport: the chart is frozen")
      BlindIndex Poisson Mom coll=0 fire=0 D_A=n/a info=0 distinct=300 | D_B=n/a cov=0.000 | refines=true | VoidVacuous("no transport: the chart is frozen")
      BlindIndex Poisson Ene coll=0 fire=0 D_A=n/a info=0 distinct=300 | D_B=n/a cov=0.000 | refines=true | VoidVacuous("no transport: the chart is frozen")
      BlindIndex CellScale Occ coll=44850 fire=0 D_A=0.000000 info=300 distinct=1 | D_B=0.000000 cov=1.000 | refines=true | VoidVacuous("no transport: the chart is frozen")
      BlindIndex CellScale Mom coll=0 fire=0 D_A=n/a info=0 distinct=300 | D_B=n/a cov=0.000 | refines=true | VoidVacuous("no transport: the chart is frozen")
      BlindIndex CellScale Ene coll=0 fire=0 D_A=n/a info=0 distinct=300 | D_B=n/a cov=0.000 | refines=true | VoidVacuous("no transport: the chart is frozen")
      GlobalRelabel Exact Occ coll=14 fire=13 D_A=0.928571 info=25 distinct=287 | D_B=n/a cov=0.000 | refines=true | VoidWorkCount(25)
      GlobalRelabel Exact Mom coll=0 fire=0 D_A=n/a info=0 distinct=300 | D_B=n/a cov=0.000 | refines=true | VoidWorkCount(0)
      GlobalRelabel Exact Ene coll=0 fire=0 D_A=n/a info=0 distinct=300 | D_B=n/a cov=0.000 | refines=true | VoidWorkCount(0)
      GlobalRelabel Poisson Occ coll=17 fire=16 D_A=0.941176 info=31 distinct=284 | D_B=n/a cov=0.000 | refines=true | VoidWorkCount(31)
         witnesses (listing capped at 10, count above is exact): (19,20) (35,36) (61,62)
      GlobalRelabel Poisson Mom coll=0 fire=0 D_A=n/a info=0 distinct=300 | D_B=n/a cov=0.000 | refines=true | VoidWorkCount(0)
      GlobalRelabel Poisson Ene coll=0 fire=0 D_A=n/a info=0 distinct=300 | D_B=n/a cov=0.000 | refines=true | VoidWorkCount(0)
      GlobalRelabel CellScale Occ coll=17 fire=16 D_A=0.941176 info=31 distinct=284 | D_B=n/a cov=0.000 | refines=true | VoidWorkCount(31)
      GlobalRelabel CellScale Mom coll=0 fire=0 D_A=n/a info=0 distinct=300 | D_B=n/a cov=0.000 | refines=true | VoidWorkCount(0)
      GlobalRelabel CellScale Ene coll=0 fire=0 D_A=n/a info=0 distinct=300 | D_B=n/a cov=0.000 | refines=true | VoidWorkCount(0)
   grid 8x4x4 cells=128 occ=1.000 fluct=0.723 transport=0.9933 dn=1.00  G2 admissible: NO
      Spatial Exact Occ coll=2 fire=2 D_A=1.000000 info=4 distinct=298 | D_B=n/a cov=0.000 | refines=true | VoidWorkCount(4)
      Spatial Exact Mom coll=0 fire=0 D_A=n/a info=0 distinct=300 | D_B=n/a cov=0.000 | refines=true | VoidWorkCount(0)
      Spatial Exact Ene coll=0 fire=0 D_A=n/a info=0 distinct=300 | D_B=n/a cov=0.000 | refines=true | VoidWorkCount(0)
      Spatial Poisson Occ coll=2 fire=2 D_A=1.000000 info=4 distinct=298 | D_B=n/a cov=0.000 | refines=true | VoidWorkCount(4)
         witnesses (listing capped at 10, count above is exact): (107,108) (249,250)
      Spatial Poisson Mom coll=0 fire=0 D_A=n/a info=0 distinct=300 | D_B=n/a cov=0.000 | refines=true | VoidWorkCount(0)
      Spatial Poisson Ene coll=0 fire=0 D_A=n/a info=0 distinct=300 | D_B=n/a cov=0.000 | refines=true | VoidWorkCount(0)
      Spatial CellScale Occ coll=2 fire=2 D_A=1.000000 info=4 distinct=298 | D_B=n/a cov=0.000 | refines=true | VoidWorkCount(4)
      Spatial CellScale Mom coll=0 fire=0 D_A=n/a info=0 distinct=300 | D_B=n/a cov=0.000 | refines=true | VoidWorkCount(0)
      Spatial CellScale Ene coll=0 fire=0 D_A=n/a info=0 distinct=300 | D_B=n/a cov=0.000 | refines=true | VoidWorkCount(0)
      BlindLabel Exact Occ coll=2 fire=2 D_A=1.000000 info=4 distinct=298 | D_B=n/a cov=0.000 | refines=true | VoidWorkCount(4)
      BlindLabel Exact Mom coll=0 fire=0 D_A=n/a info=0 distinct=300 | D_B=n/a cov=0.000 | refines=true | VoidWorkCount(0)
      BlindLabel Exact Ene coll=0 fire=0 D_A=n/a info=0 distinct=300 | D_B=n/a cov=0.000 | refines=true | VoidWorkCount(0)
      BlindLabel Poisson Occ coll=2 fire=2 D_A=1.000000 info=4 distinct=298 | D_B=n/a cov=0.000 | refines=true | VoidWorkCount(4)
         witnesses (listing capped at 10, count above is exact): (107,108) (249,250)
      BlindLabel Poisson Mom coll=0 fire=0 D_A=n/a info=0 distinct=300 | D_B=n/a cov=0.000 | refines=true | VoidWorkCount(0)
      BlindLabel Poisson Ene coll=0 fire=0 D_A=n/a info=0 distinct=300 | D_B=n/a cov=0.000 | refines=true | VoidWorkCount(0)
      BlindLabel CellScale Occ coll=2 fire=2 D_A=1.000000 info=4 distinct=298 | D_B=n/a cov=0.000 | refines=true | VoidWorkCount(4)
      BlindLabel CellScale Mom coll=0 fire=0 D_A=n/a info=0 distinct=300 | D_B=n/a cov=0.000 | refines=true | VoidWorkCount(0)
      BlindLabel CellScale Ene coll=0 fire=0 D_A=n/a info=0 distinct=300 | D_B=n/a cov=0.000 | refines=true | VoidWorkCount(0)
      BlindIndex Exact Occ coll=44850 fire=0 D_A=0.000000 info=300 distinct=1 | D_B=0.000000 cov=1.000 | refines=true | VoidVacuous("no transport: the chart is frozen")
      BlindIndex Exact Mom coll=0 fire=0 D_A=n/a info=0 distinct=300 | D_B=n/a cov=0.000 | refines=true | VoidVacuous("no transport: the chart is frozen")
      BlindIndex Exact Ene coll=0 fire=0 D_A=n/a info=0 distinct=300 | D_B=n/a cov=0.000 | refines=true | VoidVacuous("no transport: the chart is frozen")
      BlindIndex Poisson Occ coll=44850 fire=0 D_A=0.000000 info=300 distinct=1 | D_B=0.000000 cov=1.000 | refines=true | VoidVacuous("no transport: the chart is frozen")
      BlindIndex Poisson Mom coll=0 fire=0 D_A=n/a info=0 distinct=300 | D_B=n/a cov=0.000 | refines=true | VoidVacuous("no transport: the chart is frozen")
      BlindIndex Poisson Ene coll=0 fire=0 D_A=n/a info=0 distinct=300 | D_B=n/a cov=0.000 | refines=true | VoidVacuous("no transport: the chart is frozen")
      BlindIndex CellScale Occ coll=44850 fire=0 D_A=0.000000 info=300 distinct=1 | D_B=0.000000 cov=1.000 | refines=true | VoidVacuous("no transport: the chart is frozen")
      BlindIndex CellScale Mom coll=0 fire=0 D_A=n/a info=0 distinct=300 | D_B=n/a cov=0.000 | refines=true | VoidVacuous("no transport: the chart is frozen")
      BlindIndex CellScale Ene coll=0 fire=0 D_A=n/a info=0 distinct=300 | D_B=n/a cov=0.000 | refines=true | VoidVacuous("no transport: the chart is frozen")
      GlobalRelabel Exact Occ coll=2 fire=2 D_A=1.000000 info=4 distinct=298 | D_B=n/a cov=0.000 | refines=true | VoidWorkCount(4)
      GlobalRelabel Exact Mom coll=0 fire=0 D_A=n/a info=0 distinct=300 | D_B=n/a cov=0.000 | refines=true | VoidWorkCount(0)
      GlobalRelabel Exact Ene coll=0 fire=0 D_A=n/a info=0 distinct=300 | D_B=n/a cov=0.000 | refines=true | VoidWorkCount(0)
      GlobalRelabel Poisson Occ coll=2 fire=2 D_A=1.000000 info=4 distinct=298 | D_B=n/a cov=0.000 | refines=true | VoidWorkCount(4)
         witnesses (listing capped at 10, count above is exact): (107,108) (249,250)
      GlobalRelabel Poisson Mom coll=0 fire=0 D_A=n/a info=0 distinct=300 | D_B=n/a cov=0.000 | refines=true | VoidWorkCount(0)
      GlobalRelabel Poisson Ene coll=0 fire=0 D_A=n/a info=0 distinct=300 | D_B=n/a cov=0.000 | refines=true | VoidWorkCount(0)
      GlobalRelabel CellScale Occ coll=2 fire=2 D_A=1.000000 info=4 distinct=298 | D_B=n/a cov=0.000 | refines=true | VoidWorkCount(4)
      GlobalRelabel CellScale Mom coll=0 fire=0 D_A=n/a info=0 distinct=300 | D_B=n/a cov=0.000 | refines=true | VoidWorkCount(0)
      GlobalRelabel CellScale Ene coll=0 fire=0 D_A=n/a info=0 distinct=300 | D_B=n/a cov=0.000 | refines=true | VoidWorkCount(0)

===== ARM rigid (3 trajectories) =====

-- seed 0x5245504c41434530  n=128 dims=3 frames=301 box=29.6x29.6 species=[8]
   G9a species/arity constant: true
   G9b |p| first=1.009924e1 last=3.351199e1   G9c Ek first=2.425108e-1 last=2.149843e-1  [ledger leg UNDISCHARGED: the dump carries no forces]
   amendment 1: ladder of 8 grids derived from N=128 dims=3: 1x1x1 2x1x1 2x2x1 2x2x2 4x2x2 4x4x2 4x4x4 8x4x4
   grid 1x1x1 cells=1 occ=128.000 fluct=0.000 transport=0.0000 dn=11.31  G2 admissible: NO
      Spatial Exact Occ coll=44850 fire=0 D_A=0.000000 info=300 distinct=1 | D_B=0.000000 cov=1.000 | refines=true | VoidVacuous("fewer than 2 cells: the fields are the invariants")
      Spatial Exact Mom coll=34 fire=34 D_A=1.000000 info=60 distinct=269 | D_B=1.000000 cov=0.093 | refines=true | VoidVacuous("fewer than 2 cells: the fields are the invariants")
      Spatial Exact Ene coll=0 fire=0 D_A=n/a info=0 distinct=300 | D_B=n/a cov=0.000 | refines=true | VoidVacuous("fewer than 2 cells: the fields are the invariants")
      Spatial Poisson Occ coll=44850 fire=0 D_A=0.000000 info=300 distinct=1 | D_B=0.000000 cov=1.000 | refines=true | VoidVacuous("fewer than 2 cells: the fields are the invariants")
      Spatial Poisson Mom coll=34 fire=34 D_A=1.000000 info=60 distinct=269 | D_B=1.000000 cov=0.093 | refines=true | VoidVacuous("fewer than 2 cells: the fields are the invariants")
      Spatial Poisson Ene coll=0 fire=0 D_A=n/a info=0 distinct=300 | D_B=n/a cov=0.000 | refines=true | VoidVacuous("fewer than 2 cells: the fields are the invariants")
      Spatial CellScale Occ coll=44850 fire=0 D_A=0.000000 info=300 distinct=1 | D_B=0.000000 cov=1.000 | refines=true | VoidVacuous("fewer than 2 cells: the fields are the invariants")
      Spatial CellScale Mom coll=3083 fire=2828 D_A=0.917288 info=292 distinct=33 | D_B=0.920290 cov=0.920 | refines=true | VoidVacuous("fewer than 2 cells: the fields are the invariants")
      Spatial CellScale Ene coll=551 fire=541 D_A=0.981851 info=244 distinct=116 | D_B=0.989130 cov=0.613 | refines=true | VoidVacuous("fewer than 2 cells: the fields are the invariants")
      BlindLabel Exact Occ coll=44850 fire=0 D_A=0.000000 info=300 distinct=1 | D_B=0.000000 cov=1.000 | refines=true | VoidVacuous("fewer than 2 cells: the fields are the invariants")
      BlindLabel Exact Mom coll=34 fire=34 D_A=1.000000 info=60 distinct=269 | D_B=1.000000 cov=0.093 | refines=true | VoidVacuous("fewer than 2 cells: the fields are the invariants")
      BlindLabel Exact Ene coll=0 fire=0 D_A=n/a info=0 distinct=300 | D_B=n/a cov=0.000 | refines=true | VoidVacuous("fewer than 2 cells: the fields are the invariants")
      BlindLabel Poisson Occ coll=44850 fire=0 D_A=0.000000 info=300 distinct=1 | D_B=0.000000 cov=1.000 | refines=true | VoidVacuous("fewer than 2 cells: the fields are the invariants")
      BlindLabel Poisson Mom coll=34 fire=34 D_A=1.000000 info=60 distinct=269 | D_B=1.000000 cov=0.093 | refines=true | VoidVacuous("fewer than 2 cells: the fields are the invariants")
      BlindLabel Poisson Ene coll=0 fire=0 D_A=n/a info=0 distinct=300 | D_B=n/a cov=0.000 | refines=true | VoidVacuous("fewer than 2 cells: the fields are the invariants")
      BlindLabel CellScale Occ coll=44850 fire=0 D_A=0.000000 info=300 distinct=1 | D_B=0.000000 cov=1.000 | refines=true | VoidVacuous("fewer than 2 cells: the fields are the invariants")
      BlindLabel CellScale Mom coll=3083 fire=2828 D_A=0.917288 info=292 distinct=33 | D_B=0.920290 cov=0.920 | refines=true | VoidVacuous("fewer than 2 cells: the fields are the invariants")
      BlindLabel CellScale Ene coll=551 fire=541 D_A=0.981851 info=244 distinct=116 | D_B=0.989130 cov=0.613 | refines=true | VoidVacuous("fewer than 2 cells: the fields are the invariants")
      BlindIndex Exact Occ coll=44850 fire=0 D_A=0.000000 info=300 distinct=1 | D_B=0.000000 cov=1.000 | refines=true | VoidVacuous("fewer than 2 cells: the fields are the invariants")
      BlindIndex Exact Mom coll=34 fire=34 D_A=1.000000 info=60 distinct=269 | D_B=1.000000 cov=0.093 | refines=true | VoidVacuous("fewer than 2 cells: the fields are the invariants")
      BlindIndex Exact Ene coll=0 fire=0 D_A=n/a info=0 distinct=300 | D_B=n/a cov=0.000 | refines=true | VoidVacuous("fewer than 2 cells: the fields are the invariants")
      BlindIndex Poisson Occ coll=44850 fire=0 D_A=0.000000 info=300 distinct=1 | D_B=0.000000 cov=1.000 | refines=true | VoidVacuous("fewer than 2 cells: the fields are the invariants")
      BlindIndex Poisson Mom coll=34 fire=34 D_A=1.000000 info=60 distinct=269 | D_B=1.000000 cov=0.093 | refines=true | VoidVacuous("fewer than 2 cells: the fields are the invariants")
      BlindIndex Poisson Ene coll=0 fire=0 D_A=n/a info=0 distinct=300 | D_B=n/a cov=0.000 | refines=true | VoidVacuous("fewer than 2 cells: the fields are the invariants")
      BlindIndex CellScale Occ coll=44850 fire=0 D_A=0.000000 info=300 distinct=1 | D_B=0.000000 cov=1.000 | refines=true | VoidVacuous("fewer than 2 cells: the fields are the invariants")
      BlindIndex CellScale Mom coll=3083 fire=2828 D_A=0.917288 info=292 distinct=33 | D_B=0.920290 cov=0.920 | refines=true | VoidVacuous("fewer than 2 cells: the fields are the invariants")
      BlindIndex CellScale Ene coll=551 fire=541 D_A=0.981851 info=244 distinct=116 | D_B=0.989130 cov=0.613 | refines=true | VoidVacuous("fewer than 2 cells: the fields are the invariants")
      GlobalRelabel Exact Occ coll=44850 fire=0 D_A=0.000000 info=300 distinct=1 | D_B=0.000000 cov=1.000 | refines=true | VoidVacuous("fewer than 2 cells: the fields are the invariants")
      GlobalRelabel Exact Mom coll=34 fire=34 D_A=1.000000 info=60 distinct=269 | D_B=1.000000 cov=0.093 | refines=true | VoidVacuous("fewer than 2 cells: the fields are the invariants")
      GlobalRelabel Exact Ene coll=0 fire=0 D_A=n/a info=0 distinct=300 | D_B=n/a cov=0.000 | refines=true | VoidVacuous("fewer than 2 cells: the fields are the invariants")
      GlobalRelabel Poisson Occ coll=44850 fire=0 D_A=0.000000 info=300 distinct=1 | D_B=0.000000 cov=1.000 | refines=true | VoidVacuous("fewer than 2 cells: the fields are the invariants")
      GlobalRelabel Poisson Mom coll=34 fire=34 D_A=1.000000 info=60 distinct=269 | D_B=1.000000 cov=0.093 | refines=true | VoidVacuous("fewer than 2 cells: the fields are the invariants")
      GlobalRelabel Poisson Ene coll=0 fire=0 D_A=n/a info=0 distinct=300 | D_B=n/a cov=0.000 | refines=true | VoidVacuous("fewer than 2 cells: the fields are the invariants")
      GlobalRelabel CellScale Occ coll=44850 fire=0 D_A=0.000000 info=300 distinct=1 | D_B=0.000000 cov=1.000 | refines=true | VoidVacuous("fewer than 2 cells: the fields are the invariants")
      GlobalRelabel CellScale Mom coll=3083 fire=2828 D_A=0.917288 info=292 distinct=33 | D_B=0.920290 cov=0.920 | refines=true | VoidVacuous("fewer than 2 cells: the fields are the invariants")
      GlobalRelabel CellScale Ene coll=551 fire=541 D_A=0.981851 info=244 distinct=116 | D_B=0.989130 cov=0.613 | refines=true | VoidVacuous("fewer than 2 cells: the fields are the invariants")
   grid 2x1x1 cells=2 occ=64.000 fluct=0.032 transport=0.4400 dn=8.00  G2 admissible: NO
      Spatial Exact Occ coll=6841 fire=3591 D_A=0.524923 info=299 distinct=11 | D_B=0.430657 cov=0.913 | refines=true | NotClosed
      Spatial Exact Mom coll=0 fire=0 D_A=n/a info=0 distinct=300 | D_B=n/a cov=0.000 | refines=true | VoidWorkCount(0)
      Spatial Exact Ene coll=0 fire=0 D_A=n/a info=0 distinct=300 | D_B=n/a cov=0.000 | refines=true | VoidWorkCount(0)
      Spatial Poisson Occ coll=16018 fire=3319 D_A=0.207204 info=300 distinct=3 | D_B=0.100000 cov=1.000 | refines=true | NotClosed
         witnesses (listing capped at 10, count above is exact): (0,4) (0,201) (4,201)
      Spatial Poisson Mom coll=0 fire=0 D_A=n/a info=0 distinct=300 | D_B=n/a cov=0.000 | refines=true | VoidWorkCount(0)
      Spatial Poisson Ene coll=0 fire=0 D_A=n/a info=0 distinct=300 | D_B=n/a cov=0.000 | refines=true | VoidWorkCount(0)
      Spatial CellScale Occ coll=16018 fire=3319 D_A=0.207204 info=300 distinct=3 | D_B=0.100000 cov=1.000 | refines=true | NotClosed
      Spatial CellScale Mom coll=3 fire=3 D_A=1.000000 info=6 distinct=297 | D_B=1.000000 cov=0.007 | refines=true | VoidWorkCount(6)
      Spatial CellScale Ene coll=0 fire=0 D_A=n/a info=0 distinct=300 | D_B=n/a cov=0.000 | refines=true | VoidWorkCount(0)
      BlindLabel Exact Occ coll=6225 fire=3418 D_A=0.549076 info=300 distinct=10 | D_B=0.439189 cov=0.987 | refines=true | NotClosed
      BlindLabel Exact Mom coll=0 fire=0 D_A=n/a info=0 distinct=300 | D_B=n/a cov=0.000 | refines=true | VoidWorkCount(0)
      BlindLabel Exact Ene coll=0 fire=0 D_A=n/a info=0 distinct=300 | D_B=n/a cov=0.000 | refines=true | VoidWorkCount(0)
      BlindLabel Poisson Occ coll=38329 fire=1681 D_A=0.043857 info=300 distinct=4 | D_B=0.047297 cov=0.987 | refines=true | NotClosed
         witnesses (listing capped at 10, count above is exact): (0,28) (0,65) (28,65)
      BlindLabel Poisson Mom coll=0 fire=0 D_A=n/a info=0 distinct=300 | D_B=n/a cov=0.000 | refines=true | VoidWorkCount(0)
      BlindLabel Poisson Ene coll=0 fire=0 D_A=n/a info=0 distinct=300 | D_B=n/a cov=0.000 | refines=true | VoidWorkCount(0)
      BlindLabel CellScale Occ coll=38329 fire=1681 D_A=0.043857 info=300 distinct=4 | D_B=0.047297 cov=0.987 | refines=true | NotClosed
      BlindLabel CellScale Mom coll=10 fire=10 D_A=1.000000 info=20 distinct=290 | D_B=1.000000 cov=0.020 | refines=true | VoidWorkCount(20)
      BlindLabel CellScale Ene coll=0 fire=0 D_A=n/a info=0 distinct=300 | D_B=n/a cov=0.000 | refines=true | VoidWorkCount(0)
      BlindIndex Exact Occ coll=44850 fire=0 D_A=0.000000 info=300 distinct=1 | D_B=0.000000 cov=1.000 | refines=true | VoidVacuous("no transport: the chart is frozen")
      BlindIndex Exact Mom coll=0 fire=0 D_A=n/a info=0 distinct=300 | D_B=n/a cov=0.000 | refines=true | VoidVacuous("no transport: the chart is frozen")
      BlindIndex Exact Ene coll=0 fire=0 D_A=n/a info=0 distinct=300 | D_B=n/a cov=0.000 | refines=true | VoidVacuous("no transport: the chart is frozen")
      BlindIndex Poisson Occ coll=44850 fire=0 D_A=0.000000 info=300 distinct=1 | D_B=0.000000 cov=1.000 | refines=true | VoidVacuous("no transport: the chart is frozen")
      BlindIndex Poisson Mom coll=0 fire=0 D_A=n/a info=0 distinct=300 | D_B=n/a cov=0.000 | refines=true | VoidVacuous("no transport: the chart is frozen")
      BlindIndex Poisson Ene coll=0 fire=0 D_A=n/a info=0 distinct=300 | D_B=n/a cov=0.000 | refines=true | VoidVacuous("no transport: the chart is frozen")
      BlindIndex CellScale Occ coll=44850 fire=0 D_A=0.000000 info=300 distinct=1 | D_B=0.000000 cov=1.000 | refines=true | VoidVacuous("no transport: the chart is frozen")
      BlindIndex CellScale Mom coll=10 fire=10 D_A=1.000000 info=20 distinct=290 | D_B=1.000000 cov=0.040 | refines=true | VoidVacuous("no transport: the chart is frozen")
      BlindIndex CellScale Ene coll=1 fire=1 D_A=1.000000 info=2 distinct=299 | D_B=1.000000 cov=0.007 | refines=true | VoidVacuous("no transport: the chart is frozen")
      GlobalRelabel Exact Occ coll=6841 fire=3591 D_A=0.524923 info=299 distinct=11 | D_B=0.430657 cov=0.913 | refines=true | NotClosed
      GlobalRelabel Exact Mom coll=0 fire=0 D_A=n/a info=0 distinct=300 | D_B=n/a cov=0.000 | refines=true | VoidWorkCount(0)
      GlobalRelabel Exact Ene coll=0 fire=0 D_A=n/a info=0 distinct=300 | D_B=n/a cov=0.000 | refines=true | VoidWorkCount(0)
      GlobalRelabel Poisson Occ coll=16018 fire=3319 D_A=0.207204 info=300 distinct=3 | D_B=0.100000 cov=1.000 | refines=true | NotClosed
         witnesses (listing capped at 10, count above is exact): (0,4) (0,201) (4,201)
      GlobalRelabel Poisson Mom coll=0 fire=0 D_A=n/a info=0 distinct=300 | D_B=n/a cov=0.000 | refines=true | VoidWorkCount(0)
      GlobalRelabel Poisson Ene coll=0 fire=0 D_A=n/a info=0 distinct=300 | D_B=n/a cov=0.000 | refines=true | VoidWorkCount(0)
      GlobalRelabel CellScale Occ coll=16018 fire=3319 D_A=0.207204 info=300 distinct=3 | D_B=0.100000 cov=1.000 | refines=true | NotClosed
      GlobalRelabel CellScale Mom coll=3 fire=3 D_A=1.000000 info=6 distinct=297 | D_B=1.000000 cov=0.007 | refines=true | VoidWorkCount(6)
      GlobalRelabel CellScale Ene coll=0 fire=0 D_A=n/a info=0 distinct=300 | D_B=n/a cov=0.000 | refines=true | VoidWorkCount(0)
   grid 2x2x1 cells=4 occ=32.000 fluct=0.055 transport=0.6700 dn=5.66  G2 admissible: NO
      Spatial Exact Occ coll=387 fire=304 D_A=0.785530 info=252 distinct=125 | D_B=0.910714 cov=0.373 | refines=true | NotClosed
      Spatial Exact Mom coll=0 fire=0 D_A=n/a info=0 distinct=300 | D_B=n/a cov=0.000 | refines=true | VoidWorkCount(0)
      Spatial Exact Ene coll=0 fire=0 D_A=n/a info=0 distinct=300 | D_B=n/a cov=0.000 | refines=true | VoidWorkCount(0)
      Spatial Poisson Occ coll=8915 fire=2940 D_A=0.329781 info=300 distinct=12 | D_B=0.232000 cov=0.833 | refines=true | NotClosed
         witnesses (listing capped at 10, count above is exact): (62,63) (62,261) (62,289)
      Spatial Poisson Mom coll=0 fire=0 D_A=n/a info=0 distinct=300 | D_B=n/a cov=0.000 | refines=true | VoidWorkCount(0)
      Spatial Poisson Ene coll=0 fire=0 D_A=n/a info=0 distinct=300 | D_B=n/a cov=0.000 | refines=true | VoidWorkCount(0)
      Spatial CellScale Occ coll=8915 fire=2940 D_A=0.329781 info=300 distinct=12 | D_B=0.232000 cov=0.833 | refines=true | NotClosed
      Spatial CellScale Mom coll=0 fire=0 D_A=n/a info=0 distinct=300 | D_B=n/a cov=0.000 | refines=true | VoidWorkCount(0)
      Spatial CellScale Ene coll=0 fire=0 D_A=n/a info=0 distinct=300 | D_B=n/a cov=0.000 | refines=true | VoidWorkCount(0)
      BlindLabel Exact Occ coll=333 fire=263 D_A=0.789790 info=236 distinct=143 | D_B=0.666667 cov=0.060 | refines=true | NotClosed
      BlindLabel Exact Mom coll=0 fire=0 D_A=n/a info=0 distinct=300 | D_B=n/a cov=0.000 | refines=true | VoidWorkCount(0)
      BlindLabel Exact Ene coll=0 fire=0 D_A=n/a info=0 distinct=300 | D_B=n/a cov=0.000 | refines=true | VoidWorkCount(0)
      BlindLabel Poisson Occ coll=5571 fire=2382 D_A=0.427571 info=296 distinct=17 | D_B=0.307692 cov=0.693 | refines=true | NotClosed
         witnesses (listing capped at 10, count above is exact): (1,17) (1,30) (1,65)
      BlindLabel Poisson Mom coll=0 fire=0 D_A=n/a info=0 distinct=300 | D_B=n/a cov=0.000 | refines=true | VoidWorkCount(0)
      BlindLabel Poisson Ene coll=0 fire=0 D_A=n/a info=0 distinct=300 | D_B=n/a cov=0.000 | refines=true | VoidWorkCount(0)
      BlindLabel CellScale Occ coll=5571 fire=2382 D_A=0.427571 info=296 distinct=17 | D_B=0.307692 cov=0.693 | refines=true | NotClosed
      BlindLabel CellScale Mom coll=0 fire=0 D_A=n/a info=0 distinct=300 | D_B=n/a cov=0.000 | refines=true | VoidWorkCount(0)
      BlindLabel CellScale Ene coll=0 fire=0 D_A=n/a info=0 distinct=300 | D_B=n/a cov=0.000 | refines=true | VoidWorkCount(0)
      BlindIndex Exact Occ coll=44850 fire=0 D_A=0.000000 info=300 distinct=1 | D_B=0.000000 cov=1.000 | refines=true | VoidVacuous("no transport: the chart is frozen")
      BlindIndex Exact Mom coll=0 fire=0 D_A=n/a info=0 distinct=300 | D_B=n/a cov=0.000 | refines=true | VoidVacuous("no transport: the chart is frozen")
      BlindIndex Exact Ene coll=0 fire=0 D_A=n/a info=0 distinct=300 | D_B=n/a cov=0.000 | refines=true | VoidVacuous("no transport: the chart is frozen")
      BlindIndex Poisson Occ coll=44850 fire=0 D_A=0.000000 info=300 distinct=1 | D_B=0.000000 cov=1.000 | refines=true | VoidVacuous("no transport: the chart is frozen")
      BlindIndex Poisson Mom coll=0 fire=0 D_A=n/a info=0 distinct=300 | D_B=n/a cov=0.000 | refines=true | VoidVacuous("no transport: the chart is frozen")
      BlindIndex Poisson Ene coll=0 fire=0 D_A=n/a info=0 distinct=300 | D_B=n/a cov=0.000 | refines=true | VoidVacuous("no transport: the chart is frozen")
      BlindIndex CellScale Occ coll=44850 fire=0 D_A=0.000000 info=300 distinct=1 | D_B=0.000000 cov=1.000 | refines=true | VoidVacuous("no transport: the chart is frozen")
      BlindIndex CellScale Mom coll=0 fire=0 D_A=n/a info=0 distinct=300 | D_B=n/a cov=0.000 | refines=true | VoidVacuous("no transport: the chart is frozen")
      BlindIndex CellScale Ene coll=0 fire=0 D_A=n/a info=0 distinct=300 | D_B=n/a cov=0.000 | refines=true | VoidVacuous("no transport: the chart is frozen")
      GlobalRelabel Exact Occ coll=387 fire=304 D_A=0.785530 info=252 distinct=125 | D_B=0.892857 cov=0.373 | refines=true | NotClosed
      GlobalRelabel Exact Mom coll=0 fire=0 D_A=n/a info=0 distinct=300 | D_B=n/a cov=0.000 | refines=true | VoidWorkCount(0)
      GlobalRelabel Exact Ene coll=0 fire=0 D_A=n/a info=0 distinct=300 | D_B=n/a cov=0.000 | refines=true | VoidWorkCount(0)
      GlobalRelabel Poisson Occ coll=8915 fire=2940 D_A=0.329781 info=300 distinct=12 | D_B=0.232000 cov=0.833 | refines=true | NotClosed
         witnesses (listing capped at 10, count above is exact): (62,63) (62,261) (62,289)
      GlobalRelabel Poisson Mom coll=0 fire=0 D_A=n/a info=0 distinct=300 | D_B=n/a cov=0.000 | refines=true | VoidWorkCount(0)
      GlobalRelabel Poisson Ene coll=0 fire=0 D_A=n/a info=0 distinct=300 | D_B=n/a cov=0.000 | refines=true | VoidWorkCount(0)
      GlobalRelabel CellScale Occ coll=8915 fire=2940 D_A=0.329781 info=300 distinct=12 | D_B=0.232000 cov=0.833 | refines=true | NotClosed
      GlobalRelabel CellScale Mom coll=0 fire=0 D_A=n/a info=0 distinct=300 | D_B=n/a cov=0.000 | refines=true | VoidWorkCount(0)
      GlobalRelabel CellScale Ene coll=0 fire=0 D_A=n/a info=0 distinct=300 | D_B=n/a cov=0.000 | refines=true | VoidWorkCount(0)
   grid 2x2x2 cells=8 occ=16.000 fluct=0.108 transport=0.8567 dn=4.00  G2 admissible: NO
      Spatial Exact Occ coll=64 fire=58 D_A=0.906250 info=103 distinct=245 | D_B=1.000000 cov=0.013 | refines=true | VoidWorkCount(103)
      Spatial Exact Mom coll=0 fire=0 D_A=n/a info=0 distinct=300 | D_B=n/a cov=0.000 | refines=true | VoidWorkCount(0)
      Spatial Exact Ene coll=0 fire=0 D_A=n/a info=0 distinct=300 | D_B=n/a cov=0.000 | refines=true | VoidWorkCount(0)
      Spatial Poisson Occ coll=878 fire=494 D_A=0.562642 info=256 distinct=100 | D_B=0.766667 cov=0.200 | refines=true | NotClosed
         witnesses (listing capped at 10, count above is exact): (0,13) (0,124) (0,192)
      Spatial Poisson Mom coll=0 fire=0 D_A=n/a info=0 distinct=300 | D_B=n/a cov=0.000 | refines=true | VoidWorkCount(0)
      Spatial Poisson Ene coll=0 fire=0 D_A=n/a info=0 distinct=300 | D_B=n/a cov=0.000 | refines=true | VoidWorkCount(0)
      Spatial CellScale Occ coll=878 fire=494 D_A=0.562642 info=256 distinct=100 | D_B=0.766667 cov=0.200 | refines=true | NotClosed
      Spatial CellScale Mom coll=0 fire=0 D_A=n/a info=0 distinct=300 | D_B=n/a cov=0.000 | refines=true | VoidWorkCount(0)
      Spatial CellScale Ene coll=0 fire=0 D_A=n/a info=0 distinct=300 | D_B=n/a cov=0.000 | refines=true | VoidWorkCount(0)
      BlindLabel Exact Occ coll=52 fire=49 D_A=0.942308 info=95 distinct=251 | D_B=1.000000 cov=0.007 | refines=true | VoidWorkCount(95)
      BlindLabel Exact Mom coll=0 fire=0 D_A=n/a info=0 distinct=300 | D_B=n/a cov=0.000 | refines=true | VoidWorkCount(0)
      BlindLabel Exact Ene coll=0 fire=0 D_A=n/a info=0 distinct=300 | D_B=n/a cov=0.000 | refines=true | VoidWorkCount(0)
      BlindLabel Poisson Occ coll=940 fire=579 D_A=0.615957 info=272 distinct=82 | D_B=0.633333 cov=0.400 | refines=true | NotClosed
         witnesses (listing capped at 10, count above is exact): (3,4) (3,20) (65,67)
      BlindLabel Poisson Mom coll=0 fire=0 D_A=n/a info=0 distinct=300 | D_B=n/a cov=0.000 | refines=true | VoidWorkCount(0)
      BlindLabel Poisson Ene coll=0 fire=0 D_A=n/a info=0 distinct=300 | D_B=n/a cov=0.000 | refines=true | VoidWorkCount(0)
      BlindLabel CellScale Occ coll=940 fire=579 D_A=0.615957 info=272 distinct=82 | D_B=0.633333 cov=0.400 | refines=true | NotClosed
      BlindLabel CellScale Mom coll=0 fire=0 D_A=n/a info=0 distinct=300 | D_B=n/a cov=0.000 | refines=true | VoidWorkCount(0)
      BlindLabel CellScale Ene coll=0 fire=0 D_A=n/a info=0 distinct=300 | D_B=n/a cov=0.000 | refines=true | VoidWorkCount(0)
      BlindIndex Exact Occ coll=44850 fire=0 D_A=0.000000 info=300 distinct=1 | D_B=0.000000 cov=1.000 | refines=true | VoidVacuous("no transport: the chart is frozen")
      BlindIndex Exact Mom coll=0 fire=0 D_A=n/a info=0 distinct=300 | D_B=n/a cov=0.000 | refines=true | VoidVacuous("no transport: the chart is frozen")
      BlindIndex Exact Ene coll=0 fire=0 D_A=n/a info=0 distinct=300 | D_B=n/a cov=0.000 | refines=true | VoidVacuous("no transport: the chart is frozen")
      BlindIndex Poisson Occ coll=44850 fire=0 D_A=0.000000 info=300 distinct=1 | D_B=0.000000 cov=1.000 | refines=true | VoidVacuous("no transport: the chart is frozen")
      BlindIndex Poisson Mom coll=0 fire=0 D_A=n/a info=0 distinct=300 | D_B=n/a cov=0.000 | refines=true | VoidVacuous("no transport: the chart is frozen")
      BlindIndex Poisson Ene coll=0 fire=0 D_A=n/a info=0 distinct=300 | D_B=n/a cov=0.000 | refines=true | VoidVacuous("no transport: the chart is frozen")
      BlindIndex CellScale Occ coll=44850 fire=0 D_A=0.000000 info=300 distinct=1 | D_B=0.000000 cov=1.000 | refines=true | VoidVacuous("no transport: the chart is frozen")
      BlindIndex CellScale Mom coll=0 fire=0 D_A=n/a info=0 distinct=300 | D_B=n/a cov=0.000 | refines=true | VoidVacuous("no transport: the chart is frozen")
      BlindIndex CellScale Ene coll=0 fire=0 D_A=n/a info=0 distinct=300 | D_B=n/a cov=0.000 | refines=true | VoidVacuous("no transport: the chart is frozen")
      GlobalRelabel Exact Occ coll=64 fire=58 D_A=0.906250 info=103 distinct=245 | D_B=1.000000 cov=0.013 | refines=true | VoidWorkCount(103)
      GlobalRelabel Exact Mom coll=0 fire=0 D_A=n/a info=0 distinct=300 | D_B=n/a cov=0.000 | refines=true | VoidWorkCount(0)
      GlobalRelabel Exact Ene coll=0 fire=0 D_A=n/a info=0 distinct=300 | D_B=n/a cov=0.000 | refines=true | VoidWorkCount(0)
      GlobalRelabel Poisson Occ coll=878 fire=494 D_A=0.562642 info=256 distinct=100 | D_B=0.633333 cov=0.200 | refines=true | NotClosed
         witnesses (listing capped at 10, count above is exact): (23,24) (23,137) (24,137)
      GlobalRelabel Poisson Mom coll=0 fire=0 D_A=n/a info=0 distinct=300 | D_B=n/a cov=0.000 | refines=true | VoidWorkCount(0)
      GlobalRelabel Poisson Ene coll=0 fire=0 D_A=n/a info=0 distinct=300 | D_B=n/a cov=0.000 | refines=true | VoidWorkCount(0)
      GlobalRelabel CellScale Occ coll=878 fire=494 D_A=0.562642 info=256 distinct=100 | D_B=0.633333 cov=0.200 | refines=true | NotClosed
      GlobalRelabel CellScale Mom coll=0 fire=0 D_A=n/a info=0 distinct=300 | D_B=n/a cov=0.000 | refines=true | VoidWorkCount(0)
      GlobalRelabel CellScale Ene coll=0 fire=0 D_A=n/a info=0 distinct=300 | D_B=n/a cov=0.000 | refines=true | VoidWorkCount(0)
   grid 4x2x2 cells=16 occ=8.000 fluct=0.171 transport=0.9067 dn=2.83  G2 admissible: NO
      Spatial Exact Occ coll=32 fire=32 D_A=1.000000 info=61 distinct=269 | D_B=1.000000 cov=0.007 | refines=true | VoidWorkCount(61)
      Spatial Exact Mom coll=0 fire=0 D_A=n/a info=0 distinct=300 | D_B=n/a cov=0.000 | refines=true | VoidWorkCount(0)
      Spatial Exact Ene coll=0 fire=0 D_A=n/a info=0 distinct=300 | D_B=n/a cov=0.000 | refines=true | VoidWorkCount(0)
      Spatial Poisson Occ coll=214 fire=151 D_A=0.705607 info=183 distinct=184 | D_B=1.000000 cov=0.007 | refines=true | VoidWorkCount(183)
         witnesses (listing capped at 10, count above is exact): (3,4) (3,16) (4,16)
      Spatial Poisson Mom coll=0 fire=0 D_A=n/a info=0 distinct=300 | D_B=n/a cov=0.000 | refines=true | VoidWorkCount(0)
      Spatial Poisson Ene coll=0 fire=0 D_A=n/a info=0 distinct=300 | D_B=n/a cov=0.000 | refines=true | VoidWorkCount(0)
      Spatial CellScale Occ coll=214 fire=151 D_A=0.705607 info=183 distinct=184 | D_B=1.000000 cov=0.007 | refines=true | VoidWorkCount(183)
      Spatial CellScale Mom coll=0 fire=0 D_A=n/a info=0 distinct=300 | D_B=n/a cov=0.000 | refines=true | VoidWorkCount(0)
      Spatial CellScale Ene coll=0 fire=0 D_A=n/a info=0 distinct=300 | D_B=n/a cov=0.000 | refines=true | VoidWorkCount(0)
      BlindLabel Exact Occ coll=30 fire=29 D_A=0.966667 info=57 distinct=271 | D_B=1.000000 cov=0.007 | refines=true | VoidWorkCount(57)
      BlindLabel Exact Mom coll=0 fire=0 D_A=n/a info=0 distinct=300 | D_B=n/a cov=0.000 | refines=true | VoidWorkCount(0)
      BlindLabel Exact Ene coll=0 fire=0 D_A=n/a info=0 distinct=300 | D_B=n/a cov=0.000 | refines=true | VoidWorkCount(0)
      BlindLabel Poisson Occ coll=155 fire=112 D_A=0.722581 info=167 distinct=198 | D_B=1.000000 cov=0.007 | refines=true | VoidWorkCount(167)
         witnesses (listing capped at 10, count above is exact): (31,33) (31,34) (33,34)
      BlindLabel Poisson Mom coll=0 fire=0 D_A=n/a info=0 distinct=300 | D_B=n/a cov=0.000 | refines=true | VoidWorkCount(0)
      BlindLabel Poisson Ene coll=0 fire=0 D_A=n/a info=0 distinct=300 | D_B=n/a cov=0.000 | refines=true | VoidWorkCount(0)
      BlindLabel CellScale Occ coll=155 fire=112 D_A=0.722581 info=167 distinct=198 | D_B=1.000000 cov=0.007 | refines=true | VoidWorkCount(167)
      BlindLabel CellScale Mom coll=0 fire=0 D_A=n/a info=0 distinct=300 | D_B=n/a cov=0.000 | refines=true | VoidWorkCount(0)
      BlindLabel CellScale Ene coll=0 fire=0 D_A=n/a info=0 distinct=300 | D_B=n/a cov=0.000 | refines=true | VoidWorkCount(0)
      BlindIndex Exact Occ coll=44850 fire=0 D_A=0.000000 info=300 distinct=1 | D_B=0.000000 cov=1.000 | refines=true | VoidVacuous("no transport: the chart is frozen")
      BlindIndex Exact Mom coll=0 fire=0 D_A=n/a info=0 distinct=300 | D_B=n/a cov=0.000 | refines=true | VoidVacuous("no transport: the chart is frozen")
      BlindIndex Exact Ene coll=0 fire=0 D_A=n/a info=0 distinct=300 | D_B=n/a cov=0.000 | refines=true | VoidVacuous("no transport: the chart is frozen")
      BlindIndex Poisson Occ coll=44850 fire=0 D_A=0.000000 info=300 distinct=1 | D_B=0.000000 cov=1.000 | refines=true | VoidVacuous("no transport: the chart is frozen")
      BlindIndex Poisson Mom coll=0 fire=0 D_A=n/a info=0 distinct=300 | D_B=n/a cov=0.000 | refines=true | VoidVacuous("no transport: the chart is frozen")
      BlindIndex Poisson Ene coll=0 fire=0 D_A=n/a info=0 distinct=300 | D_B=n/a cov=0.000 | refines=true | VoidVacuous("no transport: the chart is frozen")
      BlindIndex CellScale Occ coll=44850 fire=0 D_A=0.000000 info=300 distinct=1 | D_B=0.000000 cov=1.000 | refines=true | VoidVacuous("no transport: the chart is frozen")
      BlindIndex CellScale Mom coll=0 fire=0 D_A=n/a info=0 distinct=300 | D_B=n/a cov=0.000 | refines=true | VoidVacuous("no transport: the chart is frozen")
      BlindIndex CellScale Ene coll=0 fire=0 D_A=n/a info=0 distinct=300 | D_B=n/a cov=0.000 | refines=true | VoidVacuous("no transport: the chart is frozen")
      GlobalRelabel Exact Occ coll=32 fire=32 D_A=1.000000 info=61 distinct=269 | D_B=1.000000 cov=0.007 | refines=true | VoidWorkCount(61)
      GlobalRelabel Exact Mom coll=0 fire=0 D_A=n/a info=0 distinct=300 | D_B=n/a cov=0.000 | refines=true | VoidWorkCount(0)
      GlobalRelabel Exact Ene coll=0 fire=0 D_A=n/a info=0 distinct=300 | D_B=n/a cov=0.000 | refines=true | VoidWorkCount(0)
      GlobalRelabel Poisson Occ coll=214 fire=151 D_A=0.705607 info=183 distinct=184 | D_B=1.000000 cov=0.007 | refines=true | VoidWorkCount(183)
         witnesses (listing capped at 10, count above is exact): (32,34) (63,67) (119,121)
      GlobalRelabel Poisson Mom coll=0 fire=0 D_A=n/a info=0 distinct=300 | D_B=n/a cov=0.000 | refines=true | VoidWorkCount(0)
      GlobalRelabel Poisson Ene coll=0 fire=0 D_A=n/a info=0 distinct=300 | D_B=n/a cov=0.000 | refines=true | VoidWorkCount(0)
      GlobalRelabel CellScale Occ coll=214 fire=151 D_A=0.705607 info=183 distinct=184 | D_B=1.000000 cov=0.007 | refines=true | VoidWorkCount(183)
      GlobalRelabel CellScale Mom coll=0 fire=0 D_A=n/a info=0 distinct=300 | D_B=n/a cov=0.000 | refines=true | VoidWorkCount(0)
      GlobalRelabel CellScale Ene coll=0 fire=0 D_A=n/a info=0 distinct=300 | D_B=n/a cov=0.000 | refines=true | VoidWorkCount(0)
   grid 4x4x2 cells=32 occ=4.000 fluct=0.261 transport=0.9533 dn=2.00  G2 admissible: NO
      Spatial Exact Occ coll=17 fire=17 D_A=1.000000 info=34 distinct=283 | D_B=n/a cov=0.000 | refines=true | VoidWorkCount(34)
      Spatial Exact Mom coll=0 fire=0 D_A=n/a info=0 distinct=300 | D_B=n/a cov=0.000 | refines=true | VoidWorkCount(0)
      Spatial Exact Ene coll=0 fire=0 D_A=n/a info=0 distinct=300 | D_B=n/a cov=0.000 | refines=true | VoidWorkCount(0)
      Spatial Poisson Occ coll=44 fire=41 D_A=0.931818 info=79 distinct=259 | D_B=1.000000 cov=0.007 | refines=true | VoidWorkCount(79)
         witnesses (listing capped at 10, count above is exact): (13,15) (59,61) (73,74)
      Spatial Poisson Mom coll=0 fire=0 D_A=n/a info=0 distinct=300 | D_B=n/a cov=0.000 | refines=true | VoidWorkCount(0)
      Spatial Poisson Ene coll=0 fire=0 D_A=n/a info=0 distinct=300 | D_B=n/a cov=0.000 | refines=true | VoidWorkCount(0)
      Spatial CellScale Occ coll=44 fire=41 D_A=0.931818 info=79 distinct=259 | D_B=1.000000 cov=0.007 | refines=true | VoidWorkCount(79)
      Spatial CellScale Mom coll=0 fire=0 D_A=n/a info=0 distinct=300 | D_B=n/a cov=0.000 | refines=true | VoidWorkCount(0)
      Spatial CellScale Ene coll=0 fire=0 D_A=n/a info=0 distinct=300 | D_B=n/a cov=0.000 | refines=true | VoidWorkCount(0)
      BlindLabel Exact Occ coll=14 fire=14 D_A=1.000000 info=28 distinct=286 | D_B=n/a cov=0.000 | refines=true | VoidWorkCount(28)
      BlindLabel Exact Mom coll=0 fire=0 D_A=n/a info=0 distinct=300 | D_B=n/a cov=0.000 | refines=true | VoidWorkCount(0)
      BlindLabel Exact Ene coll=0 fire=0 D_A=n/a info=0 distinct=300 | D_B=n/a cov=0.000 | refines=true | VoidWorkCount(0)
      BlindLabel Poisson Occ coll=34 fire=34 D_A=1.000000 info=68 distinct=266 | D_B=n/a cov=0.000 | refines=true | VoidWorkCount(68)
         witnesses (listing capped at 10, count above is exact): (15,16) (23,24) (66,67)
      BlindLabel Poisson Mom coll=0 fire=0 D_A=n/a info=0 distinct=300 | D_B=n/a cov=0.000 | refines=true | VoidWorkCount(0)
      BlindLabel Poisson Ene coll=0 fire=0 D_A=n/a info=0 distinct=300 | D_B=n/a cov=0.000 | refines=true | VoidWorkCount(0)
      BlindLabel CellScale Occ coll=34 fire=34 D_A=1.000000 info=68 distinct=266 | D_B=n/a cov=0.000 | refines=true | VoidWorkCount(68)
      BlindLabel CellScale Mom coll=0 fire=0 D_A=n/a info=0 distinct=300 | D_B=n/a cov=0.000 | refines=true | VoidWorkCount(0)
      BlindLabel CellScale Ene coll=0 fire=0 D_A=n/a info=0 distinct=300 | D_B=n/a cov=0.000 | refines=true | VoidWorkCount(0)
      BlindIndex Exact Occ coll=44850 fire=0 D_A=0.000000 info=300 distinct=1 | D_B=0.000000 cov=1.000 | refines=true | VoidVacuous("no transport: the chart is frozen")
      BlindIndex Exact Mom coll=0 fire=0 D_A=n/a info=0 distinct=300 | D_B=n/a cov=0.000 | refines=true | VoidVacuous("no transport: the chart is frozen")
      BlindIndex Exact Ene coll=0 fire=0 D_A=n/a info=0 distinct=300 | D_B=n/a cov=0.000 | refines=true | VoidVacuous("no transport: the chart is frozen")
      BlindIndex Poisson Occ coll=44850 fire=0 D_A=0.000000 info=300 distinct=1 | D_B=0.000000 cov=1.000 | refines=true | VoidVacuous("no transport: the chart is frozen")
      BlindIndex Poisson Mom coll=0 fire=0 D_A=n/a info=0 distinct=300 | D_B=n/a cov=0.000 | refines=true | VoidVacuous("no transport: the chart is frozen")
      BlindIndex Poisson Ene coll=0 fire=0 D_A=n/a info=0 distinct=300 | D_B=n/a cov=0.000 | refines=true | VoidVacuous("no transport: the chart is frozen")
      BlindIndex CellScale Occ coll=44850 fire=0 D_A=0.000000 info=300 distinct=1 | D_B=0.000000 cov=1.000 | refines=true | VoidVacuous("no transport: the chart is frozen")
      BlindIndex CellScale Mom coll=0 fire=0 D_A=n/a info=0 distinct=300 | D_B=n/a cov=0.000 | refines=true | VoidVacuous("no transport: the chart is frozen")
      BlindIndex CellScale Ene coll=0 fire=0 D_A=n/a info=0 distinct=300 | D_B=n/a cov=0.000 | refines=true | VoidVacuous("no transport: the chart is frozen")
      GlobalRelabel Exact Occ coll=17 fire=17 D_A=1.000000 info=34 distinct=283 | D_B=n/a cov=0.000 | refines=true | VoidWorkCount(34)
      GlobalRelabel Exact Mom coll=0 fire=0 D_A=n/a info=0 distinct=300 | D_B=n/a cov=0.000 | refines=true | VoidWorkCount(0)
      GlobalRelabel Exact Ene coll=0 fire=0 D_A=n/a info=0 distinct=300 | D_B=n/a cov=0.000 | refines=true | VoidWorkCount(0)
      GlobalRelabel Poisson Occ coll=44 fire=41 D_A=0.931818 info=79 distinct=259 | D_B=1.000000 cov=0.007 | refines=true | VoidWorkCount(79)
         witnesses (listing capped at 10, count above is exact): (3,4) (38,39) (59,61)
      GlobalRelabel Poisson Mom coll=0 fire=0 D_A=n/a info=0 distinct=300 | D_B=n/a cov=0.000 | refines=true | VoidWorkCount(0)
      GlobalRelabel Poisson Ene coll=0 fire=0 D_A=n/a info=0 distinct=300 | D_B=n/a cov=0.000 | refines=true | VoidWorkCount(0)
      GlobalRelabel CellScale Occ coll=44 fire=41 D_A=0.931818 info=79 distinct=259 | D_B=1.000000 cov=0.007 | refines=true | VoidWorkCount(79)
      GlobalRelabel CellScale Mom coll=0 fire=0 D_A=n/a info=0 distinct=300 | D_B=n/a cov=0.000 | refines=true | VoidWorkCount(0)
      GlobalRelabel CellScale Ene coll=0 fire=0 D_A=n/a info=0 distinct=300 | D_B=n/a cov=0.000 | refines=true | VoidWorkCount(0)
   grid 4x4x4 cells=64 occ=2.000 fluct=0.414 transport=0.9800 dn=1.41  G2 admissible: NO
      Spatial Exact Occ coll=6 fire=6 D_A=1.000000 info=12 distinct=294 | D_B=n/a cov=0.000 | refines=true | VoidWorkCount(12)
      Spatial Exact Mom coll=0 fire=0 D_A=n/a info=0 distinct=300 | D_B=n/a cov=0.000 | refines=true | VoidWorkCount(0)
      Spatial Exact Ene coll=0 fire=0 D_A=n/a info=0 distinct=300 | D_B=n/a cov=0.000 | refines=true | VoidWorkCount(0)
      Spatial Poisson Occ coll=9 fire=9 D_A=1.000000 info=18 distinct=291 | D_B=n/a cov=0.000 | refines=true | VoidWorkCount(18)
         witnesses (listing capped at 10, count above is exact): (4,6) (66,67) (76,77)
      Spatial Poisson Mom coll=0 fire=0 D_A=n/a info=0 distinct=300 | D_B=n/a cov=0.000 | refines=true | VoidWorkCount(0)
      Spatial Poisson Ene coll=0 fire=0 D_A=n/a info=0 distinct=300 | D_B=n/a cov=0.000 | refines=true | VoidWorkCount(0)
      Spatial CellScale Occ coll=9 fire=9 D_A=1.000000 info=18 distinct=291 | D_B=n/a cov=0.000 | refines=true | VoidWorkCount(18)
      Spatial CellScale Mom coll=0 fire=0 D_A=n/a info=0 distinct=300 | D_B=n/a cov=0.000 | refines=true | VoidWorkCount(0)
      Spatial CellScale Ene coll=0 fire=0 D_A=n/a info=0 distinct=300 | D_B=n/a cov=0.000 | refines=true | VoidWorkCount(0)
      BlindLabel Exact Occ coll=6 fire=6 D_A=1.000000 info=12 distinct=294 | D_B=n/a cov=0.000 | refines=true | VoidWorkCount(12)
      BlindLabel Exact Mom coll=0 fire=0 D_A=n/a info=0 distinct=300 | D_B=n/a cov=0.000 | refines=true | VoidWorkCount(0)
      BlindLabel Exact Ene coll=0 fire=0 D_A=n/a info=0 distinct=300 | D_B=n/a cov=0.000 | refines=true | VoidWorkCount(0)
      BlindLabel Poisson Occ coll=13 fire=12 D_A=0.923077 info=23 distinct=288 | D_B=n/a cov=0.000 | refines=true | VoidWorkCount(23)
         witnesses (listing capped at 10, count above is exact): (29,30) (66,67) (76,77)
      BlindLabel Poisson Mom coll=0 fire=0 D_A=n/a info=0 distinct=300 | D_B=n/a cov=0.000 | refines=true | VoidWorkCount(0)
      BlindLabel Poisson Ene coll=0 fire=0 D_A=n/a info=0 distinct=300 | D_B=n/a cov=0.000 | refines=true | VoidWorkCount(0)
      BlindLabel CellScale Occ coll=13 fire=12 D_A=0.923077 info=23 distinct=288 | D_B=n/a cov=0.000 | refines=true | VoidWorkCount(23)
      BlindLabel CellScale Mom coll=0 fire=0 D_A=n/a info=0 distinct=300 | D_B=n/a cov=0.000 | refines=true | VoidWorkCount(0)
      BlindLabel CellScale Ene coll=0 fire=0 D_A=n/a info=0 distinct=300 | D_B=n/a cov=0.000 | refines=true | VoidWorkCount(0)
      BlindIndex Exact Occ coll=44850 fire=0 D_A=0.000000 info=300 distinct=1 | D_B=0.000000 cov=1.000 | refines=true | VoidVacuous("no transport: the chart is frozen")
      BlindIndex Exact Mom coll=0 fire=0 D_A=n/a info=0 distinct=300 | D_B=n/a cov=0.000 | refines=true | VoidVacuous("no transport: the chart is frozen")
      BlindIndex Exact Ene coll=0 fire=0 D_A=n/a info=0 distinct=300 | D_B=n/a cov=0.000 | refines=true | VoidVacuous("no transport: the chart is frozen")
      BlindIndex Poisson Occ coll=44850 fire=0 D_A=0.000000 info=300 distinct=1 | D_B=0.000000 cov=1.000 | refines=true | VoidVacuous("no transport: the chart is frozen")
      BlindIndex Poisson Mom coll=0 fire=0 D_A=n/a info=0 distinct=300 | D_B=n/a cov=0.000 | refines=true | VoidVacuous("no transport: the chart is frozen")
      BlindIndex Poisson Ene coll=0 fire=0 D_A=n/a info=0 distinct=300 | D_B=n/a cov=0.000 | refines=true | VoidVacuous("no transport: the chart is frozen")
      BlindIndex CellScale Occ coll=44850 fire=0 D_A=0.000000 info=300 distinct=1 | D_B=0.000000 cov=1.000 | refines=true | VoidVacuous("no transport: the chart is frozen")
      BlindIndex CellScale Mom coll=0 fire=0 D_A=n/a info=0 distinct=300 | D_B=n/a cov=0.000 | refines=true | VoidVacuous("no transport: the chart is frozen")
      BlindIndex CellScale Ene coll=0 fire=0 D_A=n/a info=0 distinct=300 | D_B=n/a cov=0.000 | refines=true | VoidVacuous("no transport: the chart is frozen")
      GlobalRelabel Exact Occ coll=6 fire=6 D_A=1.000000 info=12 distinct=294 | D_B=n/a cov=0.000 | refines=true | VoidWorkCount(12)
      GlobalRelabel Exact Mom coll=0 fire=0 D_A=n/a info=0 distinct=300 | D_B=n/a cov=0.000 | refines=true | VoidWorkCount(0)
      GlobalRelabel Exact Ene coll=0 fire=0 D_A=n/a info=0 distinct=300 | D_B=n/a cov=0.000 | refines=true | VoidWorkCount(0)
      GlobalRelabel Poisson Occ coll=9 fire=9 D_A=1.000000 info=18 distinct=291 | D_B=n/a cov=0.000 | refines=true | VoidWorkCount(18)
         witnesses (listing capped at 10, count above is exact): (4,6) (66,67) (76,77)
      GlobalRelabel Poisson Mom coll=0 fire=0 D_A=n/a info=0 distinct=300 | D_B=n/a cov=0.000 | refines=true | VoidWorkCount(0)
      GlobalRelabel Poisson Ene coll=0 fire=0 D_A=n/a info=0 distinct=300 | D_B=n/a cov=0.000 | refines=true | VoidWorkCount(0)
      GlobalRelabel CellScale Occ coll=9 fire=9 D_A=1.000000 info=18 distinct=291 | D_B=n/a cov=0.000 | refines=true | VoidWorkCount(18)
      GlobalRelabel CellScale Mom coll=0 fire=0 D_A=n/a info=0 distinct=300 | D_B=n/a cov=0.000 | refines=true | VoidWorkCount(0)
      GlobalRelabel CellScale Ene coll=0 fire=0 D_A=n/a info=0 distinct=300 | D_B=n/a cov=0.000 | refines=true | VoidWorkCount(0)
   grid 8x4x4 cells=128 occ=1.000 fluct=0.703 transport=0.9933 dn=1.00  G2 admissible: NO
      Spatial Exact Occ coll=2 fire=2 D_A=1.000000 info=4 distinct=298 | D_B=n/a cov=0.000 | refines=true | VoidWorkCount(4)
      Spatial Exact Mom coll=0 fire=0 D_A=n/a info=0 distinct=300 | D_B=n/a cov=0.000 | refines=true | VoidWorkCount(0)
      Spatial Exact Ene coll=0 fire=0 D_A=n/a info=0 distinct=300 | D_B=n/a cov=0.000 | refines=true | VoidWorkCount(0)
      Spatial Poisson Occ coll=2 fire=2 D_A=1.000000 info=4 distinct=298 | D_B=n/a cov=0.000 | refines=true | VoidWorkCount(4)
         witnesses (listing capped at 10, count above is exact): (66,67) (90,91)
      Spatial Poisson Mom coll=0 fire=0 D_A=n/a info=0 distinct=300 | D_B=n/a cov=0.000 | refines=true | VoidWorkCount(0)
      Spatial Poisson Ene coll=0 fire=0 D_A=n/a info=0 distinct=300 | D_B=n/a cov=0.000 | refines=true | VoidWorkCount(0)
      Spatial CellScale Occ coll=2 fire=2 D_A=1.000000 info=4 distinct=298 | D_B=n/a cov=0.000 | refines=true | VoidWorkCount(4)
      Spatial CellScale Mom coll=0 fire=0 D_A=n/a info=0 distinct=300 | D_B=n/a cov=0.000 | refines=true | VoidWorkCount(0)
      Spatial CellScale Ene coll=0 fire=0 D_A=n/a info=0 distinct=300 | D_B=n/a cov=0.000 | refines=true | VoidWorkCount(0)
      BlindLabel Exact Occ coll=2 fire=2 D_A=1.000000 info=4 distinct=298 | D_B=n/a cov=0.000 | refines=true | VoidWorkCount(4)
      BlindLabel Exact Mom coll=0 fire=0 D_A=n/a info=0 distinct=300 | D_B=n/a cov=0.000 | refines=true | VoidWorkCount(0)
      BlindLabel Exact Ene coll=0 fire=0 D_A=n/a info=0 distinct=300 | D_B=n/a cov=0.000 | refines=true | VoidWorkCount(0)
      BlindLabel Poisson Occ coll=2 fire=2 D_A=1.000000 info=4 distinct=298 | D_B=n/a cov=0.000 | refines=true | VoidWorkCount(4)
         witnesses (listing capped at 10, count above is exact): (66,67) (90,91)
      BlindLabel Poisson Mom coll=0 fire=0 D_A=n/a info=0 distinct=300 | D_B=n/a cov=0.000 | refines=true | VoidWorkCount(0)
      BlindLabel Poisson Ene coll=0 fire=0 D_A=n/a info=0 distinct=300 | D_B=n/a cov=0.000 | refines=true | VoidWorkCount(0)
      BlindLabel CellScale Occ coll=2 fire=2 D_A=1.000000 info=4 distinct=298 | D_B=n/a cov=0.000 | refines=true | VoidWorkCount(4)
      BlindLabel CellScale Mom coll=0 fire=0 D_A=n/a info=0 distinct=300 | D_B=n/a cov=0.000 | refines=true | VoidWorkCount(0)
      BlindLabel CellScale Ene coll=0 fire=0 D_A=n/a info=0 distinct=300 | D_B=n/a cov=0.000 | refines=true | VoidWorkCount(0)
      BlindIndex Exact Occ coll=44850 fire=0 D_A=0.000000 info=300 distinct=1 | D_B=0.000000 cov=1.000 | refines=true | VoidVacuous("no transport: the chart is frozen")
      BlindIndex Exact Mom coll=0 fire=0 D_A=n/a info=0 distinct=300 | D_B=n/a cov=0.000 | refines=true | VoidVacuous("no transport: the chart is frozen")
      BlindIndex Exact Ene coll=0 fire=0 D_A=n/a info=0 distinct=300 | D_B=n/a cov=0.000 | refines=true | VoidVacuous("no transport: the chart is frozen")
      BlindIndex Poisson Occ coll=44850 fire=0 D_A=0.000000 info=300 distinct=1 | D_B=0.000000 cov=1.000 | refines=true | VoidVacuous("no transport: the chart is frozen")
      BlindIndex Poisson Mom coll=0 fire=0 D_A=n/a info=0 distinct=300 | D_B=n/a cov=0.000 | refines=true | VoidVacuous("no transport: the chart is frozen")
      BlindIndex Poisson Ene coll=0 fire=0 D_A=n/a info=0 distinct=300 | D_B=n/a cov=0.000 | refines=true | VoidVacuous("no transport: the chart is frozen")
      BlindIndex CellScale Occ coll=44850 fire=0 D_A=0.000000 info=300 distinct=1 | D_B=0.000000 cov=1.000 | refines=true | VoidVacuous("no transport: the chart is frozen")
      BlindIndex CellScale Mom coll=0 fire=0 D_A=n/a info=0 distinct=300 | D_B=n/a cov=0.000 | refines=true | VoidVacuous("no transport: the chart is frozen")
      BlindIndex CellScale Ene coll=0 fire=0 D_A=n/a info=0 distinct=300 | D_B=n/a cov=0.000 | refines=true | VoidVacuous("no transport: the chart is frozen")
      GlobalRelabel Exact Occ coll=2 fire=2 D_A=1.000000 info=4 distinct=298 | D_B=n/a cov=0.000 | refines=true | VoidWorkCount(4)
      GlobalRelabel Exact Mom coll=0 fire=0 D_A=n/a info=0 distinct=300 | D_B=n/a cov=0.000 | refines=true | VoidWorkCount(0)
      GlobalRelabel Exact Ene coll=0 fire=0 D_A=n/a info=0 distinct=300 | D_B=n/a cov=0.000 | refines=true | VoidWorkCount(0)
      GlobalRelabel Poisson Occ coll=2 fire=2 D_A=1.000000 info=4 distinct=298 | D_B=n/a cov=0.000 | refines=true | VoidWorkCount(4)
         witnesses (listing capped at 10, count above is exact): (66,67) (90,91)
      GlobalRelabel Poisson Mom coll=0 fire=0 D_A=n/a info=0 distinct=300 | D_B=n/a cov=0.000 | refines=true | VoidWorkCount(0)
      GlobalRelabel Poisson Ene coll=0 fire=0 D_A=n/a info=0 distinct=300 | D_B=n/a cov=0.000 | refines=true | VoidWorkCount(0)
      GlobalRelabel CellScale Occ coll=2 fire=2 D_A=1.000000 info=4 distinct=298 | D_B=n/a cov=0.000 | refines=true | VoidWorkCount(4)
      GlobalRelabel CellScale Mom coll=0 fire=0 D_A=n/a info=0 distinct=300 | D_B=n/a cov=0.000 | refines=true | VoidWorkCount(0)
      GlobalRelabel CellScale Ene coll=0 fire=0 D_A=n/a info=0 distinct=300 | D_B=n/a cov=0.000 | refines=true | VoidWorkCount(0)

-- seed 0x5245504c41434531  n=128 dims=3 frames=301 box=29.6x29.6 species=[8]
   G9a species/arity constant: true
   G9b |p| first=2.778541e1 last=2.146170e1   G9c Ek first=2.157714e-1 last=2.495542e-1  [ledger leg UNDISCHARGED: the dump carries no forces]
   amendment 1: ladder of 8 grids derived from N=128 dims=3: 1x1x1 2x1x1 2x2x1 2x2x2 4x2x2 4x4x2 4x4x4 8x4x4
   grid 1x1x1 cells=1 occ=128.000 fluct=0.000 transport=0.0000 dn=11.31  G2 admissible: NO
      Spatial Exact Occ coll=44850 fire=0 D_A=0.000000 info=300 distinct=1 | D_B=0.000000 cov=1.000 | refines=true | VoidVacuous("fewer than 2 cells: the fields are the invariants")
      Spatial Exact Mom coll=19 fire=19 D_A=1.000000 info=35 distinct=282 | D_B=1.000000 cov=0.087 | refines=true | VoidVacuous("fewer than 2 cells: the fields are the invariants")
      Spatial Exact Ene coll=0 fire=0 D_A=n/a info=0 distinct=300 | D_B=n/a cov=0.000 | refines=true | VoidVacuous("fewer than 2 cells: the fields are the invariants")
      Spatial Poisson Occ coll=44850 fire=0 D_A=0.000000 info=300 distinct=1 | D_B=0.000000 cov=1.000 | refines=true | VoidVacuous("fewer than 2 cells: the fields are the invariants")
      Spatial Poisson Mom coll=19 fire=19 D_A=1.000000 info=35 distinct=282 | D_B=1.000000 cov=0.087 | refines=true | VoidVacuous("fewer than 2 cells: the fields are the invariants")
      Spatial Poisson Ene coll=0 fire=0 D_A=n/a info=0 distinct=300 | D_B=n/a cov=0.000 | refines=true | VoidVacuous("fewer than 2 cells: the fields are the invariants")
      Spatial CellScale Occ coll=44850 fire=0 D_A=0.000000 info=300 distinct=1 | D_B=0.000000 cov=1.000 | refines=true | VoidVacuous("fewer than 2 cells: the fields are the invariants")
      Spatial CellScale Mom coll=2242 fire=2118 D_A=0.944692 info=293 distinct=38 | D_B=0.949275 cov=0.920 | refines=true | VoidVacuous("fewer than 2 cells: the fields are the invariants")
      Spatial CellScale Ene coll=496 fire=488 D_A=0.983871 info=236 distinct=123 | D_B=0.979592 cov=0.653 | refines=true | VoidVacuous("fewer than 2 cells: the fields are the invariants")
      BlindLabel Exact Occ coll=44850 fire=0 D_A=0.000000 info=300 distinct=1 | D_B=0.000000 cov=1.000 | refines=true | VoidVacuous("fewer than 2 cells: the fields are the invariants")
      BlindLabel Exact Mom coll=19 fire=19 D_A=1.000000 info=35 distinct=282 | D_B=1.000000 cov=0.087 | refines=true | VoidVacuous("fewer than 2 cells: the fields are the invariants")
      BlindLabel Exact Ene coll=0 fire=0 D_A=n/a info=0 distinct=300 | D_B=n/a cov=0.000 | refines=true | VoidVacuous("fewer than 2 cells: the fields are the invariants")
      BlindLabel Poisson Occ coll=44850 fire=0 D_A=0.000000 info=300 distinct=1 | D_B=0.000000 cov=1.000 | refines=true | VoidVacuous("fewer than 2 cells: the fields are the invariants")
      BlindLabel Poisson Mom coll=19 fire=19 D_A=1.000000 info=35 distinct=282 | D_B=1.000000 cov=0.087 | refines=true | VoidVacuous("fewer than 2 cells: the fields are the invariants")
      BlindLabel Poisson Ene coll=0 fire=0 D_A=n/a info=0 distinct=300 | D_B=n/a cov=0.000 | refines=true | VoidVacuous("fewer than 2 cells: the fields are the invariants")
      BlindLabel CellScale Occ coll=44850 fire=0 D_A=0.000000 info=300 distinct=1 | D_B=0.000000 cov=1.000 | refines=true | VoidVacuous("fewer than 2 cells: the fields are the invariants")
      BlindLabel CellScale Mom coll=2242 fire=2118 D_A=0.944692 info=293 distinct=38 | D_B=0.949275 cov=0.920 | refines=true | VoidVacuous("fewer than 2 cells: the fields are the invariants")
      BlindLabel CellScale Ene coll=496 fire=488 D_A=0.983871 info=236 distinct=123 | D_B=0.979592 cov=0.653 | refines=true | VoidVacuous("fewer than 2 cells: the fields are the invariants")
      BlindIndex Exact Occ coll=44850 fire=0 D_A=0.000000 info=300 distinct=1 | D_B=0.000000 cov=1.000 | refines=true | VoidVacuous("fewer than 2 cells: the fields are the invariants")
      BlindIndex Exact Mom coll=19 fire=19 D_A=1.000000 info=35 distinct=282 | D_B=1.000000 cov=0.087 | refines=true | VoidVacuous("fewer than 2 cells: the fields are the invariants")
      BlindIndex Exact Ene coll=0 fire=0 D_A=n/a info=0 distinct=300 | D_B=n/a cov=0.000 | refines=true | VoidVacuous("fewer than 2 cells: the fields are the invariants")
      BlindIndex Poisson Occ coll=44850 fire=0 D_A=0.000000 info=300 distinct=1 | D_B=0.000000 cov=1.000 | refines=true | VoidVacuous("fewer than 2 cells: the fields are the invariants")
      BlindIndex Poisson Mom coll=19 fire=19 D_A=1.000000 info=35 distinct=282 | D_B=1.000000 cov=0.087 | refines=true | VoidVacuous("fewer than 2 cells: the fields are the invariants")
      BlindIndex Poisson Ene coll=0 fire=0 D_A=n/a info=0 distinct=300 | D_B=n/a cov=0.000 | refines=true | VoidVacuous("fewer than 2 cells: the fields are the invariants")
      BlindIndex CellScale Occ coll=44850 fire=0 D_A=0.000000 info=300 distinct=1 | D_B=0.000000 cov=1.000 | refines=true | VoidVacuous("fewer than 2 cells: the fields are the invariants")
      BlindIndex CellScale Mom coll=2242 fire=2118 D_A=0.944692 info=293 distinct=38 | D_B=0.949275 cov=0.920 | refines=true | VoidVacuous("fewer than 2 cells: the fields are the invariants")
      BlindIndex CellScale Ene coll=496 fire=488 D_A=0.983871 info=236 distinct=123 | D_B=0.979592 cov=0.653 | refines=true | VoidVacuous("fewer than 2 cells: the fields are the invariants")
      GlobalRelabel Exact Occ coll=44850 fire=0 D_A=0.000000 info=300 distinct=1 | D_B=0.000000 cov=1.000 | refines=true | VoidVacuous("fewer than 2 cells: the fields are the invariants")
      GlobalRelabel Exact Mom coll=19 fire=19 D_A=1.000000 info=35 distinct=282 | D_B=1.000000 cov=0.087 | refines=true | VoidVacuous("fewer than 2 cells: the fields are the invariants")
      GlobalRelabel Exact Ene coll=0 fire=0 D_A=n/a info=0 distinct=300 | D_B=n/a cov=0.000 | refines=true | VoidVacuous("fewer than 2 cells: the fields are the invariants")
      GlobalRelabel Poisson Occ coll=44850 fire=0 D_A=0.000000 info=300 distinct=1 | D_B=0.000000 cov=1.000 | refines=true | VoidVacuous("fewer than 2 cells: the fields are the invariants")
      GlobalRelabel Poisson Mom coll=19 fire=19 D_A=1.000000 info=35 distinct=282 | D_B=1.000000 cov=0.087 | refines=true | VoidVacuous("fewer than 2 cells: the fields are the invariants")
      GlobalRelabel Poisson Ene coll=0 fire=0 D_A=n/a info=0 distinct=300 | D_B=n/a cov=0.000 | refines=true | VoidVacuous("fewer than 2 cells: the fields are the invariants")
      GlobalRelabel CellScale Occ coll=44850 fire=0 D_A=0.000000 info=300 distinct=1 | D_B=0.000000 cov=1.000 | refines=true | VoidVacuous("fewer than 2 cells: the fields are the invariants")
      GlobalRelabel CellScale Mom coll=2242 fire=2118 D_A=0.944692 info=293 distinct=38 | D_B=0.949275 cov=0.920 | refines=true | VoidVacuous("fewer than 2 cells: the fields are the invariants")
      GlobalRelabel CellScale Ene coll=496 fire=488 D_A=0.983871 info=236 distinct=123 | D_B=0.979592 cov=0.653 | refines=true | VoidVacuous("fewer than 2 cells: the fields are the invariants")
   grid 2x1x1 cells=2 occ=64.000 fluct=0.027 transport=0.4233 dn=8.00  G2 admissible: NO
      Spatial Exact Occ coll=7674 fire=4073 D_A=0.530753 info=300 distinct=9 | D_B=0.366667 cov=0.800 | refines=true | NotClosed
      Spatial Exact Mom coll=0 fire=0 D_A=n/a info=0 distinct=300 | D_B=n/a cov=0.000 | refines=true | VoidWorkCount(0)
      Spatial Exact Ene coll=0 fire=0 D_A=n/a info=0 distinct=300 | D_B=n/a cov=0.000 | refines=true | VoidWorkCount(0)
      Spatial Poisson Occ coll=15769 fire=4303 D_A=0.272877 info=300 distinct=3 | D_B=0.160000 cov=1.000 | refines=true | NotClosed
         witnesses (listing capped at 10, count above is exact): (0,4) (0,32) (4,32)
      Spatial Poisson Mom coll=0 fire=0 D_A=n/a info=0 distinct=300 | D_B=n/a cov=0.000 | refines=true | VoidWorkCount(0)
      Spatial Poisson Ene coll=0 fire=0 D_A=n/a info=0 distinct=300 | D_B=n/a cov=0.000 | refines=true | VoidWorkCount(0)
      Spatial CellScale Occ coll=15769 fire=4303 D_A=0.272877 info=300 distinct=3 | D_B=0.160000 cov=1.000 | refines=true | NotClosed
      Spatial CellScale Mom coll=5 fire=5 D_A=1.000000 info=10 distinct=295 | D_B=1.000000 cov=0.013 | refines=true | VoidWorkCount(10)
      Spatial CellScale Ene coll=0 fire=0 D_A=n/a info=0 distinct=300 | D_B=n/a cov=0.000 | refines=true | VoidWorkCount(0)
      BlindLabel Exact Occ coll=6086 fire=3157 D_A=0.518732 info=299 distinct=11 | D_B=0.391892 cov=0.987 | refines=true | NotClosed
      BlindLabel Exact Mom coll=0 fire=0 D_A=n/a info=0 distinct=300 | D_B=n/a cov=0.000 | refines=true | VoidWorkCount(0)
      BlindLabel Exact Ene coll=0 fire=0 D_A=n/a info=0 distinct=300 | D_B=n/a cov=0.000 | refines=true | VoidWorkCount(0)
      BlindLabel Poisson Occ coll=30862 fire=2228 D_A=0.072192 info=300 distinct=3 | D_B=0.226667 cov=1.000 | refines=true | NotClosed
         witnesses (listing capped at 10, count above is exact): (0,23) (0,37) (23,37)
      BlindLabel Poisson Mom coll=0 fire=0 D_A=n/a info=0 distinct=300 | D_B=n/a cov=0.000 | refines=true | VoidWorkCount(0)
      BlindLabel Poisson Ene coll=0 fire=0 D_A=n/a info=0 distinct=300 | D_B=n/a cov=0.000 | refines=true | VoidWorkCount(0)
      BlindLabel CellScale Occ coll=30862 fire=2228 D_A=0.072192 info=300 distinct=3 | D_B=0.226667 cov=1.000 | refines=true | NotClosed
      BlindLabel CellScale Mom coll=7 fire=7 D_A=1.000000 info=14 distinct=293 | D_B=1.000000 cov=0.013 | refines=true | VoidWorkCount(14)
      BlindLabel CellScale Ene coll=0 fire=0 D_A=n/a info=0 distinct=300 | D_B=n/a cov=0.000 | refines=true | VoidWorkCount(0)
      BlindIndex Exact Occ coll=44850 fire=0 D_A=0.000000 info=300 distinct=1 | D_B=0.000000 cov=1.000 | refines=true | VoidVacuous("no transport: the chart is frozen")
      BlindIndex Exact Mom coll=0 fire=0 D_A=n/a info=0 distinct=300 | D_B=n/a cov=0.000 | refines=true | VoidVacuous("no transport: the chart is frozen")
      BlindIndex Exact Ene coll=0 fire=0 D_A=n/a info=0 distinct=300 | D_B=n/a cov=0.000 | refines=true | VoidVacuous("no transport: the chart is frozen")
      BlindIndex Poisson Occ coll=44850 fire=0 D_A=0.000000 info=300 distinct=1 | D_B=0.000000 cov=1.000 | refines=true | VoidVacuous("no transport: the chart is frozen")
      BlindIndex Poisson Mom coll=0 fire=0 D_A=n/a info=0 distinct=300 | D_B=n/a cov=0.000 | refines=true | VoidVacuous("no transport: the chart is frozen")
      BlindIndex Poisson Ene coll=0 fire=0 D_A=n/a info=0 distinct=300 | D_B=n/a cov=0.000 | refines=true | VoidVacuous("no transport: the chart is frozen")
      BlindIndex CellScale Occ coll=44850 fire=0 D_A=0.000000 info=300 distinct=1 | D_B=0.000000 cov=1.000 | refines=true | VoidVacuous("no transport: the chart is frozen")
      BlindIndex CellScale Mom coll=15 fire=15 D_A=1.000000 info=27 distinct=286 | D_B=1.000000 cov=0.040 | refines=true | VoidVacuous("no transport: the chart is frozen")
      BlindIndex CellScale Ene coll=0 fire=0 D_A=n/a info=0 distinct=300 | D_B=n/a cov=0.000 | refines=true | VoidVacuous("no transport: the chart is frozen")
      GlobalRelabel Exact Occ coll=7674 fire=4073 D_A=0.530753 info=300 distinct=9 | D_B=0.366667 cov=0.800 | refines=true | NotClosed
      GlobalRelabel Exact Mom coll=0 fire=0 D_A=n/a info=0 distinct=300 | D_B=n/a cov=0.000 | refines=true | VoidWorkCount(0)
      GlobalRelabel Exact Ene coll=0 fire=0 D_A=n/a info=0 distinct=300 | D_B=n/a cov=0.000 | refines=true | VoidWorkCount(0)
      GlobalRelabel Poisson Occ coll=15769 fire=4303 D_A=0.272877 info=300 distinct=3 | D_B=0.160000 cov=1.000 | refines=true | NotClosed
         witnesses (listing capped at 10, count above is exact): (0,4) (0,32) (4,32)
      GlobalRelabel Poisson Mom coll=0 fire=0 D_A=n/a info=0 distinct=300 | D_B=n/a cov=0.000 | refines=true | VoidWorkCount(0)
      GlobalRelabel Poisson Ene coll=0 fire=0 D_A=n/a info=0 distinct=300 | D_B=n/a cov=0.000 | refines=true | VoidWorkCount(0)
      GlobalRelabel CellScale Occ coll=15769 fire=4303 D_A=0.272877 info=300 distinct=3 | D_B=0.160000 cov=1.000 | refines=true | NotClosed
      GlobalRelabel CellScale Mom coll=5 fire=5 D_A=1.000000 info=10 distinct=295 | D_B=1.000000 cov=0.013 | refines=true | VoidWorkCount(10)
      GlobalRelabel CellScale Ene coll=0 fire=0 D_A=n/a info=0 distinct=300 | D_B=n/a cov=0.000 | refines=true | VoidWorkCount(0)
   grid 2x2x1 cells=4 occ=32.000 fluct=0.063 transport=0.6933 dn=5.66  G2 admissible: NO
      Spatial Exact Occ coll=352 fire=282 D_A=0.801136 info=229 distinct=140 | D_B=1.000000 cov=0.147 | refines=true | NotClosed
      Spatial Exact Mom coll=0 fire=0 D_A=n/a info=0 distinct=300 | D_B=n/a cov=0.000 | refines=true | VoidWorkCount(0)
      Spatial Exact Ene coll=0 fire=0 D_A=n/a info=0 distinct=300 | D_B=n/a cov=0.000 | refines=true | VoidWorkCount(0)
      Spatial Poisson Occ coll=6588 fire=2967 D_A=0.450364 info=297 distinct=18 | D_B=0.273438 cov=0.853 | refines=true | NotClosed
         witnesses (listing capped at 10, count above is exact): (29,31) (29,34) (29,133)
      Spatial Poisson Mom coll=0 fire=0 D_A=n/a info=0 distinct=300 | D_B=n/a cov=0.000 | refines=true | VoidWorkCount(0)
      Spatial Poisson Ene coll=0 fire=0 D_A=n/a info=0 distinct=300 | D_B=n/a cov=0.000 | refines=true | VoidWorkCount(0)
      Spatial CellScale Occ coll=6588 fire=2967 D_A=0.450364 info=297 distinct=18 | D_B=0.273438 cov=0.853 | refines=true | NotClosed
      Spatial CellScale Mom coll=0 fire=0 D_A=n/a info=0 distinct=300 | D_B=n/a cov=0.000 | refines=true | VoidWorkCount(0)
      Spatial CellScale Ene coll=0 fire=0 D_A=n/a info=0 distinct=300 | D_B=n/a cov=0.000 | refines=true | VoidWorkCount(0)
      BlindLabel Exact Occ coll=309 fire=243 D_A=0.786408 info=229 distinct=146 | D_B=0.954545 cov=0.147 | refines=true | NotClosed
      BlindLabel Exact Mom coll=0 fire=0 D_A=n/a info=0 distinct=300 | D_B=n/a cov=0.000 | refines=true | VoidWorkCount(0)
      BlindLabel Exact Ene coll=0 fire=0 D_A=n/a info=0 distinct=300 | D_B=n/a cov=0.000 | refines=true | VoidWorkCount(0)
      BlindLabel Poisson Occ coll=5168 fire=2435 D_A=0.471169 info=298 distinct=23 | D_B=0.417476 cov=0.687 | refines=true | NotClosed
         witnesses (listing capped at 10, count above is exact): (15,17) (15,36) (15,68)
      BlindLabel Poisson Mom coll=0 fire=0 D_A=n/a info=0 distinct=300 | D_B=n/a cov=0.000 | refines=true | VoidWorkCount(0)
      BlindLabel Poisson Ene coll=0 fire=0 D_A=n/a info=0 distinct=300 | D_B=n/a cov=0.000 | refines=true | VoidWorkCount(0)
      BlindLabel CellScale Occ coll=5168 fire=2435 D_A=0.471169 info=298 distinct=23 | D_B=0.417476 cov=0.687 | refines=true | NotClosed
      BlindLabel CellScale Mom coll=0 fire=0 D_A=n/a info=0 distinct=300 | D_B=n/a cov=0.000 | refines=true | VoidWorkCount(0)
      BlindLabel CellScale Ene coll=0 fire=0 D_A=n/a info=0 distinct=300 | D_B=n/a cov=0.000 | refines=true | VoidWorkCount(0)
      BlindIndex Exact Occ coll=44850 fire=0 D_A=0.000000 info=300 distinct=1 | D_B=0.000000 cov=1.000 | refines=true | VoidVacuous("no transport: the chart is frozen")
      BlindIndex Exact Mom coll=0 fire=0 D_A=n/a info=0 distinct=300 | D_B=n/a cov=0.000 | refines=true | VoidVacuous("no transport: the chart is frozen")
      BlindIndex Exact Ene coll=0 fire=0 D_A=n/a info=0 distinct=300 | D_B=n/a cov=0.000 | refines=true | VoidVacuous("no transport: the chart is frozen")
      BlindIndex Poisson Occ coll=44850 fire=0 D_A=0.000000 info=300 distinct=1 | D_B=0.000000 cov=1.000 | refines=true | VoidVacuous("no transport: the chart is frozen")
      BlindIndex Poisson Mom coll=0 fire=0 D_A=n/a info=0 distinct=300 | D_B=n/a cov=0.000 | refines=true | VoidVacuous("no transport: the chart is frozen")
      BlindIndex Poisson Ene coll=0 fire=0 D_A=n/a info=0 distinct=300 | D_B=n/a cov=0.000 | refines=true | VoidVacuous("no transport: the chart is frozen")
      BlindIndex CellScale Occ coll=44850 fire=0 D_A=0.000000 info=300 distinct=1 | D_B=0.000000 cov=1.000 | refines=true | VoidVacuous("no transport: the chart is frozen")
      BlindIndex CellScale Mom coll=0 fire=0 D_A=n/a info=0 distinct=300 | D_B=n/a cov=0.000 | refines=true | VoidVacuous("no transport: the chart is frozen")
      BlindIndex CellScale Ene coll=0 fire=0 D_A=n/a info=0 distinct=300 | D_B=n/a cov=0.000 | refines=true | VoidVacuous("no transport: the chart is frozen")
      GlobalRelabel Exact Occ coll=352 fire=282 D_A=0.801136 info=229 distinct=140 | D_B=1.000000 cov=0.147 | refines=true | NotClosed
      GlobalRelabel Exact Mom coll=0 fire=0 D_A=n/a info=0 distinct=300 | D_B=n/a cov=0.000 | refines=true | VoidWorkCount(0)
      GlobalRelabel Exact Ene coll=0 fire=0 D_A=n/a info=0 distinct=300 | D_B=n/a cov=0.000 | refines=true | VoidWorkCount(0)
      GlobalRelabel Poisson Occ coll=6588 fire=2967 D_A=0.450364 info=297 distinct=18 | D_B=0.273438 cov=0.853 | refines=true | NotClosed
         witnesses (listing capped at 10, count above is exact): (0,4) (0,19) (0,28)
      GlobalRelabel Poisson Mom coll=0 fire=0 D_A=n/a info=0 distinct=300 | D_B=n/a cov=0.000 | refines=true | VoidWorkCount(0)
      GlobalRelabel Poisson Ene coll=0 fire=0 D_A=n/a info=0 distinct=300 | D_B=n/a cov=0.000 | refines=true | VoidWorkCount(0)
      GlobalRelabel CellScale Occ coll=6588 fire=2967 D_A=0.450364 info=297 distinct=18 | D_B=0.273438 cov=0.853 | refines=true | NotClosed
      GlobalRelabel CellScale Mom coll=0 fire=0 D_A=n/a info=0 distinct=300 | D_B=n/a cov=0.000 | refines=true | VoidWorkCount(0)
      GlobalRelabel CellScale Ene coll=0 fire=0 D_A=n/a info=0 distinct=300 | D_B=n/a cov=0.000 | refines=true | VoidWorkCount(0)
   grid 2x2x2 cells=8 occ=16.000 fluct=0.107 transport=0.8467 dn=4.00  G2 admissible: NO
      Spatial Exact Occ coll=59 fire=52 D_A=0.881356 info=95 distinct=249 | D_B=n/a cov=0.000 | refines=true | VoidWorkCount(95)
      Spatial Exact Mom coll=0 fire=0 D_A=n/a info=0 distinct=300 | D_B=n/a cov=0.000 | refines=true | VoidWorkCount(0)
      Spatial Exact Ene coll=0 fire=0 D_A=n/a info=0 distinct=300 | D_B=n/a cov=0.000 | refines=true | VoidWorkCount(0)
      Spatial Poisson Occ coll=629 fire=432 D_A=0.686804 info=264 distinct=102 | D_B=0.804878 cov=0.273 | refines=true | NotClosed
         witnesses (listing capped at 10, count above is exact): (8,11) (86,89) (95,97)
      Spatial Poisson Mom coll=0 fire=0 D_A=n/a info=0 distinct=300 | D_B=n/a cov=0.000 | refines=true | VoidWorkCount(0)
      Spatial Poisson Ene coll=0 fire=0 D_A=n/a info=0 distinct=300 | D_B=n/a cov=0.000 | refines=true | VoidWorkCount(0)
      Spatial CellScale Occ coll=629 fire=432 D_A=0.686804 info=264 distinct=102 | D_B=0.804878 cov=0.273 | refines=true | NotClosed
      Spatial CellScale Mom coll=0 fire=0 D_A=n/a info=0 distinct=300 | D_B=n/a cov=0.000 | refines=true | VoidWorkCount(0)
      Spatial CellScale Ene coll=0 fire=0 D_A=n/a info=0 distinct=300 | D_B=n/a cov=0.000 | refines=true | VoidWorkCount(0)
      BlindLabel Exact Occ coll=60 fire=52 D_A=0.866667 info=92 distinct=250 | D_B=n/a cov=0.000 | refines=true | VoidWorkCount(92)
      BlindLabel Exact Mom coll=0 fire=0 D_A=n/a info=0 distinct=300 | D_B=n/a cov=0.000 | refines=true | VoidWorkCount(0)
      BlindLabel Exact Ene coll=0 fire=0 D_A=n/a info=0 distinct=300 | D_B=n/a cov=0.000 | refines=true | VoidWorkCount(0)
      BlindLabel Poisson Occ coll=859 fire=460 D_A=0.535506 info=245 distinct=111 | D_B=0.886364 cov=0.293 | refines=true | NotClosed
         witnesses (listing capped at 10, count above is exact): (22,27) (95,97) (95,219)
      BlindLabel Poisson Mom coll=0 fire=0 D_A=n/a info=0 distinct=300 | D_B=n/a cov=0.000 | refines=true | VoidWorkCount(0)
      BlindLabel Poisson Ene coll=0 fire=0 D_A=n/a info=0 distinct=300 | D_B=n/a cov=0.000 | refines=true | VoidWorkCount(0)
      BlindLabel CellScale Occ coll=859 fire=460 D_A=0.535506 info=245 distinct=111 | D_B=0.886364 cov=0.293 | refines=true | NotClosed
      BlindLabel CellScale Mom coll=0 fire=0 D_A=n/a info=0 distinct=300 | D_B=n/a cov=0.000 | refines=true | VoidWorkCount(0)
      BlindLabel CellScale Ene coll=0 fire=0 D_A=n/a info=0 distinct=300 | D_B=n/a cov=0.000 | refines=true | VoidWorkCount(0)
      BlindIndex Exact Occ coll=44850 fire=0 D_A=0.000000 info=300 distinct=1 | D_B=0.000000 cov=1.000 | refines=true | VoidVacuous("no transport: the chart is frozen")
      BlindIndex Exact Mom coll=0 fire=0 D_A=n/a info=0 distinct=300 | D_B=n/a cov=0.000 | refines=true | VoidVacuous("no transport: the chart is frozen")
      BlindIndex Exact Ene coll=0 fire=0 D_A=n/a info=0 distinct=300 | D_B=n/a cov=0.000 | refines=true | VoidVacuous("no transport: the chart is frozen")
      BlindIndex Poisson Occ coll=44850 fire=0 D_A=0.000000 info=300 distinct=1 | D_B=0.000000 cov=1.000 | refines=true | VoidVacuous("no transport: the chart is frozen")
      BlindIndex Poisson Mom coll=0 fire=0 D_A=n/a info=0 distinct=300 | D_B=n/a cov=0.000 | refines=true | VoidVacuous("no transport: the chart is frozen")
      BlindIndex Poisson Ene coll=0 fire=0 D_A=n/a info=0 distinct=300 | D_B=n/a cov=0.000 | refines=true | VoidVacuous("no transport: the chart is frozen")
      BlindIndex CellScale Occ coll=44850 fire=0 D_A=0.000000 info=300 distinct=1 | D_B=0.000000 cov=1.000 | refines=true | VoidVacuous("no transport: the chart is frozen")
      BlindIndex CellScale Mom coll=0 fire=0 D_A=n/a info=0 distinct=300 | D_B=n/a cov=0.000 | refines=true | VoidVacuous("no transport: the chart is frozen")
      BlindIndex CellScale Ene coll=0 fire=0 D_A=n/a info=0 distinct=300 | D_B=n/a cov=0.000 | refines=true | VoidVacuous("no transport: the chart is frozen")
      GlobalRelabel Exact Occ coll=59 fire=52 D_A=0.881356 info=95 distinct=249 | D_B=n/a cov=0.000 | refines=true | VoidWorkCount(95)
      GlobalRelabel Exact Mom coll=0 fire=0 D_A=n/a info=0 distinct=300 | D_B=n/a cov=0.000 | refines=true | VoidWorkCount(0)
      GlobalRelabel Exact Ene coll=0 fire=0 D_A=n/a info=0 distinct=300 | D_B=n/a cov=0.000 | refines=true | VoidWorkCount(0)
      GlobalRelabel Poisson Occ coll=629 fire=432 D_A=0.686804 info=264 distinct=102 | D_B=0.804878 cov=0.273 | refines=true | NotClosed
         witnesses (listing capped at 10, count above is exact): (30,36) (57,59) (57,60)
      GlobalRelabel Poisson Mom coll=0 fire=0 D_A=n/a info=0 distinct=300 | D_B=n/a cov=0.000 | refines=true | VoidWorkCount(0)
      GlobalRelabel Poisson Ene coll=0 fire=0 D_A=n/a info=0 distinct=300 | D_B=n/a cov=0.000 | refines=true | VoidWorkCount(0)
      GlobalRelabel CellScale Occ coll=629 fire=432 D_A=0.686804 info=264 distinct=102 | D_B=0.804878 cov=0.273 | refines=true | NotClosed
      GlobalRelabel CellScale Mom coll=0 fire=0 D_A=n/a info=0 distinct=300 | D_B=n/a cov=0.000 | refines=true | VoidWorkCount(0)
      GlobalRelabel CellScale Ene coll=0 fire=0 D_A=n/a info=0 distinct=300 | D_B=n/a cov=0.000 | refines=true | VoidWorkCount(0)
   grid 4x2x2 cells=16 occ=8.000 fluct=0.175 transport=0.8800 dn=2.83  G2 admissible: NO
      Spatial Exact Occ coll=42 fire=37 D_A=0.880952 info=69 distinct=263 | D_B=n/a cov=0.000 | refines=true | VoidWorkCount(69)
      Spatial Exact Mom coll=0 fire=0 D_A=n/a info=0 distinct=300 | D_B=n/a cov=0.000 | refines=true | VoidWorkCount(0)
      Spatial Exact Ene coll=0 fire=0 D_A=n/a info=0 distinct=300 | D_B=n/a cov=0.000 | refines=true | VoidWorkCount(0)
      Spatial Poisson Occ coll=162 fire=99 D_A=0.611111 info=159 distinct=202 | D_B=1.000000 cov=0.007 | refines=true | VoidWorkCount(159)
         witnesses (listing capped at 10, count above is exact): (18,19) (61,62) (110,112)
      Spatial Poisson Mom coll=0 fire=0 D_A=n/a info=0 distinct=300 | D_B=n/a cov=0.000 | refines=true | VoidWorkCount(0)
      Spatial Poisson Ene coll=0 fire=0 D_A=n/a info=0 distinct=300 | D_B=n/a cov=0.000 | refines=true | VoidWorkCount(0)
      Spatial CellScale Occ coll=162 fire=99 D_A=0.611111 info=159 distinct=202 | D_B=1.000000 cov=0.007 | refines=true | VoidWorkCount(159)
      Spatial CellScale Mom coll=0 fire=0 D_A=n/a info=0 distinct=300 | D_B=n/a cov=0.000 | refines=true | VoidWorkCount(0)
      Spatial CellScale Ene coll=0 fire=0 D_A=n/a info=0 distinct=300 | D_B=n/a cov=0.000 | refines=true | VoidWorkCount(0)
      BlindLabel Exact Occ coll=44 fire=37 D_A=0.840909 info=68 distinct=263 | D_B=n/a cov=0.000 | refines=true | VoidWorkCount(68)
      BlindLabel Exact Mom coll=0 fire=0 D_A=n/a info=0 distinct=300 | D_B=n/a cov=0.000 | refines=true | VoidWorkCount(0)
      BlindLabel Exact Ene coll=0 fire=0 D_A=n/a info=0 distinct=300 | D_B=n/a cov=0.000 | refines=true | VoidWorkCount(0)
      BlindLabel Poisson Occ coll=169 fire=108 D_A=0.639053 info=165 distinct=197 | D_B=n/a cov=0.000 | refines=true | VoidWorkCount(165)
         witnesses (listing capped at 10, count above is exact): (28,30) (28,31) (30,31)
      BlindLabel Poisson Mom coll=0 fire=0 D_A=n/a info=0 distinct=300 | D_B=n/a cov=0.000 | refines=true | VoidWorkCount(0)
      BlindLabel Poisson Ene coll=0 fire=0 D_A=n/a info=0 distinct=300 | D_B=n/a cov=0.000 | refines=true | VoidWorkCount(0)
      BlindLabel CellScale Occ coll=169 fire=108 D_A=0.639053 info=165 distinct=197 | D_B=n/a cov=0.000 | refines=true | VoidWorkCount(165)
      BlindLabel CellScale Mom coll=0 fire=0 D_A=n/a info=0 distinct=300 | D_B=n/a cov=0.000 | refines=true | VoidWorkCount(0)
      BlindLabel CellScale Ene coll=0 fire=0 D_A=n/a info=0 distinct=300 | D_B=n/a cov=0.000 | refines=true | VoidWorkCount(0)
      BlindIndex Exact Occ coll=44850 fire=0 D_A=0.000000 info=300 distinct=1 | D_B=0.000000 cov=1.000 | refines=true | VoidVacuous("no transport: the chart is frozen")
      BlindIndex Exact Mom coll=0 fire=0 D_A=n/a info=0 distinct=300 | D_B=n/a cov=0.000 | refines=true | VoidVacuous("no transport: the chart is frozen")
      BlindIndex Exact Ene coll=0 fire=0 D_A=n/a info=0 distinct=300 | D_B=n/a cov=0.000 | refines=true | VoidVacuous("no transport: the chart is frozen")
      BlindIndex Poisson Occ coll=44850 fire=0 D_A=0.000000 info=300 distinct=1 | D_B=0.000000 cov=1.000 | refines=true | VoidVacuous("no transport: the chart is frozen")
      BlindIndex Poisson Mom coll=0 fire=0 D_A=n/a info=0 distinct=300 | D_B=n/a cov=0.000 | refines=true | VoidVacuous("no transport: the chart is frozen")
      BlindIndex Poisson Ene coll=0 fire=0 D_A=n/a info=0 distinct=300 | D_B=n/a cov=0.000 | refines=true | VoidVacuous("no transport: the chart is frozen")
      BlindIndex CellScale Occ coll=44850 fire=0 D_A=0.000000 info=300 distinct=1 | D_B=0.000000 cov=1.000 | refines=true | VoidVacuous("no transport: the chart is frozen")
      BlindIndex CellScale Mom coll=0 fire=0 D_A=n/a info=0 distinct=300 | D_B=n/a cov=0.000 | refines=true | VoidVacuous("no transport: the chart is frozen")
      BlindIndex CellScale Ene coll=0 fire=0 D_A=n/a info=0 distinct=300 | D_B=n/a cov=0.000 | refines=true | VoidVacuous("no transport: the chart is frozen")
      GlobalRelabel Exact Occ coll=42 fire=37 D_A=0.880952 info=69 distinct=263 | D_B=n/a cov=0.000 | refines=true | VoidWorkCount(69)
      GlobalRelabel Exact Mom coll=0 fire=0 D_A=n/a info=0 distinct=300 | D_B=n/a cov=0.000 | refines=true | VoidWorkCount(0)
      GlobalRelabel Exact Ene coll=0 fire=0 D_A=n/a info=0 distinct=300 | D_B=n/a cov=0.000 | refines=true | VoidWorkCount(0)
      GlobalRelabel Poisson Occ coll=162 fire=99 D_A=0.611111 info=159 distinct=202 | D_B=1.000000 cov=0.007 | refines=true | VoidWorkCount(159)
         witnesses (listing capped at 10, count above is exact): (18,19) (32,34) (61,62)
      GlobalRelabel Poisson Mom coll=0 fire=0 D_A=n/a info=0 distinct=300 | D_B=n/a cov=0.000 | refines=true | VoidWorkCount(0)
      GlobalRelabel Poisson Ene coll=0 fire=0 D_A=n/a info=0 distinct=300 | D_B=n/a cov=0.000 | refines=true | VoidWorkCount(0)
      GlobalRelabel CellScale Occ coll=162 fire=99 D_A=0.611111 info=159 distinct=202 | D_B=1.000000 cov=0.007 | refines=true | VoidWorkCount(159)
      GlobalRelabel CellScale Mom coll=0 fire=0 D_A=n/a info=0 distinct=300 | D_B=n/a cov=0.000 | refines=true | VoidWorkCount(0)
      GlobalRelabel CellScale Ene coll=0 fire=0 D_A=n/a info=0 distinct=300 | D_B=n/a cov=0.000 | refines=true | VoidWorkCount(0)
   grid 4x4x2 cells=32 occ=4.000 fluct=0.275 transport=0.9400 dn=2.00  G2 admissible: NO
      Spatial Exact Occ coll=18 fire=18 D_A=1.000000 info=36 distinct=282 | D_B=n/a cov=0.000 | refines=true | VoidWorkCount(36)
      Spatial Exact Mom coll=0 fire=0 D_A=n/a info=0 distinct=300 | D_B=n/a cov=0.000 | refines=true | VoidWorkCount(0)
      Spatial Exact Ene coll=0 fire=0 D_A=n/a info=0 distinct=300 | D_B=n/a cov=0.000 | refines=true | VoidWorkCount(0)
      Spatial Poisson Occ coll=41 fire=37 D_A=0.902439 info=70 distinct=263 | D_B=n/a cov=0.000 | refines=true | VoidWorkCount(70)
         witnesses (listing capped at 10, count above is exact): (8,9) (30,31) (88,89)
      Spatial Poisson Mom coll=0 fire=0 D_A=n/a info=0 distinct=300 | D_B=n/a cov=0.000 | refines=true | VoidWorkCount(0)
      Spatial Poisson Ene coll=0 fire=0 D_A=n/a info=0 distinct=300 | D_B=n/a cov=0.000 | refines=true | VoidWorkCount(0)
      Spatial CellScale Occ coll=41 fire=37 D_A=0.902439 info=70 distinct=263 | D_B=n/a cov=0.000 | refines=true | VoidWorkCount(70)
      Spatial CellScale Mom coll=0 fire=0 D_A=n/a info=0 distinct=300 | D_B=n/a cov=0.000 | refines=true | VoidWorkCount(0)
      Spatial CellScale Ene coll=0 fire=0 D_A=n/a info=0 distinct=300 | D_B=n/a cov=0.000 | refines=true | VoidWorkCount(0)
      BlindLabel Exact Occ coll=18 fire=18 D_A=1.000000 info=36 distinct=282 | D_B=n/a cov=0.000 | refines=true | VoidWorkCount(36)
      BlindLabel Exact Mom coll=0 fire=0 D_A=n/a info=0 distinct=300 | D_B=n/a cov=0.000 | refines=true | VoidWorkCount(0)
      BlindLabel Exact Ene coll=0 fire=0 D_A=n/a info=0 distinct=300 | D_B=n/a cov=0.000 | refines=true | VoidWorkCount(0)
      BlindLabel Poisson Occ coll=54 fire=48 D_A=0.888889 info=82 distinct=255 | D_B=n/a cov=0.000 | refines=true | VoidWorkCount(82)
         witnesses (listing capped at 10, count above is exact): (18,20) (22,23) (57,59)
      BlindLabel Poisson Mom coll=0 fire=0 D_A=n/a info=0 distinct=300 | D_B=n/a cov=0.000 | refines=true | VoidWorkCount(0)
      BlindLabel Poisson Ene coll=0 fire=0 D_A=n/a info=0 distinct=300 | D_B=n/a cov=0.000 | refines=true | VoidWorkCount(0)
      BlindLabel CellScale Occ coll=54 fire=48 D_A=0.888889 info=82 distinct=255 | D_B=n/a cov=0.000 | refines=true | VoidWorkCount(82)
      BlindLabel CellScale Mom coll=0 fire=0 D_A=n/a info=0 distinct=300 | D_B=n/a cov=0.000 | refines=true | VoidWorkCount(0)
      BlindLabel CellScale Ene coll=0 fire=0 D_A=n/a info=0 distinct=300 | D_B=n/a cov=0.000 | refines=true | VoidWorkCount(0)
      BlindIndex Exact Occ coll=44850 fire=0 D_A=0.000000 info=300 distinct=1 | D_B=0.000000 cov=1.000 | refines=true | VoidVacuous("no transport: the chart is frozen")
      BlindIndex Exact Mom coll=0 fire=0 D_A=n/a info=0 distinct=300 | D_B=n/a cov=0.000 | refines=true | VoidVacuous("no transport: the chart is frozen")
      BlindIndex Exact Ene coll=0 fire=0 D_A=n/a info=0 distinct=300 | D_B=n/a cov=0.000 | refines=true | VoidVacuous("no transport: the chart is frozen")
      BlindIndex Poisson Occ coll=44850 fire=0 D_A=0.000000 info=300 distinct=1 | D_B=0.000000 cov=1.000 | refines=true | VoidVacuous("no transport: the chart is frozen")
      BlindIndex Poisson Mom coll=0 fire=0 D_A=n/a info=0 distinct=300 | D_B=n/a cov=0.000 | refines=true | VoidVacuous("no transport: the chart is frozen")
      BlindIndex Poisson Ene coll=0 fire=0 D_A=n/a info=0 distinct=300 | D_B=n/a cov=0.000 | refines=true | VoidVacuous("no transport: the chart is frozen")
      BlindIndex CellScale Occ coll=44850 fire=0 D_A=0.000000 info=300 distinct=1 | D_B=0.000000 cov=1.000 | refines=true | VoidVacuous("no transport: the chart is frozen")
      BlindIndex CellScale Mom coll=0 fire=0 D_A=n/a info=0 distinct=300 | D_B=n/a cov=0.000 | refines=true | VoidVacuous("no transport: the chart is frozen")
      BlindIndex CellScale Ene coll=0 fire=0 D_A=n/a info=0 distinct=300 | D_B=n/a cov=0.000 | refines=true | VoidVacuous("no transport: the chart is frozen")
      GlobalRelabel Exact Occ coll=18 fire=18 D_A=1.000000 info=36 distinct=282 | D_B=n/a cov=0.000 | refines=true | VoidWorkCount(36)
      GlobalRelabel Exact Mom coll=0 fire=0 D_A=n/a info=0 distinct=300 | D_B=n/a cov=0.000 | refines=true | VoidWorkCount(0)
      GlobalRelabel Exact Ene coll=0 fire=0 D_A=n/a info=0 distinct=300 | D_B=n/a cov=0.000 | refines=true | VoidWorkCount(0)
      GlobalRelabel Poisson Occ coll=41 fire=37 D_A=0.902439 info=70 distinct=263 | D_B=n/a cov=0.000 | refines=true | VoidWorkCount(70)
         witnesses (listing capped at 10, count above is exact): (32,33) (52,53) (75,77)
      GlobalRelabel Poisson Mom coll=0 fire=0 D_A=n/a info=0 distinct=300 | D_B=n/a cov=0.000 | refines=true | VoidWorkCount(0)
      GlobalRelabel Poisson Ene coll=0 fire=0 D_A=n/a info=0 distinct=300 | D_B=n/a cov=0.000 | refines=true | VoidWorkCount(0)
      GlobalRelabel CellScale Occ coll=41 fire=37 D_A=0.902439 info=70 distinct=263 | D_B=n/a cov=0.000 | refines=true | VoidWorkCount(70)
      GlobalRelabel CellScale Mom coll=0 fire=0 D_A=n/a info=0 distinct=300 | D_B=n/a cov=0.000 | refines=true | VoidWorkCount(0)
      GlobalRelabel CellScale Ene coll=0 fire=0 D_A=n/a info=0 distinct=300 | D_B=n/a cov=0.000 | refines=true | VoidWorkCount(0)
   grid 4x4x4 cells=64 occ=2.000 fluct=0.414 transport=0.9600 dn=1.41  G2 admissible: NO
      Spatial Exact Occ coll=12 fire=12 D_A=1.000000 info=24 distinct=288 | D_B=n/a cov=0.000 | refines=true | VoidWorkCount(24)
      Spatial Exact Mom coll=0 fire=0 D_A=n/a info=0 distinct=300 | D_B=n/a cov=0.000 | refines=true | VoidWorkCount(0)
      Spatial Exact Ene coll=0 fire=0 D_A=n/a info=0 distinct=300 | D_B=n/a cov=0.000 | refines=true | VoidWorkCount(0)
      Spatial Poisson Occ coll=12 fire=12 D_A=1.000000 info=24 distinct=288 | D_B=n/a cov=0.000 | refines=true | VoidWorkCount(24)
         witnesses (listing capped at 10, count above is exact): (3,4) (30,31) (88,89)
      Spatial Poisson Mom coll=0 fire=0 D_A=n/a info=0 distinct=300 | D_B=n/a cov=0.000 | refines=true | VoidWorkCount(0)
      Spatial Poisson Ene coll=0 fire=0 D_A=n/a info=0 distinct=300 | D_B=n/a cov=0.000 | refines=true | VoidWorkCount(0)
      Spatial CellScale Occ coll=12 fire=12 D_A=1.000000 info=24 distinct=288 | D_B=n/a cov=0.000 | refines=true | VoidWorkCount(24)
      Spatial CellScale Mom coll=0 fire=0 D_A=n/a info=0 distinct=300 | D_B=n/a cov=0.000 | refines=true | VoidWorkCount(0)
      Spatial CellScale Ene coll=0 fire=0 D_A=n/a info=0 distinct=300 | D_B=n/a cov=0.000 | refines=true | VoidWorkCount(0)
      BlindLabel Exact Occ coll=12 fire=12 D_A=1.000000 info=24 distinct=288 | D_B=n/a cov=0.000 | refines=true | VoidWorkCount(24)
      BlindLabel Exact Mom coll=0 fire=0 D_A=n/a info=0 distinct=300 | D_B=n/a cov=0.000 | refines=true | VoidWorkCount(0)
      BlindLabel Exact Ene coll=0 fire=0 D_A=n/a info=0 distinct=300 | D_B=n/a cov=0.000 | refines=true | VoidWorkCount(0)
      BlindLabel Poisson Occ coll=16 fire=16 D_A=1.000000 info=32 distinct=284 | D_B=n/a cov=0.000 | refines=true | VoidWorkCount(32)
         witnesses (listing capped at 10, count above is exact): (3,4) (30,31) (66,67)
      BlindLabel Poisson Mom coll=0 fire=0 D_A=n/a info=0 distinct=300 | D_B=n/a cov=0.000 | refines=true | VoidWorkCount(0)
      BlindLabel Poisson Ene coll=0 fire=0 D_A=n/a info=0 distinct=300 | D_B=n/a cov=0.000 | refines=true | VoidWorkCount(0)
      BlindLabel CellScale Occ coll=16 fire=16 D_A=1.000000 info=32 distinct=284 | D_B=n/a cov=0.000 | refines=true | VoidWorkCount(32)
      BlindLabel CellScale Mom coll=0 fire=0 D_A=n/a info=0 distinct=300 | D_B=n/a cov=0.000 | refines=true | VoidWorkCount(0)
      BlindLabel CellScale Ene coll=0 fire=0 D_A=n/a info=0 distinct=300 | D_B=n/a cov=0.000 | refines=true | VoidWorkCount(0)
      BlindIndex Exact Occ coll=44850 fire=0 D_A=0.000000 info=300 distinct=1 | D_B=0.000000 cov=1.000 | refines=true | VoidVacuous("no transport: the chart is frozen")
      BlindIndex Exact Mom coll=0 fire=0 D_A=n/a info=0 distinct=300 | D_B=n/a cov=0.000 | refines=true | VoidVacuous("no transport: the chart is frozen")
      BlindIndex Exact Ene coll=0 fire=0 D_A=n/a info=0 distinct=300 | D_B=n/a cov=0.000 | refines=true | VoidVacuous("no transport: the chart is frozen")
      BlindIndex Poisson Occ coll=44850 fire=0 D_A=0.000000 info=300 distinct=1 | D_B=0.000000 cov=1.000 | refines=true | VoidVacuous("no transport: the chart is frozen")
      BlindIndex Poisson Mom coll=0 fire=0 D_A=n/a info=0 distinct=300 | D_B=n/a cov=0.000 | refines=true | VoidVacuous("no transport: the chart is frozen")
      BlindIndex Poisson Ene coll=0 fire=0 D_A=n/a info=0 distinct=300 | D_B=n/a cov=0.000 | refines=true | VoidVacuous("no transport: the chart is frozen")
      BlindIndex CellScale Occ coll=44850 fire=0 D_A=0.000000 info=300 distinct=1 | D_B=0.000000 cov=1.000 | refines=true | VoidVacuous("no transport: the chart is frozen")
      BlindIndex CellScale Mom coll=0 fire=0 D_A=n/a info=0 distinct=300 | D_B=n/a cov=0.000 | refines=true | VoidVacuous("no transport: the chart is frozen")
      BlindIndex CellScale Ene coll=0 fire=0 D_A=n/a info=0 distinct=300 | D_B=n/a cov=0.000 | refines=true | VoidVacuous("no transport: the chart is frozen")
      GlobalRelabel Exact Occ coll=12 fire=12 D_A=1.000000 info=24 distinct=288 | D_B=n/a cov=0.000 | refines=true | VoidWorkCount(24)
      GlobalRelabel Exact Mom coll=0 fire=0 D_A=n/a info=0 distinct=300 | D_B=n/a cov=0.000 | refines=true | VoidWorkCount(0)
      GlobalRelabel Exact Ene coll=0 fire=0 D_A=n/a info=0 distinct=300 | D_B=n/a cov=0.000 | refines=true | VoidWorkCount(0)
      GlobalRelabel Poisson Occ coll=12 fire=12 D_A=1.000000 info=24 distinct=288 | D_B=n/a cov=0.000 | refines=true | VoidWorkCount(24)
         witnesses (listing capped at 10, count above is exact): (3,4) (30,31) (88,89)
      GlobalRelabel Poisson Mom coll=0 fire=0 D_A=n/a info=0 distinct=300 | D_B=n/a cov=0.000 | refines=true | VoidWorkCount(0)
      GlobalRelabel Poisson Ene coll=0 fire=0 D_A=n/a info=0 distinct=300 | D_B=n/a cov=0.000 | refines=true | VoidWorkCount(0)
      GlobalRelabel CellScale Occ coll=12 fire=12 D_A=1.000000 info=24 distinct=288 | D_B=n/a cov=0.000 | refines=true | VoidWorkCount(24)
      GlobalRelabel CellScale Mom coll=0 fire=0 D_A=n/a info=0 distinct=300 | D_B=n/a cov=0.000 | refines=true | VoidWorkCount(0)
      GlobalRelabel CellScale Ene coll=0 fire=0 D_A=n/a info=0 distinct=300 | D_B=n/a cov=0.000 | refines=true | VoidWorkCount(0)
   grid 8x4x4 cells=128 occ=1.000 fluct=0.682 transport=0.9867 dn=1.00  G2 admissible: NO
      Spatial Exact Occ coll=4 fire=4 D_A=1.000000 info=8 distinct=296 | D_B=n/a cov=0.000 | refines=true | VoidWorkCount(8)
      Spatial Exact Mom coll=0 fire=0 D_A=n/a info=0 distinct=300 | D_B=n/a cov=0.000 | refines=true | VoidWorkCount(0)
      Spatial Exact Ene coll=0 fire=0 D_A=n/a info=0 distinct=300 | D_B=n/a cov=0.000 | refines=true | VoidWorkCount(0)
      Spatial Poisson Occ coll=4 fire=4 D_A=1.000000 info=8 distinct=296 | D_B=n/a cov=0.000 | refines=true | VoidWorkCount(8)
         witnesses (listing capped at 10, count above is exact): (88,89) (129,130) (151,152)
      Spatial Poisson Mom coll=0 fire=0 D_A=n/a info=0 distinct=300 | D_B=n/a cov=0.000 | refines=true | VoidWorkCount(0)
      Spatial Poisson Ene coll=0 fire=0 D_A=n/a info=0 distinct=300 | D_B=n/a cov=0.000 | refines=true | VoidWorkCount(0)
      Spatial CellScale Occ coll=4 fire=4 D_A=1.000000 info=8 distinct=296 | D_B=n/a cov=0.000 | refines=true | VoidWorkCount(8)
      Spatial CellScale Mom coll=0 fire=0 D_A=n/a info=0 distinct=300 | D_B=n/a cov=0.000 | refines=true | VoidWorkCount(0)
      Spatial CellScale Ene coll=0 fire=0 D_A=n/a info=0 distinct=300 | D_B=n/a cov=0.000 | refines=true | VoidWorkCount(0)
      BlindLabel Exact Occ coll=4 fire=4 D_A=1.000000 info=8 distinct=296 | D_B=n/a cov=0.000 | refines=true | VoidWorkCount(8)
      BlindLabel Exact Mom coll=0 fire=0 D_A=n/a info=0 distinct=300 | D_B=n/a cov=0.000 | refines=true | VoidWorkCount(0)
      BlindLabel Exact Ene coll=0 fire=0 D_A=n/a info=0 distinct=300 | D_B=n/a cov=0.000 | refines=true | VoidWorkCount(0)
      BlindLabel Poisson Occ coll=4 fire=4 D_A=1.000000 info=8 distinct=296 | D_B=n/a cov=0.000 | refines=true | VoidWorkCount(8)
         witnesses (listing capped at 10, count above is exact): (88,89) (129,130) (151,152)
      BlindLabel Poisson Mom coll=0 fire=0 D_A=n/a info=0 distinct=300 | D_B=n/a cov=0.000 | refines=true | VoidWorkCount(0)
      BlindLabel Poisson Ene coll=0 fire=0 D_A=n/a info=0 distinct=300 | D_B=n/a cov=0.000 | refines=true | VoidWorkCount(0)
      BlindLabel CellScale Occ coll=4 fire=4 D_A=1.000000 info=8 distinct=296 | D_B=n/a cov=0.000 | refines=true | VoidWorkCount(8)
      BlindLabel CellScale Mom coll=0 fire=0 D_A=n/a info=0 distinct=300 | D_B=n/a cov=0.000 | refines=true | VoidWorkCount(0)
      BlindLabel CellScale Ene coll=0 fire=0 D_A=n/a info=0 distinct=300 | D_B=n/a cov=0.000 | refines=true | VoidWorkCount(0)
      BlindIndex Exact Occ coll=44850 fire=0 D_A=0.000000 info=300 distinct=1 | D_B=0.000000 cov=1.000 | refines=true | VoidVacuous("no transport: the chart is frozen")
      BlindIndex Exact Mom coll=0 fire=0 D_A=n/a info=0 distinct=300 | D_B=n/a cov=0.000 | refines=true | VoidVacuous("no transport: the chart is frozen")
      BlindIndex Exact Ene coll=0 fire=0 D_A=n/a info=0 distinct=300 | D_B=n/a cov=0.000 | refines=true | VoidVacuous("no transport: the chart is frozen")
      BlindIndex Poisson Occ coll=44850 fire=0 D_A=0.000000 info=300 distinct=1 | D_B=0.000000 cov=1.000 | refines=true | VoidVacuous("no transport: the chart is frozen")
      BlindIndex Poisson Mom coll=0 fire=0 D_A=n/a info=0 distinct=300 | D_B=n/a cov=0.000 | refines=true | VoidVacuous("no transport: the chart is frozen")
      BlindIndex Poisson Ene coll=0 fire=0 D_A=n/a info=0 distinct=300 | D_B=n/a cov=0.000 | refines=true | VoidVacuous("no transport: the chart is frozen")
      BlindIndex CellScale Occ coll=44850 fire=0 D_A=0.000000 info=300 distinct=1 | D_B=0.000000 cov=1.000 | refines=true | VoidVacuous("no transport: the chart is frozen")
      BlindIndex CellScale Mom coll=0 fire=0 D_A=n/a info=0 distinct=300 | D_B=n/a cov=0.000 | refines=true | VoidVacuous("no transport: the chart is frozen")
      BlindIndex CellScale Ene coll=0 fire=0 D_A=n/a info=0 distinct=300 | D_B=n/a cov=0.000 | refines=true | VoidVacuous("no transport: the chart is frozen")
      GlobalRelabel Exact Occ coll=4 fire=4 D_A=1.000000 info=8 distinct=296 | D_B=n/a cov=0.000 | refines=true | VoidWorkCount(8)
      GlobalRelabel Exact Mom coll=0 fire=0 D_A=n/a info=0 distinct=300 | D_B=n/a cov=0.000 | refines=true | VoidWorkCount(0)
      GlobalRelabel Exact Ene coll=0 fire=0 D_A=n/a info=0 distinct=300 | D_B=n/a cov=0.000 | refines=true | VoidWorkCount(0)
      GlobalRelabel Poisson Occ coll=4 fire=4 D_A=1.000000 info=8 distinct=296 | D_B=n/a cov=0.000 | refines=true | VoidWorkCount(8)
         witnesses (listing capped at 10, count above is exact): (88,89) (129,130) (151,152)
      GlobalRelabel Poisson Mom coll=0 fire=0 D_A=n/a info=0 distinct=300 | D_B=n/a cov=0.000 | refines=true | VoidWorkCount(0)
      GlobalRelabel Poisson Ene coll=0 fire=0 D_A=n/a info=0 distinct=300 | D_B=n/a cov=0.000 | refines=true | VoidWorkCount(0)
      GlobalRelabel CellScale Occ coll=4 fire=4 D_A=1.000000 info=8 distinct=296 | D_B=n/a cov=0.000 | refines=true | VoidWorkCount(8)
      GlobalRelabel CellScale Mom coll=0 fire=0 D_A=n/a info=0 distinct=300 | D_B=n/a cov=0.000 | refines=true | VoidWorkCount(0)
      GlobalRelabel CellScale Ene coll=0 fire=0 D_A=n/a info=0 distinct=300 | D_B=n/a cov=0.000 | refines=true | VoidWorkCount(0)

-- seed 0x5245504c41434532  n=128 dims=3 frames=301 box=29.6x29.6 species=[8]
   G9a species/arity constant: true
   G9b |p| first=1.226954e1 last=3.078148e1   G9c Ek first=2.210083e-1 last=2.323288e-1  [ledger leg UNDISCHARGED: the dump carries no forces]
   amendment 1: ladder of 8 grids derived from N=128 dims=3: 1x1x1 2x1x1 2x2x1 2x2x2 4x2x2 4x4x2 4x4x4 8x4x4
   grid 1x1x1 cells=1 occ=128.000 fluct=0.000 transport=0.0000 dn=11.31  G2 admissible: NO
      Spatial Exact Occ coll=44850 fire=0 D_A=0.000000 info=300 distinct=1 | D_B=0.000000 cov=1.000 | refines=true | VoidVacuous("fewer than 2 cells: the fields are the invariants")
      Spatial Exact Mom coll=27 fire=27 D_A=1.000000 info=54 distinct=273 | D_B=1.000000 cov=0.093 | refines=true | VoidVacuous("fewer than 2 cells: the fields are the invariants")
      Spatial Exact Ene coll=0 fire=0 D_A=n/a info=0 distinct=300 | D_B=n/a cov=0.000 | refines=true | VoidVacuous("fewer than 2 cells: the fields are the invariants")
      Spatial Poisson Occ coll=44850 fire=0 D_A=0.000000 info=300 distinct=1 | D_B=0.000000 cov=1.000 | refines=true | VoidVacuous("fewer than 2 cells: the fields are the invariants")
      Spatial Poisson Mom coll=27 fire=27 D_A=1.000000 info=54 distinct=273 | D_B=1.000000 cov=0.093 | refines=true | VoidVacuous("fewer than 2 cells: the fields are the invariants")
      Spatial Poisson Ene coll=0 fire=0 D_A=n/a info=0 distinct=300 | D_B=n/a cov=0.000 | refines=true | VoidVacuous("fewer than 2 cells: the fields are the invariants")
      Spatial CellScale Occ coll=44850 fire=0 D_A=0.000000 info=300 distinct=1 | D_B=0.000000 cov=1.000 | refines=true | VoidVacuous("fewer than 2 cells: the fields are the invariants")
      Spatial CellScale Mom coll=3181 fire=2931 D_A=0.921408 info=289 distinct=31 | D_B=0.916084 cov=0.953 | refines=true | VoidVacuous("fewer than 2 cells: the fields are the invariants")
      Spatial CellScale Ene coll=600 fire=577 D_A=0.961667 info=251 distinct=110 | D_B=0.959459 cov=0.493 | refines=true | VoidVacuous("fewer than 2 cells: the fields are the invariants")
      BlindLabel Exact Occ coll=44850 fire=0 D_A=0.000000 info=300 distinct=1 | D_B=0.000000 cov=1.000 | refines=true | VoidVacuous("fewer than 2 cells: the fields are the invariants")
      BlindLabel Exact Mom coll=27 fire=27 D_A=1.000000 info=54 distinct=273 | D_B=1.000000 cov=0.093 | refines=true | VoidVacuous("fewer than 2 cells: the fields are the invariants")
      BlindLabel Exact Ene coll=0 fire=0 D_A=n/a info=0 distinct=300 | D_B=n/a cov=0.000 | refines=true | VoidVacuous("fewer than 2 cells: the fields are the invariants")
      BlindLabel Poisson Occ coll=44850 fire=0 D_A=0.000000 info=300 distinct=1 | D_B=0.000000 cov=1.000 | refines=true | VoidVacuous("fewer than 2 cells: the fields are the invariants")
      BlindLabel Poisson Mom coll=27 fire=27 D_A=1.000000 info=54 distinct=273 | D_B=1.000000 cov=0.093 | refines=true | VoidVacuous("fewer than 2 cells: the fields are the invariants")
      BlindLabel Poisson Ene coll=0 fire=0 D_A=n/a info=0 distinct=300 | D_B=n/a cov=0.000 | refines=true | VoidVacuous("fewer than 2 cells: the fields are the invariants")
      BlindLabel CellScale Occ coll=44850 fire=0 D_A=0.000000 info=300 distinct=1 | D_B=0.000000 cov=1.000 | refines=true | VoidVacuous("fewer than 2 cells: the fields are the invariants")
      BlindLabel CellScale Mom coll=3181 fire=2931 D_A=0.921408 info=289 distinct=31 | D_B=0.916084 cov=0.953 | refines=true | VoidVacuous("fewer than 2 cells: the fields are the invariants")
      BlindLabel CellScale Ene coll=600 fire=577 D_A=0.961667 info=251 distinct=110 | D_B=0.959459 cov=0.493 | refines=true | VoidVacuous("fewer than 2 cells: the fields are the invariants")
      BlindIndex Exact Occ coll=44850 fire=0 D_A=0.000000 info=300 distinct=1 | D_B=0.000000 cov=1.000 | refines=true | VoidVacuous("fewer than 2 cells: the fields are the invariants")
      BlindIndex Exact Mom coll=27 fire=27 D_A=1.000000 info=54 distinct=273 | D_B=1.000000 cov=0.093 | refines=true | VoidVacuous("fewer than 2 cells: the fields are the invariants")
      BlindIndex Exact Ene coll=0 fire=0 D_A=n/a info=0 distinct=300 | D_B=n/a cov=0.000 | refines=true | VoidVacuous("fewer than 2 cells: the fields are the invariants")
      BlindIndex Poisson Occ coll=44850 fire=0 D_A=0.000000 info=300 distinct=1 | D_B=0.000000 cov=1.000 | refines=true | VoidVacuous("fewer than 2 cells: the fields are the invariants")
      BlindIndex Poisson Mom coll=27 fire=27 D_A=1.000000 info=54 distinct=273 | D_B=1.000000 cov=0.093 | refines=true | VoidVacuous("fewer than 2 cells: the fields are the invariants")
      BlindIndex Poisson Ene coll=0 fire=0 D_A=n/a info=0 distinct=300 | D_B=n/a cov=0.000 | refines=true | VoidVacuous("fewer than 2 cells: the fields are the invariants")
      BlindIndex CellScale Occ coll=44850 fire=0 D_A=0.000000 info=300 distinct=1 | D_B=0.000000 cov=1.000 | refines=true | VoidVacuous("fewer than 2 cells: the fields are the invariants")
      BlindIndex CellScale Mom coll=3181 fire=2931 D_A=0.921408 info=289 distinct=31 | D_B=0.916084 cov=0.953 | refines=true | VoidVacuous("fewer than 2 cells: the fields are the invariants")
      BlindIndex CellScale Ene coll=600 fire=577 D_A=0.961667 info=251 distinct=110 | D_B=0.959459 cov=0.493 | refines=true | VoidVacuous("fewer than 2 cells: the fields are the invariants")
      GlobalRelabel Exact Occ coll=44850 fire=0 D_A=0.000000 info=300 distinct=1 | D_B=0.000000 cov=1.000 | refines=true | VoidVacuous("fewer than 2 cells: the fields are the invariants")
      GlobalRelabel Exact Mom coll=27 fire=27 D_A=1.000000 info=54 distinct=273 | D_B=1.000000 cov=0.093 | refines=true | VoidVacuous("fewer than 2 cells: the fields are the invariants")
      GlobalRelabel Exact Ene coll=0 fire=0 D_A=n/a info=0 distinct=300 | D_B=n/a cov=0.000 | refines=true | VoidVacuous("fewer than 2 cells: the fields are the invariants")
      GlobalRelabel Poisson Occ coll=44850 fire=0 D_A=0.000000 info=300 distinct=1 | D_B=0.000000 cov=1.000 | refines=true | VoidVacuous("fewer than 2 cells: the fields are the invariants")
      GlobalRelabel Poisson Mom coll=27 fire=27 D_A=1.000000 info=54 distinct=273 | D_B=1.000000 cov=0.093 | refines=true | VoidVacuous("fewer than 2 cells: the fields are the invariants")
      GlobalRelabel Poisson Ene coll=0 fire=0 D_A=n/a info=0 distinct=300 | D_B=n/a cov=0.000 | refines=true | VoidVacuous("fewer than 2 cells: the fields are the invariants")
      GlobalRelabel CellScale Occ coll=44850 fire=0 D_A=0.000000 info=300 distinct=1 | D_B=0.000000 cov=1.000 | refines=true | VoidVacuous("fewer than 2 cells: the fields are the invariants")
      GlobalRelabel CellScale Mom coll=3181 fire=2931 D_A=0.921408 info=289 distinct=31 | D_B=0.916084 cov=0.953 | refines=true | VoidVacuous("fewer than 2 cells: the fields are the invariants")
      GlobalRelabel CellScale Ene coll=600 fire=577 D_A=0.961667 info=251 distinct=110 | D_B=0.959459 cov=0.493 | refines=true | VoidVacuous("fewer than 2 cells: the fields are the invariants")
   grid 2x1x1 cells=2 occ=64.000 fluct=0.034 transport=0.4200 dn=8.00  G2 admissible: NO
      Spatial Exact Occ coll=6968 fire=3657 D_A=0.524828 info=299 distinct=10 | D_B=0.320000 cov=1.000 | refines=true | NotClosed
      Spatial Exact Mom coll=0 fire=0 D_A=n/a info=0 distinct=300 | D_B=n/a cov=0.000 | refines=true | VoidWorkCount(0)
      Spatial Exact Ene coll=0 fire=0 D_A=n/a info=0 distinct=300 | D_B=n/a cov=0.000 | refines=true | VoidWorkCount(0)
      Spatial Poisson Occ coll=22753 fire=2623 D_A=0.115282 info=300 distinct=3 | D_B=0.120000 cov=1.000 | refines=true | NotClosed
         witnesses (listing capped at 10, count above is exact): (0,2) (0,151) (2,151)
      Spatial Poisson Mom coll=0 fire=0 D_A=n/a info=0 distinct=300 | D_B=n/a cov=0.000 | refines=true | VoidWorkCount(0)
      Spatial Poisson Ene coll=0 fire=0 D_A=n/a info=0 distinct=300 | D_B=n/a cov=0.000 | refines=true | VoidWorkCount(0)
      Spatial CellScale Occ coll=22753 fire=2623 D_A=0.115282 info=300 distinct=3 | D_B=0.120000 cov=1.000 | refines=true | NotClosed
      Spatial CellScale Mom coll=5 fire=5 D_A=1.000000 info=10 distinct=295 | D_B=1.000000 cov=0.020 | refines=true | VoidWorkCount(10)
      Spatial CellScale Ene coll=0 fire=0 D_A=n/a info=0 distinct=300 | D_B=n/a cov=0.000 | refines=true | VoidWorkCount(0)
      BlindLabel Exact Occ coll=5160 fire=2750 D_A=0.532946 info=298 distinct=14 | D_B=0.303448 cov=0.967 | refines=true | NotClosed
      BlindLabel Exact Mom coll=0 fire=0 D_A=n/a info=0 distinct=300 | D_B=n/a cov=0.000 | refines=true | VoidWorkCount(0)
      BlindLabel Exact Ene coll=0 fire=0 D_A=n/a info=0 distinct=300 | D_B=n/a cov=0.000 | refines=true | VoidWorkCount(0)
      BlindLabel Poisson Occ coll=33177 fire=2139 D_A=0.064472 info=300 distinct=5 | D_B=0.027586 cov=0.967 | refines=true | NotClosed
         witnesses (listing capped at 10, count above is exact): (0,8) (0,89) (8,89)
      BlindLabel Poisson Mom coll=0 fire=0 D_A=n/a info=0 distinct=300 | D_B=n/a cov=0.000 | refines=true | VoidWorkCount(0)
      BlindLabel Poisson Ene coll=0 fire=0 D_A=n/a info=0 distinct=300 | D_B=n/a cov=0.000 | refines=true | VoidWorkCount(0)
      BlindLabel CellScale Occ coll=33177 fire=2139 D_A=0.064472 info=300 distinct=5 | D_B=0.027586 cov=0.967 | refines=true | NotClosed
      BlindLabel CellScale Mom coll=15 fire=15 D_A=1.000000 info=30 distinct=285 | D_B=1.000000 cov=0.047 | refines=true | VoidWorkCount(30)
      BlindLabel CellScale Ene coll=0 fire=0 D_A=n/a info=0 distinct=300 | D_B=n/a cov=0.000 | refines=true | VoidWorkCount(0)
      BlindIndex Exact Occ coll=44850 fire=0 D_A=0.000000 info=300 distinct=1 | D_B=0.000000 cov=1.000 | refines=true | VoidVacuous("no transport: the chart is frozen")
      BlindIndex Exact Mom coll=0 fire=0 D_A=n/a info=0 distinct=300 | D_B=n/a cov=0.000 | refines=true | VoidVacuous("no transport: the chart is frozen")
      BlindIndex Exact Ene coll=0 fire=0 D_A=n/a info=0 distinct=300 | D_B=n/a cov=0.000 | refines=true | VoidVacuous("no transport: the chart is frozen")
      BlindIndex Poisson Occ coll=44850 fire=0 D_A=0.000000 info=300 distinct=1 | D_B=0.000000 cov=1.000 | refines=true | VoidVacuous("no transport: the chart is frozen")
      BlindIndex Poisson Mom coll=0 fire=0 D_A=n/a info=0 distinct=300 | D_B=n/a cov=0.000 | refines=true | VoidVacuous("no transport: the chart is frozen")
      BlindIndex Poisson Ene coll=0 fire=0 D_A=n/a info=0 distinct=300 | D_B=n/a cov=0.000 | refines=true | VoidVacuous("no transport: the chart is frozen")
      BlindIndex CellScale Occ coll=44850 fire=0 D_A=0.000000 info=300 distinct=1 | D_B=0.000000 cov=1.000 | refines=true | VoidVacuous("no transport: the chart is frozen")
      BlindIndex CellScale Mom coll=15 fire=14 D_A=0.933333 info=30 distinct=285 | D_B=1.000000 cov=0.020 | refines=true | VoidVacuous("no transport: the chart is frozen")
      BlindIndex CellScale Ene coll=1 fire=1 D_A=1.000000 info=2 distinct=299 | D_B=n/a cov=0.000 | refines=true | VoidVacuous("no transport: the chart is frozen")
      GlobalRelabel Exact Occ coll=6968 fire=3657 D_A=0.524828 info=299 distinct=10 | D_B=0.320000 cov=1.000 | refines=true | NotClosed
      GlobalRelabel Exact Mom coll=0 fire=0 D_A=n/a info=0 distinct=300 | D_B=n/a cov=0.000 | refines=true | VoidWorkCount(0)
      GlobalRelabel Exact Ene coll=0 fire=0 D_A=n/a info=0 distinct=300 | D_B=n/a cov=0.000 | refines=true | VoidWorkCount(0)
      GlobalRelabel Poisson Occ coll=22753 fire=2623 D_A=0.115282 info=300 distinct=3 | D_B=0.120000 cov=1.000 | refines=true | NotClosed
         witnesses (listing capped at 10, count above is exact): (0,2) (0,151) (2,151)
      GlobalRelabel Poisson Mom coll=0 fire=0 D_A=n/a info=0 distinct=300 | D_B=n/a cov=0.000 | refines=true | VoidWorkCount(0)
      GlobalRelabel Poisson Ene coll=0 fire=0 D_A=n/a info=0 distinct=300 | D_B=n/a cov=0.000 | refines=true | VoidWorkCount(0)
      GlobalRelabel CellScale Occ coll=22753 fire=2623 D_A=0.115282 info=300 distinct=3 | D_B=0.120000 cov=1.000 | refines=true | NotClosed
      GlobalRelabel CellScale Mom coll=5 fire=5 D_A=1.000000 info=10 distinct=295 | D_B=1.000000 cov=0.020 | refines=true | VoidWorkCount(10)
      GlobalRelabel CellScale Ene coll=0 fire=0 D_A=n/a info=0 distinct=300 | D_B=n/a cov=0.000 | refines=true | VoidWorkCount(0)
   grid 2x2x1 cells=4 occ=32.000 fluct=0.072 transport=0.7067 dn=5.66  G2 admissible: NO
      Spatial Exact Occ coll=396 fire=296 D_A=0.747475 info=228 distinct=139 | D_B=0.967742 cov=0.207 | refines=true | NotClosed
      Spatial Exact Mom coll=0 fire=0 D_A=n/a info=0 distinct=300 | D_B=n/a cov=0.000 | refines=true | VoidWorkCount(0)
      Spatial Exact Ene coll=0 fire=0 D_A=n/a info=0 distinct=300 | D_B=n/a cov=0.000 | refines=true | VoidWorkCount(0)
      Spatial Poisson Occ coll=4804 fire=2319 D_A=0.482723 info=299 distinct=22 | D_B=0.463768 cov=0.460 | refines=true | NotClosed
         witnesses (listing capped at 10, count above is exact): (27,58) (27,75) (27,93)
      Spatial Poisson Mom coll=0 fire=0 D_A=n/a info=0 distinct=300 | D_B=n/a cov=0.000 | refines=true | VoidWorkCount(0)
      Spatial Poisson Ene coll=0 fire=0 D_A=n/a info=0 distinct=300 | D_B=n/a cov=0.000 | refines=true | VoidWorkCount(0)
      Spatial CellScale Occ coll=4804 fire=2319 D_A=0.482723 info=299 distinct=22 | D_B=0.463768 cov=0.460 | refines=true | NotClosed
      Spatial CellScale Mom coll=0 fire=0 D_A=n/a info=0 distinct=300 | D_B=n/a cov=0.000 | refines=true | VoidWorkCount(0)
      Spatial CellScale Ene coll=0 fire=0 D_A=n/a info=0 distinct=300 | D_B=n/a cov=0.000 | refines=true | VoidWorkCount(0)
      BlindLabel Exact Occ coll=275 fire=188 D_A=0.683636 info=201 distinct=166 | D_B=0.866667 cov=0.200 | refines=true | NotClosed
      BlindLabel Exact Mom coll=0 fire=0 D_A=n/a info=0 distinct=300 | D_B=n/a cov=0.000 | refines=true | VoidWorkCount(0)
      BlindLabel Exact Ene coll=0 fire=0 D_A=n/a info=0 distinct=300 | D_B=n/a cov=0.000 | refines=true | VoidWorkCount(0)
      BlindLabel Poisson Occ coll=4189 fire=1645 D_A=0.392695 info=296 distinct=25 | D_B=0.587302 cov=0.840 | refines=true | NotClosed
         witnesses (listing capped at 10, count above is exact): (23,24) (23,27) (23,46)
      BlindLabel Poisson Mom coll=0 fire=0 D_A=n/a info=0 distinct=300 | D_B=n/a cov=0.000 | refines=true | VoidWorkCount(0)
      BlindLabel Poisson Ene coll=0 fire=0 D_A=n/a info=0 distinct=300 | D_B=n/a cov=0.000 | refines=true | VoidWorkCount(0)
      BlindLabel CellScale Occ coll=4189 fire=1645 D_A=0.392695 info=296 distinct=25 | D_B=0.587302 cov=0.840 | refines=true | NotClosed
      BlindLabel CellScale Mom coll=0 fire=0 D_A=n/a info=0 distinct=300 | D_B=n/a cov=0.000 | refines=true | VoidWorkCount(0)
      BlindLabel CellScale Ene coll=0 fire=0 D_A=n/a info=0 distinct=300 | D_B=n/a cov=0.000 | refines=true | VoidWorkCount(0)
      BlindIndex Exact Occ coll=44850 fire=0 D_A=0.000000 info=300 distinct=1 | D_B=0.000000 cov=1.000 | refines=true | VoidVacuous("no transport: the chart is frozen")
      BlindIndex Exact Mom coll=0 fire=0 D_A=n/a info=0 distinct=300 | D_B=n/a cov=0.000 | refines=true | VoidVacuous("no transport: the chart is frozen")
      BlindIndex Exact Ene coll=0 fire=0 D_A=n/a info=0 distinct=300 | D_B=n/a cov=0.000 | refines=true | VoidVacuous("no transport: the chart is frozen")
      BlindIndex Poisson Occ coll=44850 fire=0 D_A=0.000000 info=300 distinct=1 | D_B=0.000000 cov=1.000 | refines=true | VoidVacuous("no transport: the chart is frozen")
      BlindIndex Poisson Mom coll=0 fire=0 D_A=n/a info=0 distinct=300 | D_B=n/a cov=0.000 | refines=true | VoidVacuous("no transport: the chart is frozen")
      BlindIndex Poisson Ene coll=0 fire=0 D_A=n/a info=0 distinct=300 | D_B=n/a cov=0.000 | refines=true | VoidVacuous("no transport: the chart is frozen")
      BlindIndex CellScale Occ coll=44850 fire=0 D_A=0.000000 info=300 distinct=1 | D_B=0.000000 cov=1.000 | refines=true | VoidVacuous("no transport: the chart is frozen")
      BlindIndex CellScale Mom coll=0 fire=0 D_A=n/a info=0 distinct=300 | D_B=n/a cov=0.000 | refines=true | VoidVacuous("no transport: the chart is frozen")
      BlindIndex CellScale Ene coll=0 fire=0 D_A=n/a info=0 distinct=300 | D_B=n/a cov=0.000 | refines=true | VoidVacuous("no transport: the chart is frozen")
      GlobalRelabel Exact Occ coll=396 fire=296 D_A=0.747475 info=228 distinct=139 | D_B=0.935484 cov=0.207 | refines=true | NotClosed
      GlobalRelabel Exact Mom coll=0 fire=0 D_A=n/a info=0 distinct=300 | D_B=n/a cov=0.000 | refines=true | VoidWorkCount(0)
      GlobalRelabel Exact Ene coll=0 fire=0 D_A=n/a info=0 distinct=300 | D_B=n/a cov=0.000 | refines=true | VoidWorkCount(0)
      GlobalRelabel Poisson Occ coll=4804 fire=2319 D_A=0.482723 info=299 distinct=22 | D_B=0.478261 cov=0.460 | refines=true | NotClosed
         witnesses (listing capped at 10, count above is exact): (21,22) (21,36) (21,86)
      GlobalRelabel Poisson Mom coll=0 fire=0 D_A=n/a info=0 distinct=300 | D_B=n/a cov=0.000 | refines=true | VoidWorkCount(0)
      GlobalRelabel Poisson Ene coll=0 fire=0 D_A=n/a info=0 distinct=300 | D_B=n/a cov=0.000 | refines=true | VoidWorkCount(0)
      GlobalRelabel CellScale Occ coll=4804 fire=2319 D_A=0.482723 info=299 distinct=22 | D_B=0.478261 cov=0.460 | refines=true | NotClosed
      GlobalRelabel CellScale Mom coll=0 fire=0 D_A=n/a info=0 distinct=300 | D_B=n/a cov=0.000 | refines=true | VoidWorkCount(0)
      GlobalRelabel CellScale Ene coll=0 fire=0 D_A=n/a info=0 distinct=300 | D_B=n/a cov=0.000 | refines=true | VoidWorkCount(0)
   grid 2x2x2 cells=8 occ=16.000 fluct=0.111 transport=0.8233 dn=4.00  G2 admissible: NO
      Spatial Exact Occ coll=74 fire=64 D_A=0.864865 info=106 distinct=241 | D_B=1.000000 cov=0.007 | refines=true | VoidWorkCount(106)
      Spatial Exact Mom coll=0 fire=0 D_A=n/a info=0 distinct=300 | D_B=n/a cov=0.000 | refines=true | VoidWorkCount(0)
      Spatial Exact Ene coll=0 fire=0 D_A=n/a info=0 distinct=300 | D_B=n/a cov=0.000 | refines=true | VoidWorkCount(0)
      Spatial Poisson Occ coll=1010 fire=554 D_A=0.548515 info=271 distinct=83 | D_B=0.785714 cov=0.560 | refines=true | NotClosed
         witnesses (listing capped at 10, count above is exact): (20,22) (120,191) (120,192)
      Spatial Poisson Mom coll=0 fire=0 D_A=n/a info=0 distinct=300 | D_B=n/a cov=0.000 | refines=true | VoidWorkCount(0)
      Spatial Poisson Ene coll=0 fire=0 D_A=n/a info=0 distinct=300 | D_B=n/a cov=0.000 | refines=true | VoidWorkCount(0)
      Spatial CellScale Occ coll=1010 fire=554 D_A=0.548515 info=271 distinct=83 | D_B=0.785714 cov=0.560 | refines=true | NotClosed
      Spatial CellScale Mom coll=0 fire=0 D_A=n/a info=0 distinct=300 | D_B=n/a cov=0.000 | refines=true | VoidWorkCount(0)
      Spatial CellScale Ene coll=0 fire=0 D_A=n/a info=0 distinct=300 | D_B=n/a cov=0.000 | refines=true | VoidWorkCount(0)
      BlindLabel Exact Occ coll=77 fire=65 D_A=0.844156 info=101 distinct=242 | D_B=1.000000 cov=0.007 | refines=true | VoidWorkCount(101)
      BlindLabel Exact Mom coll=0 fire=0 D_A=n/a info=0 distinct=300 | D_B=n/a cov=0.000 | refines=true | VoidWorkCount(0)
      BlindLabel Exact Ene coll=0 fire=0 D_A=n/a info=0 distinct=300 | D_B=n/a cov=0.000 | refines=true | VoidWorkCount(0)
      BlindLabel Poisson Occ coll=613 fire=395 D_A=0.644372 info=265 distinct=99 | D_B=0.837838 cov=0.247 | refines=true | NotClosed
         witnesses (listing capped at 10, count above is exact): (34,36) (34,38) (36,38)
      BlindLabel Poisson Mom coll=0 fire=0 D_A=n/a info=0 distinct=300 | D_B=n/a cov=0.000 | refines=true | VoidWorkCount(0)
      BlindLabel Poisson Ene coll=0 fire=0 D_A=n/a info=0 distinct=300 | D_B=n/a cov=0.000 | refines=true | VoidWorkCount(0)
      BlindLabel CellScale Occ coll=613 fire=395 D_A=0.644372 info=265 distinct=99 | D_B=0.837838 cov=0.247 | refines=true | NotClosed
      BlindLabel CellScale Mom coll=0 fire=0 D_A=n/a info=0 distinct=300 | D_B=n/a cov=0.000 | refines=true | VoidWorkCount(0)
      BlindLabel CellScale Ene coll=0 fire=0 D_A=n/a info=0 distinct=300 | D_B=n/a cov=0.000 | refines=true | VoidWorkCount(0)
      BlindIndex Exact Occ coll=44850 fire=0 D_A=0.000000 info=300 distinct=1 | D_B=0.000000 cov=1.000 | refines=true | VoidVacuous("no transport: the chart is frozen")
      BlindIndex Exact Mom coll=0 fire=0 D_A=n/a info=0 distinct=300 | D_B=n/a cov=0.000 | refines=true | VoidVacuous("no transport: the chart is frozen")
      BlindIndex Exact Ene coll=0 fire=0 D_A=n/a info=0 distinct=300 | D_B=n/a cov=0.000 | refines=true | VoidVacuous("no transport: the chart is frozen")
      BlindIndex Poisson Occ coll=44850 fire=0 D_A=0.000000 info=300 distinct=1 | D_B=0.000000 cov=1.000 | refines=true | VoidVacuous("no transport: the chart is frozen")
      BlindIndex Poisson Mom coll=0 fire=0 D_A=n/a info=0 distinct=300 | D_B=n/a cov=0.000 | refines=true | VoidVacuous("no transport: the chart is frozen")
      BlindIndex Poisson Ene coll=0 fire=0 D_A=n/a info=0 distinct=300 | D_B=n/a cov=0.000 | refines=true | VoidVacuous("no transport: the chart is frozen")
      BlindIndex CellScale Occ coll=44850 fire=0 D_A=0.000000 info=300 distinct=1 | D_B=0.000000 cov=1.000 | refines=true | VoidVacuous("no transport: the chart is frozen")
      BlindIndex CellScale Mom coll=0 fire=0 D_A=n/a info=0 distinct=300 | D_B=n/a cov=0.000 | refines=true | VoidVacuous("no transport: the chart is frozen")
      BlindIndex CellScale Ene coll=0 fire=0 D_A=n/a info=0 distinct=300 | D_B=n/a cov=0.000 | refines=true | VoidVacuous("no transport: the chart is frozen")
      GlobalRelabel Exact Occ coll=74 fire=64 D_A=0.864865 info=106 distinct=241 | D_B=1.000000 cov=0.007 | refines=true | VoidWorkCount(106)
      GlobalRelabel Exact Mom coll=0 fire=0 D_A=n/a info=0 distinct=300 | D_B=n/a cov=0.000 | refines=true | VoidWorkCount(0)
      GlobalRelabel Exact Ene coll=0 fire=0 D_A=n/a info=0 distinct=300 | D_B=n/a cov=0.000 | refines=true | VoidWorkCount(0)
      GlobalRelabel Poisson Occ coll=1010 fire=554 D_A=0.548515 info=271 distinct=83 | D_B=0.714286 cov=0.560 | refines=true | NotClosed
         witnesses (listing capped at 10, count above is exact): (16,17) (16,23) (17,23)
      GlobalRelabel Poisson Mom coll=0 fire=0 D_A=n/a info=0 distinct=300 | D_B=n/a cov=0.000 | refines=true | VoidWorkCount(0)
      GlobalRelabel Poisson Ene coll=0 fire=0 D_A=n/a info=0 distinct=300 | D_B=n/a cov=0.000 | refines=true | VoidWorkCount(0)
      GlobalRelabel CellScale Occ coll=1010 fire=554 D_A=0.548515 info=271 distinct=83 | D_B=0.714286 cov=0.560 | refines=true | NotClosed
      GlobalRelabel CellScale Mom coll=0 fire=0 D_A=n/a info=0 distinct=300 | D_B=n/a cov=0.000 | refines=true | VoidWorkCount(0)
      GlobalRelabel CellScale Ene coll=0 fire=0 D_A=n/a info=0 distinct=300 | D_B=n/a cov=0.000 | refines=true | VoidWorkCount(0)
   grid 4x2x2 cells=16 occ=8.000 fluct=0.180 transport=0.9033 dn=2.83  G2 admissible: NO
      Spatial Exact Occ coll=35 fire=32 D_A=0.914286 info=56 distinct=270 | D_B=1.000000 cov=0.007 | refines=true | VoidWorkCount(56)
      Spatial Exact Mom coll=0 fire=0 D_A=n/a info=0 distinct=300 | D_B=n/a cov=0.000 | refines=true | VoidWorkCount(0)
      Spatial Exact Ene coll=0 fire=0 D_A=n/a info=0 distinct=300 | D_B=n/a cov=0.000 | refines=true | VoidWorkCount(0)
      Spatial Poisson Occ coll=195 fire=122 D_A=0.625641 info=162 distinct=198 | D_B=0.500000 cov=0.013 | refines=true | VoidWorkCount(162)
         witnesses (listing capped at 10, count above is exact): (43,45) (90,93) (132,133)
      Spatial Poisson Mom coll=0 fire=0 D_A=n/a info=0 distinct=300 | D_B=n/a cov=0.000 | refines=true | VoidWorkCount(0)
      Spatial Poisson Ene coll=0 fire=0 D_A=n/a info=0 distinct=300 | D_B=n/a cov=0.000 | refines=true | VoidWorkCount(0)
      Spatial CellScale Occ coll=195 fire=122 D_A=0.625641 info=162 distinct=198 | D_B=0.500000 cov=0.013 | refines=true | VoidWorkCount(162)
      Spatial CellScale Mom coll=0 fire=0 D_A=n/a info=0 distinct=300 | D_B=n/a cov=0.000 | refines=true | VoidWorkCount(0)
      Spatial CellScale Ene coll=0 fire=0 D_A=n/a info=0 distinct=300 | D_B=n/a cov=0.000 | refines=true | VoidWorkCount(0)
      BlindLabel Exact Occ coll=37 fire=33 D_A=0.891892 info=57 distinct=269 | D_B=1.000000 cov=0.007 | refines=true | VoidWorkCount(57)
      BlindLabel Exact Mom coll=0 fire=0 D_A=n/a info=0 distinct=300 | D_B=n/a cov=0.000 | refines=true | VoidWorkCount(0)
      BlindLabel Exact Ene coll=0 fire=0 D_A=n/a info=0 distinct=300 | D_B=n/a cov=0.000 | refines=true | VoidWorkCount(0)
      BlindLabel Poisson Occ coll=169 fire=125 D_A=0.739645 info=168 distinct=195 | D_B=0.500000 cov=0.013 | refines=true | VoidWorkCount(168)
         witnesses (listing capped at 10, count above is exact): (16,17) (37,38) (120,121)
      BlindLabel Poisson Mom coll=0 fire=0 D_A=n/a info=0 distinct=300 | D_B=n/a cov=0.000 | refines=true | VoidWorkCount(0)
      BlindLabel Poisson Ene coll=0 fire=0 D_A=n/a info=0 distinct=300 | D_B=n/a cov=0.000 | refines=true | VoidWorkCount(0)
      BlindLabel CellScale Occ coll=169 fire=125 D_A=0.739645 info=168 distinct=195 | D_B=0.500000 cov=0.013 | refines=true | VoidWorkCount(168)
      BlindLabel CellScale Mom coll=0 fire=0 D_A=n/a info=0 distinct=300 | D_B=n/a cov=0.000 | refines=true | VoidWorkCount(0)
      BlindLabel CellScale Ene coll=0 fire=0 D_A=n/a info=0 distinct=300 | D_B=n/a cov=0.000 | refines=true | VoidWorkCount(0)
      BlindIndex Exact Occ coll=44850 fire=0 D_A=0.000000 info=300 distinct=1 | D_B=0.000000 cov=1.000 | refines=true | VoidVacuous("no transport: the chart is frozen")
      BlindIndex Exact Mom coll=0 fire=0 D_A=n/a info=0 distinct=300 | D_B=n/a cov=0.000 | refines=true | VoidVacuous("no transport: the chart is frozen")
      BlindIndex Exact Ene coll=0 fire=0 D_A=n/a info=0 distinct=300 | D_B=n/a cov=0.000 | refines=true | VoidVacuous("no transport: the chart is frozen")
      BlindIndex Poisson Occ coll=44850 fire=0 D_A=0.000000 info=300 distinct=1 | D_B=0.000000 cov=1.000 | refines=true | VoidVacuous("no transport: the chart is frozen")
      BlindIndex Poisson Mom coll=0 fire=0 D_A=n/a info=0 distinct=300 | D_B=n/a cov=0.000 | refines=true | VoidVacuous("no transport: the chart is frozen")
      BlindIndex Poisson Ene coll=0 fire=0 D_A=n/a info=0 distinct=300 | D_B=n/a cov=0.000 | refines=true | VoidVacuous("no transport: the chart is frozen")
      BlindIndex CellScale Occ coll=44850 fire=0 D_A=0.000000 info=300 distinct=1 | D_B=0.000000 cov=1.000 | refines=true | VoidVacuous("no transport: the chart is frozen")
      BlindIndex CellScale Mom coll=0 fire=0 D_A=n/a info=0 distinct=300 | D_B=n/a cov=0.000 | refines=true | VoidVacuous("no transport: the chart is frozen")
      BlindIndex CellScale Ene coll=0 fire=0 D_A=n/a info=0 distinct=300 | D_B=n/a cov=0.000 | refines=true | VoidVacuous("no transport: the chart is frozen")
      GlobalRelabel Exact Occ coll=35 fire=32 D_A=0.914286 info=56 distinct=270 | D_B=1.000000 cov=0.007 | refines=true | VoidWorkCount(56)
      GlobalRelabel Exact Mom coll=0 fire=0 D_A=n/a info=0 distinct=300 | D_B=n/a cov=0.000 | refines=true | VoidWorkCount(0)
      GlobalRelabel Exact Ene coll=0 fire=0 D_A=n/a info=0 distinct=300 | D_B=n/a cov=0.000 | refines=true | VoidWorkCount(0)
      GlobalRelabel Poisson Occ coll=195 fire=122 D_A=0.625641 info=162 distinct=198 | D_B=0.500000 cov=0.013 | refines=true | VoidWorkCount(162)
         witnesses (listing capped at 10, count above is exact): (47,49) (69,71) (69,75)
      GlobalRelabel Poisson Mom coll=0 fire=0 D_A=n/a info=0 distinct=300 | D_B=n/a cov=0.000 | refines=true | VoidWorkCount(0)
      GlobalRelabel Poisson Ene coll=0 fire=0 D_A=n/a info=0 distinct=300 | D_B=n/a cov=0.000 | refines=true | VoidWorkCount(0)
      GlobalRelabel CellScale Occ coll=195 fire=122 D_A=0.625641 info=162 distinct=198 | D_B=0.500000 cov=0.013 | refines=true | VoidWorkCount(162)
      GlobalRelabel CellScale Mom coll=0 fire=0 D_A=n/a info=0 distinct=300 | D_B=n/a cov=0.000 | refines=true | VoidWorkCount(0)
      GlobalRelabel CellScale Ene coll=0 fire=0 D_A=n/a info=0 distinct=300 | D_B=n/a cov=0.000 | refines=true | VoidWorkCount(0)
   grid 4x4x2 cells=32 occ=4.000 fluct=0.273 transport=0.9500 dn=2.00  G2 admissible: NO
      Spatial Exact Occ coll=19 fire=18 D_A=0.947368 info=30 distinct=284 | D_B=n/a cov=0.000 | refines=true | VoidWorkCount(30)
      Spatial Exact Mom coll=0 fire=0 D_A=n/a info=0 distinct=300 | D_B=n/a cov=0.000 | refines=true | VoidWorkCount(0)
      Spatial Exact Ene coll=0 fire=0 D_A=n/a info=0 distinct=300 | D_B=n/a cov=0.000 | refines=true | VoidWorkCount(0)
      Spatial Poisson Occ coll=44 fire=41 D_A=0.931818 info=67 distinct=264 | D_B=n/a cov=0.000 | refines=true | VoidWorkCount(67)
         witnesses (listing capped at 10, count above is exact): (33,34) (72,73) (79,80)
      Spatial Poisson Mom coll=0 fire=0 D_A=n/a info=0 distinct=300 | D_B=n/a cov=0.000 | refines=true | VoidWorkCount(0)
      Spatial Poisson Ene coll=0 fire=0 D_A=n/a info=0 distinct=300 | D_B=n/a cov=0.000 | refines=true | VoidWorkCount(0)
      Spatial CellScale Occ coll=44 fire=41 D_A=0.931818 info=67 distinct=264 | D_B=n/a cov=0.000 | refines=true | VoidWorkCount(67)
      Spatial CellScale Mom coll=0 fire=0 D_A=n/a info=0 distinct=300 | D_B=n/a cov=0.000 | refines=true | VoidWorkCount(0)
      Spatial CellScale Ene coll=0 fire=0 D_A=n/a info=0 distinct=300 | D_B=n/a cov=0.000 | refines=true | VoidWorkCount(0)
      BlindLabel Exact Occ coll=19 fire=18 D_A=0.947368 info=30 distinct=284 | D_B=n/a cov=0.000 | refines=true | VoidWorkCount(30)
      BlindLabel Exact Mom coll=0 fire=0 D_A=n/a info=0 distinct=300 | D_B=n/a cov=0.000 | refines=true | VoidWorkCount(0)
      BlindLabel Exact Ene coll=0 fire=0 D_A=n/a info=0 distinct=300 | D_B=n/a cov=0.000 | refines=true | VoidWorkCount(0)
      BlindLabel Poisson Occ coll=50 fire=40 D_A=0.800000 info=68 distinct=262 | D_B=n/a cov=0.000 | refines=true | VoidWorkCount(68)
         witnesses (listing capped at 10, count above is exact): (3,6) (3,8) (94,95)
      BlindLabel Poisson Mom coll=0 fire=0 D_A=n/a info=0 distinct=300 | D_B=n/a cov=0.000 | refines=true | VoidWorkCount(0)
      BlindLabel Poisson Ene coll=0 fire=0 D_A=n/a info=0 distinct=300 | D_B=n/a cov=0.000 | refines=true | VoidWorkCount(0)
      BlindLabel CellScale Occ coll=50 fire=40 D_A=0.800000 info=68 distinct=262 | D_B=n/a cov=0.000 | refines=true | VoidWorkCount(68)
      BlindLabel CellScale Mom coll=0 fire=0 D_A=n/a info=0 distinct=300 | D_B=n/a cov=0.000 | refines=true | VoidWorkCount(0)
      BlindLabel CellScale Ene coll=0 fire=0 D_A=n/a info=0 distinct=300 | D_B=n/a cov=0.000 | refines=true | VoidWorkCount(0)
      BlindIndex Exact Occ coll=44850 fire=0 D_A=0.000000 info=300 distinct=1 | D_B=0.000000 cov=1.000 | refines=true | VoidVacuous("no transport: the chart is frozen")
      BlindIndex Exact Mom coll=0 fire=0 D_A=n/a info=0 distinct=300 | D_B=n/a cov=0.000 | refines=true | VoidVacuous("no transport: the chart is frozen")
      BlindIndex Exact Ene coll=0 fire=0 D_A=n/a info=0 distinct=300 | D_B=n/a cov=0.000 | refines=true | VoidVacuous("no transport: the chart is frozen")
      BlindIndex Poisson Occ coll=44850 fire=0 D_A=0.000000 info=300 distinct=1 | D_B=0.000000 cov=1.000 | refines=true | VoidVacuous("no transport: the chart is frozen")
      BlindIndex Poisson Mom coll=0 fire=0 D_A=n/a info=0 distinct=300 | D_B=n/a cov=0.000 | refines=true | VoidVacuous("no transport: the chart is frozen")
      BlindIndex Poisson Ene coll=0 fire=0 D_A=n/a info=0 distinct=300 | D_B=n/a cov=0.000 | refines=true | VoidVacuous("no transport: the chart is frozen")
      BlindIndex CellScale Occ coll=44850 fire=0 D_A=0.000000 info=300 distinct=1 | D_B=0.000000 cov=1.000 | refines=true | VoidVacuous("no transport: the chart is frozen")
      BlindIndex CellScale Mom coll=0 fire=0 D_A=n/a info=0 distinct=300 | D_B=n/a cov=0.000 | refines=true | VoidVacuous("no transport: the chart is frozen")
      BlindIndex CellScale Ene coll=0 fire=0 D_A=n/a info=0 distinct=300 | D_B=n/a cov=0.000 | refines=true | VoidVacuous("no transport: the chart is frozen")
      GlobalRelabel Exact Occ coll=19 fire=18 D_A=0.947368 info=30 distinct=284 | D_B=n/a cov=0.000 | refines=true | VoidWorkCount(30)
      GlobalRelabel Exact Mom coll=0 fire=0 D_A=n/a info=0 distinct=300 | D_B=n/a cov=0.000 | refines=true | VoidWorkCount(0)
      GlobalRelabel Exact Ene coll=0 fire=0 D_A=n/a info=0 distinct=300 | D_B=n/a cov=0.000 | refines=true | VoidWorkCount(0)
      GlobalRelabel Poisson Occ coll=44 fire=41 D_A=0.931818 info=67 distinct=264 | D_B=n/a cov=0.000 | refines=true | VoidWorkCount(67)
         witnesses (listing capped at 10, count above is exact): (44,45) (72,73) (90,91)
      GlobalRelabel Poisson Mom coll=0 fire=0 D_A=n/a info=0 distinct=300 | D_B=n/a cov=0.000 | refines=true | VoidWorkCount(0)
      GlobalRelabel Poisson Ene coll=0 fire=0 D_A=n/a info=0 distinct=300 | D_B=n/a cov=0.000 | refines=true | VoidWorkCount(0)
      GlobalRelabel CellScale Occ coll=44 fire=41 D_A=0.931818 info=67 distinct=264 | D_B=n/a cov=0.000 | refines=true | VoidWorkCount(67)
      GlobalRelabel CellScale Mom coll=0 fire=0 D_A=n/a info=0 distinct=300 | D_B=n/a cov=0.000 | refines=true | VoidWorkCount(0)
      GlobalRelabel CellScale Ene coll=0 fire=0 D_A=n/a info=0 distinct=300 | D_B=n/a cov=0.000 | refines=true | VoidWorkCount(0)
   grid 4x4x4 cells=64 occ=2.000 fluct=0.416 transport=0.9733 dn=1.41  G2 admissible: NO
      Spatial Exact Occ coll=8 fire=8 D_A=1.000000 info=16 distinct=292 | D_B=n/a cov=0.000 | refines=true | VoidWorkCount(16)
      Spatial Exact Mom coll=0 fire=0 D_A=n/a info=0 distinct=300 | D_B=n/a cov=0.000 | refines=true | VoidWorkCount(0)
      Spatial Exact Ene coll=0 fire=0 D_A=n/a info=0 distinct=300 | D_B=n/a cov=0.000 | refines=true | VoidWorkCount(0)
      Spatial Poisson Occ coll=10 fire=10 D_A=1.000000 info=20 distinct=290 | D_B=n/a cov=0.000 | refines=true | VoidWorkCount(20)
         witnesses (listing capped at 10, count above is exact): (43,44) (55,56) (72,73)
      Spatial Poisson Mom coll=0 fire=0 D_A=n/a info=0 distinct=300 | D_B=n/a cov=0.000 | refines=true | VoidWorkCount(0)
      Spatial Poisson Ene coll=0 fire=0 D_A=n/a info=0 distinct=300 | D_B=n/a cov=0.000 | refines=true | VoidWorkCount(0)
      Spatial CellScale Occ coll=10 fire=10 D_A=1.000000 info=20 distinct=290 | D_B=n/a cov=0.000 | refines=true | VoidWorkCount(20)
      Spatial CellScale Mom coll=0 fire=0 D_A=n/a info=0 distinct=300 | D_B=n/a cov=0.000 | refines=true | VoidWorkCount(0)
      Spatial CellScale Ene coll=0 fire=0 D_A=n/a info=0 distinct=300 | D_B=n/a cov=0.000 | refines=true | VoidWorkCount(0)
      BlindLabel Exact Occ coll=8 fire=8 D_A=1.000000 info=16 distinct=292 | D_B=n/a cov=0.000 | refines=true | VoidWorkCount(16)
      BlindLabel Exact Mom coll=0 fire=0 D_A=n/a info=0 distinct=300 | D_B=n/a cov=0.000 | refines=true | VoidWorkCount(0)
      BlindLabel Exact Ene coll=0 fire=0 D_A=n/a info=0 distinct=300 | D_B=n/a cov=0.000 | refines=true | VoidWorkCount(0)
      BlindLabel Poisson Occ coll=20 fire=19 D_A=0.950000 info=34 distinct=282 | D_B=n/a cov=0.000 | refines=true | VoidWorkCount(34)
         witnesses (listing capped at 10, count above is exact): (9,10) (55,56) (72,73)
      BlindLabel Poisson Mom coll=0 fire=0 D_A=n/a info=0 distinct=300 | D_B=n/a cov=0.000 | refines=true | VoidWorkCount(0)
      BlindLabel Poisson Ene coll=0 fire=0 D_A=n/a info=0 distinct=300 | D_B=n/a cov=0.000 | refines=true | VoidWorkCount(0)
      BlindLabel CellScale Occ coll=20 fire=19 D_A=0.950000 info=34 distinct=282 | D_B=n/a cov=0.000 | refines=true | VoidWorkCount(34)
      BlindLabel CellScale Mom coll=0 fire=0 D_A=n/a info=0 distinct=300 | D_B=n/a cov=0.000 | refines=true | VoidWorkCount(0)
      BlindLabel CellScale Ene coll=0 fire=0 D_A=n/a info=0 distinct=300 | D_B=n/a cov=0.000 | refines=true | VoidWorkCount(0)
      BlindIndex Exact Occ coll=44850 fire=0 D_A=0.000000 info=300 distinct=1 | D_B=0.000000 cov=1.000 | refines=true | VoidVacuous("no transport: the chart is frozen")
      BlindIndex Exact Mom coll=0 fire=0 D_A=n/a info=0 distinct=300 | D_B=n/a cov=0.000 | refines=true | VoidVacuous("no transport: the chart is frozen")
      BlindIndex Exact Ene coll=0 fire=0 D_A=n/a info=0 distinct=300 | D_B=n/a cov=0.000 | refines=true | VoidVacuous("no transport: the chart is frozen")
      BlindIndex Poisson Occ coll=44850 fire=0 D_A=0.000000 info=300 distinct=1 | D_B=0.000000 cov=1.000 | refines=true | VoidVacuous("no transport: the chart is frozen")
      BlindIndex Poisson Mom coll=0 fire=0 D_A=n/a info=0 distinct=300 | D_B=n/a cov=0.000 | refines=true | VoidVacuous("no transport: the chart is frozen")
      BlindIndex Poisson Ene coll=0 fire=0 D_A=n/a info=0 distinct=300 | D_B=n/a cov=0.000 | refines=true | VoidVacuous("no transport: the chart is frozen")
      BlindIndex CellScale Occ coll=44850 fire=0 D_A=0.000000 info=300 distinct=1 | D_B=0.000000 cov=1.000 | refines=true | VoidVacuous("no transport: the chart is frozen")
      BlindIndex CellScale Mom coll=0 fire=0 D_A=n/a info=0 distinct=300 | D_B=n/a cov=0.000 | refines=true | VoidVacuous("no transport: the chart is frozen")
      BlindIndex CellScale Ene coll=0 fire=0 D_A=n/a info=0 distinct=300 | D_B=n/a cov=0.000 | refines=true | VoidVacuous("no transport: the chart is frozen")
      GlobalRelabel Exact Occ coll=8 fire=8 D_A=1.000000 info=16 distinct=292 | D_B=n/a cov=0.000 | refines=true | VoidWorkCount(16)
      GlobalRelabel Exact Mom coll=0 fire=0 D_A=n/a info=0 distinct=300 | D_B=n/a cov=0.000 | refines=true | VoidWorkCount(0)
      GlobalRelabel Exact Ene coll=0 fire=0 D_A=n/a info=0 distinct=300 | D_B=n/a cov=0.000 | refines=true | VoidWorkCount(0)
      GlobalRelabel Poisson Occ coll=10 fire=10 D_A=1.000000 info=20 distinct=290 | D_B=n/a cov=0.000 | refines=true | VoidWorkCount(20)
         witnesses (listing capped at 10, count above is exact): (43,44) (55,56) (72,73)
      GlobalRelabel Poisson Mom coll=0 fire=0 D_A=n/a info=0 distinct=300 | D_B=n/a cov=0.000 | refines=true | VoidWorkCount(0)
      GlobalRelabel Poisson Ene coll=0 fire=0 D_A=n/a info=0 distinct=300 | D_B=n/a cov=0.000 | refines=true | VoidWorkCount(0)
      GlobalRelabel CellScale Occ coll=10 fire=10 D_A=1.000000 info=20 distinct=290 | D_B=n/a cov=0.000 | refines=true | VoidWorkCount(20)
      GlobalRelabel CellScale Mom coll=0 fire=0 D_A=n/a info=0 distinct=300 | D_B=n/a cov=0.000 | refines=true | VoidWorkCount(0)
      GlobalRelabel CellScale Ene coll=0 fire=0 D_A=n/a info=0 distinct=300 | D_B=n/a cov=0.000 | refines=true | VoidWorkCount(0)
   grid 8x4x4 cells=128 occ=1.000 fluct=0.712 transport=0.9967 dn=1.00  G2 admissible: NO
      Spatial Exact Occ coll=1 fire=1 D_A=1.000000 info=2 distinct=299 | D_B=n/a cov=0.000 | refines=true | VoidWorkCount(2)
      Spatial Exact Mom coll=0 fire=0 D_A=n/a info=0 distinct=300 | D_B=n/a cov=0.000 | refines=true | VoidWorkCount(0)
      Spatial Exact Ene coll=0 fire=0 D_A=n/a info=0 distinct=300 | D_B=n/a cov=0.000 | refines=true | VoidWorkCount(0)
      Spatial Poisson Occ coll=1 fire=1 D_A=1.000000 info=2 distinct=299 | D_B=n/a cov=0.000 | refines=true | VoidWorkCount(2)
         witnesses (listing capped at 10, count above is exact): (177,178)
      Spatial Poisson Mom coll=0 fire=0 D_A=n/a info=0 distinct=300 | D_B=n/a cov=0.000 | refines=true | VoidWorkCount(0)
      Spatial Poisson Ene coll=0 fire=0 D_A=n/a info=0 distinct=300 | D_B=n/a cov=0.000 | refines=true | VoidWorkCount(0)
      Spatial CellScale Occ coll=1 fire=1 D_A=1.000000 info=2 distinct=299 | D_B=n/a cov=0.000 | refines=true | VoidWorkCount(2)
      Spatial CellScale Mom coll=0 fire=0 D_A=n/a info=0 distinct=300 | D_B=n/a cov=0.000 | refines=true | VoidWorkCount(0)
      Spatial CellScale Ene coll=0 fire=0 D_A=n/a info=0 distinct=300 | D_B=n/a cov=0.000 | refines=true | VoidWorkCount(0)
      BlindLabel Exact Occ coll=1 fire=1 D_A=1.000000 info=2 distinct=299 | D_B=n/a cov=0.000 | refines=true | VoidWorkCount(2)
      BlindLabel Exact Mom coll=0 fire=0 D_A=n/a info=0 distinct=300 | D_B=n/a cov=0.000 | refines=true | VoidWorkCount(0)
      BlindLabel Exact Ene coll=0 fire=0 D_A=n/a info=0 distinct=300 | D_B=n/a cov=0.000 | refines=true | VoidWorkCount(0)
      BlindLabel Poisson Occ coll=1 fire=1 D_A=1.000000 info=2 distinct=299 | D_B=n/a cov=0.000 | refines=true | VoidWorkCount(2)
         witnesses (listing capped at 10, count above is exact): (177,178)
      BlindLabel Poisson Mom coll=0 fire=0 D_A=n/a info=0 distinct=300 | D_B=n/a cov=0.000 | refines=true | VoidWorkCount(0)
      BlindLabel Poisson Ene coll=0 fire=0 D_A=n/a info=0 distinct=300 | D_B=n/a cov=0.000 | refines=true | VoidWorkCount(0)
      BlindLabel CellScale Occ coll=1 fire=1 D_A=1.000000 info=2 distinct=299 | D_B=n/a cov=0.000 | refines=true | VoidWorkCount(2)
      BlindLabel CellScale Mom coll=0 fire=0 D_A=n/a info=0 distinct=300 | D_B=n/a cov=0.000 | refines=true | VoidWorkCount(0)
      BlindLabel CellScale Ene coll=0 fire=0 D_A=n/a info=0 distinct=300 | D_B=n/a cov=0.000 | refines=true | VoidWorkCount(0)
      BlindIndex Exact Occ coll=44850 fire=0 D_A=0.000000 info=300 distinct=1 | D_B=0.000000 cov=1.000 | refines=true | VoidVacuous("no transport: the chart is frozen")
      BlindIndex Exact Mom coll=0 fire=0 D_A=n/a info=0 distinct=300 | D_B=n/a cov=0.000 | refines=true | VoidVacuous("no transport: the chart is frozen")
      BlindIndex Exact Ene coll=0 fire=0 D_A=n/a info=0 distinct=300 | D_B=n/a cov=0.000 | refines=true | VoidVacuous("no transport: the chart is frozen")
      BlindIndex Poisson Occ coll=44850 fire=0 D_A=0.000000 info=300 distinct=1 | D_B=0.000000 cov=1.000 | refines=true | VoidVacuous("no transport: the chart is frozen")
      BlindIndex Poisson Mom coll=0 fire=0 D_A=n/a info=0 distinct=300 | D_B=n/a cov=0.000 | refines=true | VoidVacuous("no transport: the chart is frozen")
      BlindIndex Poisson Ene coll=0 fire=0 D_A=n/a info=0 distinct=300 | D_B=n/a cov=0.000 | refines=true | VoidVacuous("no transport: the chart is frozen")
      BlindIndex CellScale Occ coll=44850 fire=0 D_A=0.000000 info=300 distinct=1 | D_B=0.000000 cov=1.000 | refines=true | VoidVacuous("no transport: the chart is frozen")
      BlindIndex CellScale Mom coll=0 fire=0 D_A=n/a info=0 distinct=300 | D_B=n/a cov=0.000 | refines=true | VoidVacuous("no transport: the chart is frozen")
      BlindIndex CellScale Ene coll=0 fire=0 D_A=n/a info=0 distinct=300 | D_B=n/a cov=0.000 | refines=true | VoidVacuous("no transport: the chart is frozen")
      GlobalRelabel Exact Occ coll=1 fire=1 D_A=1.000000 info=2 distinct=299 | D_B=n/a cov=0.000 | refines=true | VoidWorkCount(2)
      GlobalRelabel Exact Mom coll=0 fire=0 D_A=n/a info=0 distinct=300 | D_B=n/a cov=0.000 | refines=true | VoidWorkCount(0)
      GlobalRelabel Exact Ene coll=0 fire=0 D_A=n/a info=0 distinct=300 | D_B=n/a cov=0.000 | refines=true | VoidWorkCount(0)
      GlobalRelabel Poisson Occ coll=1 fire=1 D_A=1.000000 info=2 distinct=299 | D_B=n/a cov=0.000 | refines=true | VoidWorkCount(2)
         witnesses (listing capped at 10, count above is exact): (177,178)
      GlobalRelabel Poisson Mom coll=0 fire=0 D_A=n/a info=0 distinct=300 | D_B=n/a cov=0.000 | refines=true | VoidWorkCount(0)
      GlobalRelabel Poisson Ene coll=0 fire=0 D_A=n/a info=0 distinct=300 | D_B=n/a cov=0.000 | refines=true | VoidWorkCount(0)
      GlobalRelabel CellScale Occ coll=1 fire=1 D_A=1.000000 info=2 distinct=299 | D_B=n/a cov=0.000 | refines=true | VoidWorkCount(2)
      GlobalRelabel CellScale Mom coll=0 fire=0 D_A=n/a info=0 distinct=300 | D_B=n/a cov=0.000 | refines=true | VoidWorkCount(0)
      GlobalRelabel CellScale Ene coll=0 fire=0 D_A=n/a info=0 distinct=300 | D_B=n/a cov=0.000 | refines=true | VoidWorkCount(0)

# RUNG2_AMENDMENT_1.md and RUNG2_AMENDMENT_2.md were in force for every grid above: derived ladder, 3D cells, every field read Exact (the freeze), Poisson (A1: density binned) and CellScale (A2: all three fields binned) side by side

===== COST (PREREG G11, work units, never wall clock) =====
frames read:       1806
chart evaluations: 520128
