# RUNG 2 — the fluid-element chart
# stakes: RUNG2_PREREG.md @ aee5317
# dp = 1.321126 au (frozen 1.3211)
# de = 0.000950043 Ha (frozen 0.0009500435)
# bars: admissible occ >= 100, cells >= 4, fluct <= 0.1; transport >= 0.05; informative >= 200; beta = 0.02; separation >= 0.05

===== ARM flexible (3 trajectories) =====

-- seed 0x5245504c41434530  n=128 dims=3 frames=151 box=29.6x29.6 species=[8]
   G9a species/arity constant: true
   G9b |p| first=0.000000e0 last=0.000000e0   G9c Ek first=0.000000e0 last=0.000000e0  [ledger leg UNDISCHARGED: the dump carries no forces]
   amendment 1: ladder of 8 grids derived from N=128 dims=3: 1x1x1 2x1x1 2x2x1 2x2x2 4x2x2 4x4x2 4x4x4 8x4x4
   grid 1x1x1 cells=1 occ=128.000 fluct=0.000 transport=0.0000 dn=11.31  G2 admissible: NO
      Spatial Exact Occ coll=11175 fire=0 D_A=0.000000 info=150 distinct=1 | D_B=0.000000 cov=1.000 | refines=true | VoidVacuous("fewer than 2 cells: the fields are the invariants")
      Spatial Exact Mom coll=11175 fire=0 D_A=0.000000 info=150 distinct=1 | D_B=0.000000 cov=1.000 | refines=true | VoidVacuous("fewer than 2 cells: the fields are the invariants")
      Spatial Exact Ene coll=11175 fire=0 D_A=0.000000 info=150 distinct=1 | D_B=0.000000 cov=1.000 | refines=true | VoidVacuous("fewer than 2 cells: the fields are the invariants")
      Spatial Poisson Occ coll=11175 fire=0 D_A=0.000000 info=150 distinct=1 | D_B=0.000000 cov=1.000 | refines=true | VoidVacuous("fewer than 2 cells: the fields are the invariants")
      Spatial Poisson Mom coll=11175 fire=0 D_A=0.000000 info=150 distinct=1 | D_B=0.000000 cov=1.000 | refines=true | VoidVacuous("fewer than 2 cells: the fields are the invariants")
      Spatial Poisson Ene coll=11175 fire=0 D_A=0.000000 info=150 distinct=1 | D_B=0.000000 cov=1.000 | refines=true | VoidVacuous("fewer than 2 cells: the fields are the invariants")
      BlindLabel Exact Occ coll=11175 fire=0 D_A=0.000000 info=150 distinct=1 | D_B=0.000000 cov=1.000 | refines=true | VoidVacuous("fewer than 2 cells: the fields are the invariants")
      BlindLabel Exact Mom coll=11175 fire=0 D_A=0.000000 info=150 distinct=1 | D_B=0.000000 cov=1.000 | refines=true | VoidVacuous("fewer than 2 cells: the fields are the invariants")
      BlindLabel Exact Ene coll=11175 fire=0 D_A=0.000000 info=150 distinct=1 | D_B=0.000000 cov=1.000 | refines=true | VoidVacuous("fewer than 2 cells: the fields are the invariants")
      BlindLabel Poisson Occ coll=11175 fire=0 D_A=0.000000 info=150 distinct=1 | D_B=0.000000 cov=1.000 | refines=true | VoidVacuous("fewer than 2 cells: the fields are the invariants")
      BlindLabel Poisson Mom coll=11175 fire=0 D_A=0.000000 info=150 distinct=1 | D_B=0.000000 cov=1.000 | refines=true | VoidVacuous("fewer than 2 cells: the fields are the invariants")
      BlindLabel Poisson Ene coll=11175 fire=0 D_A=0.000000 info=150 distinct=1 | D_B=0.000000 cov=1.000 | refines=true | VoidVacuous("fewer than 2 cells: the fields are the invariants")
      BlindIndex Exact Occ coll=11175 fire=0 D_A=0.000000 info=150 distinct=1 | D_B=0.000000 cov=1.000 | refines=true | VoidVacuous("fewer than 2 cells: the fields are the invariants")
      BlindIndex Exact Mom coll=11175 fire=0 D_A=0.000000 info=150 distinct=1 | D_B=0.000000 cov=1.000 | refines=true | VoidVacuous("fewer than 2 cells: the fields are the invariants")
      BlindIndex Exact Ene coll=11175 fire=0 D_A=0.000000 info=150 distinct=1 | D_B=0.000000 cov=1.000 | refines=true | VoidVacuous("fewer than 2 cells: the fields are the invariants")
      BlindIndex Poisson Occ coll=11175 fire=0 D_A=0.000000 info=150 distinct=1 | D_B=0.000000 cov=1.000 | refines=true | VoidVacuous("fewer than 2 cells: the fields are the invariants")
      BlindIndex Poisson Mom coll=11175 fire=0 D_A=0.000000 info=150 distinct=1 | D_B=0.000000 cov=1.000 | refines=true | VoidVacuous("fewer than 2 cells: the fields are the invariants")
      BlindIndex Poisson Ene coll=11175 fire=0 D_A=0.000000 info=150 distinct=1 | D_B=0.000000 cov=1.000 | refines=true | VoidVacuous("fewer than 2 cells: the fields are the invariants")
      GlobalRelabel Exact Occ coll=11175 fire=0 D_A=0.000000 info=150 distinct=1 | D_B=0.000000 cov=1.000 | refines=true | VoidVacuous("fewer than 2 cells: the fields are the invariants")
      GlobalRelabel Exact Mom coll=11175 fire=0 D_A=0.000000 info=150 distinct=1 | D_B=0.000000 cov=1.000 | refines=true | VoidVacuous("fewer than 2 cells: the fields are the invariants")
      GlobalRelabel Exact Ene coll=11175 fire=0 D_A=0.000000 info=150 distinct=1 | D_B=0.000000 cov=1.000 | refines=true | VoidVacuous("fewer than 2 cells: the fields are the invariants")
      GlobalRelabel Poisson Occ coll=11175 fire=0 D_A=0.000000 info=150 distinct=1 | D_B=0.000000 cov=1.000 | refines=true | VoidVacuous("fewer than 2 cells: the fields are the invariants")
      GlobalRelabel Poisson Mom coll=11175 fire=0 D_A=0.000000 info=150 distinct=1 | D_B=0.000000 cov=1.000 | refines=true | VoidVacuous("fewer than 2 cells: the fields are the invariants")
      GlobalRelabel Poisson Ene coll=11175 fire=0 D_A=0.000000 info=150 distinct=1 | D_B=0.000000 cov=1.000 | refines=true | VoidVacuous("fewer than 2 cells: the fields are the invariants")
   grid 2x1x1 cells=2 occ=64.000 fluct=0.039 transport=0.5733 dn=8.00  G2 admissible: NO
      Spatial Exact Occ coll=1498 fire=988 D_A=0.659546 info=150 distinct=9 | D_B=0.466667 cov=1.000 | refines=true | VoidWorkCount(150)
      Spatial Exact Mom coll=1498 fire=988 D_A=0.659546 info=150 distinct=9 | D_B=0.466667 cov=1.000 | refines=true | VoidWorkCount(150)
      Spatial Exact Ene coll=1498 fire=988 D_A=0.659546 info=150 distinct=9 | D_B=0.466667 cov=1.000 | refines=true | VoidWorkCount(150)
      Spatial Poisson Occ coll=5626 fire=866 D_A=0.153928 info=150 distinct=3 | D_B=0.120000 cov=1.000 | refines=true | VoidWorkCount(150)
         witnesses (listing capped at 10, count above is exact): (0,2) (0,34) (2,34)
      Spatial Poisson Mom coll=5626 fire=866 D_A=0.153928 info=150 distinct=3 | D_B=0.120000 cov=1.000 | refines=true | VoidWorkCount(150)
      Spatial Poisson Ene coll=5626 fire=866 D_A=0.153928 info=150 distinct=3 | D_B=0.120000 cov=1.000 | refines=true | VoidWorkCount(150)
      BlindLabel Exact Occ coll=1323 fire=833 D_A=0.629630 info=149 distinct=12 | D_B=0.854167 cov=0.640 | refines=true | VoidWorkCount(149)
      BlindLabel Exact Mom coll=1323 fire=833 D_A=0.629630 info=149 distinct=12 | D_B=0.854167 cov=0.640 | refines=true | VoidWorkCount(149)
      BlindLabel Exact Ene coll=1323 fire=833 D_A=0.629630 info=149 distinct=12 | D_B=0.854167 cov=0.640 | refines=true | VoidWorkCount(149)
      BlindLabel Poisson Occ coll=5780 fire=1247 D_A=0.215744 info=149 distinct=5 | D_B=0.266667 cov=1.000 | refines=true | VoidWorkCount(149)
         witnesses (listing capped at 10, count above is exact): (0,18) (0,21) (0,63)
      BlindLabel Poisson Mom coll=5780 fire=1247 D_A=0.215744 info=149 distinct=5 | D_B=0.266667 cov=1.000 | refines=true | VoidWorkCount(149)
      BlindLabel Poisson Ene coll=5780 fire=1247 D_A=0.215744 info=149 distinct=5 | D_B=0.266667 cov=1.000 | refines=true | VoidWorkCount(149)
      BlindIndex Exact Occ coll=11175 fire=0 D_A=0.000000 info=150 distinct=1 | D_B=0.000000 cov=1.000 | refines=true | VoidVacuous("no transport: the chart is frozen")
      BlindIndex Exact Mom coll=11175 fire=0 D_A=0.000000 info=150 distinct=1 | D_B=0.000000 cov=1.000 | refines=true | VoidVacuous("no transport: the chart is frozen")
      BlindIndex Exact Ene coll=11175 fire=0 D_A=0.000000 info=150 distinct=1 | D_B=0.000000 cov=1.000 | refines=true | VoidVacuous("no transport: the chart is frozen")
      BlindIndex Poisson Occ coll=11175 fire=0 D_A=0.000000 info=150 distinct=1 | D_B=0.000000 cov=1.000 | refines=true | VoidVacuous("no transport: the chart is frozen")
      BlindIndex Poisson Mom coll=11175 fire=0 D_A=0.000000 info=150 distinct=1 | D_B=0.000000 cov=1.000 | refines=true | VoidVacuous("no transport: the chart is frozen")
      BlindIndex Poisson Ene coll=11175 fire=0 D_A=0.000000 info=150 distinct=1 | D_B=0.000000 cov=1.000 | refines=true | VoidVacuous("no transport: the chart is frozen")
      GlobalRelabel Exact Occ coll=1498 fire=988 D_A=0.659546 info=150 distinct=9 | D_B=0.466667 cov=1.000 | refines=true | VoidWorkCount(150)
      GlobalRelabel Exact Mom coll=1498 fire=988 D_A=0.659546 info=150 distinct=9 | D_B=0.466667 cov=1.000 | refines=true | VoidWorkCount(150)
      GlobalRelabel Exact Ene coll=1498 fire=988 D_A=0.659546 info=150 distinct=9 | D_B=0.466667 cov=1.000 | refines=true | VoidWorkCount(150)
      GlobalRelabel Poisson Occ coll=5626 fire=866 D_A=0.153928 info=150 distinct=3 | D_B=0.120000 cov=1.000 | refines=true | VoidWorkCount(150)
         witnesses (listing capped at 10, count above is exact): (0,2) (0,34) (2,34)
      GlobalRelabel Poisson Mom coll=5626 fire=866 D_A=0.153928 info=150 distinct=3 | D_B=0.120000 cov=1.000 | refines=true | VoidWorkCount(150)
      GlobalRelabel Poisson Ene coll=5626 fire=866 D_A=0.153928 info=150 distinct=3 | D_B=0.120000 cov=1.000 | refines=true | VoidWorkCount(150)
   grid 2x2x1 cells=4 occ=32.000 fluct=0.069 transport=0.8200 dn=5.66  G2 admissible: NO
      Spatial Exact Occ coll=77 fire=71 D_A=0.922078 info=93 distinct=95 | D_B=1.000000 cov=0.040 | refines=true | VoidWorkCount(93)
      Spatial Exact Mom coll=77 fire=71 D_A=0.922078 info=93 distinct=95 | D_B=1.000000 cov=0.040 | refines=true | VoidWorkCount(93)
      Spatial Exact Ene coll=77 fire=71 D_A=0.922078 info=93 distinct=95 | D_B=1.000000 cov=0.040 | refines=true | VoidWorkCount(93)
      Spatial Poisson Occ coll=2708 fire=1231 D_A=0.454579 info=147 distinct=12 | D_B=0.264151 cov=0.707 | refines=true | VoidWorkCount(147)
         witnesses (listing capped at 10, count above is exact): (8,14) (8,18) (8,39)
      Spatial Poisson Mom coll=2708 fire=1231 D_A=0.454579 info=147 distinct=12 | D_B=0.264151 cov=0.707 | refines=true | VoidWorkCount(147)
      Spatial Poisson Ene coll=2708 fire=1231 D_A=0.454579 info=147 distinct=12 | D_B=0.264151 cov=0.707 | refines=true | VoidWorkCount(147)
      BlindLabel Exact Occ coll=68 fire=62 D_A=0.911765 info=73 distinct=105 | D_B=1.000000 cov=0.013 | refines=true | VoidWorkCount(73)
      BlindLabel Exact Mom coll=68 fire=62 D_A=0.911765 info=73 distinct=105 | D_B=1.000000 cov=0.013 | refines=true | VoidWorkCount(73)
      BlindLabel Exact Ene coll=68 fire=62 D_A=0.911765 info=73 distinct=105 | D_B=1.000000 cov=0.013 | refines=true | VoidWorkCount(73)
      BlindLabel Poisson Occ coll=1535 fire=646 D_A=0.420847 info=148 distinct=19 | D_B=0.205128 cov=0.520 | refines=true | VoidWorkCount(148)
         witnesses (listing capped at 10, count above is exact): (1,8) (1,22) (8,22)
      BlindLabel Poisson Mom coll=1535 fire=646 D_A=0.420847 info=148 distinct=19 | D_B=0.205128 cov=0.520 | refines=true | VoidWorkCount(148)
      BlindLabel Poisson Ene coll=1535 fire=646 D_A=0.420847 info=148 distinct=19 | D_B=0.205128 cov=0.520 | refines=true | VoidWorkCount(148)
      BlindIndex Exact Occ coll=11175 fire=0 D_A=0.000000 info=150 distinct=1 | D_B=0.000000 cov=1.000 | refines=true | VoidVacuous("no transport: the chart is frozen")
      BlindIndex Exact Mom coll=11175 fire=0 D_A=0.000000 info=150 distinct=1 | D_B=0.000000 cov=1.000 | refines=true | VoidVacuous("no transport: the chart is frozen")
      BlindIndex Exact Ene coll=11175 fire=0 D_A=0.000000 info=150 distinct=1 | D_B=0.000000 cov=1.000 | refines=true | VoidVacuous("no transport: the chart is frozen")
      BlindIndex Poisson Occ coll=11175 fire=0 D_A=0.000000 info=150 distinct=1 | D_B=0.000000 cov=1.000 | refines=true | VoidVacuous("no transport: the chart is frozen")
      BlindIndex Poisson Mom coll=11175 fire=0 D_A=0.000000 info=150 distinct=1 | D_B=0.000000 cov=1.000 | refines=true | VoidVacuous("no transport: the chart is frozen")
      BlindIndex Poisson Ene coll=11175 fire=0 D_A=0.000000 info=150 distinct=1 | D_B=0.000000 cov=1.000 | refines=true | VoidVacuous("no transport: the chart is frozen")
      GlobalRelabel Exact Occ coll=77 fire=71 D_A=0.922078 info=93 distinct=95 | D_B=1.000000 cov=0.040 | refines=true | VoidWorkCount(93)
      GlobalRelabel Exact Mom coll=77 fire=71 D_A=0.922078 info=93 distinct=95 | D_B=1.000000 cov=0.040 | refines=true | VoidWorkCount(93)
      GlobalRelabel Exact Ene coll=77 fire=71 D_A=0.922078 info=93 distinct=95 | D_B=1.000000 cov=0.040 | refines=true | VoidWorkCount(93)
      GlobalRelabel Poisson Occ coll=2708 fire=1231 D_A=0.454579 info=147 distinct=12 | D_B=0.264151 cov=0.707 | refines=true | VoidWorkCount(147)
         witnesses (listing capped at 10, count above is exact): (0,7) (0,113) (7,113)
      GlobalRelabel Poisson Mom coll=2708 fire=1231 D_A=0.454579 info=147 distinct=12 | D_B=0.264151 cov=0.707 | refines=true | VoidWorkCount(147)
      GlobalRelabel Poisson Ene coll=2708 fire=1231 D_A=0.454579 info=147 distinct=12 | D_B=0.264151 cov=0.707 | refines=true | VoidWorkCount(147)
   grid 2x2x2 cells=8 occ=16.000 fluct=0.112 transport=0.9333 dn=4.00  G2 admissible: NO
      Spatial Exact Occ coll=16 fire=13 D_A=0.812500 info=23 distinct=137 | D_B=n/a cov=0.000 | refines=true | VoidWorkCount(23)
      Spatial Exact Mom coll=16 fire=13 D_A=0.812500 info=23 distinct=137 | D_B=n/a cov=0.000 | refines=true | VoidWorkCount(23)
      Spatial Exact Ene coll=16 fire=13 D_A=0.812500 info=23 distinct=137 | D_B=n/a cov=0.000 | refines=true | VoidWorkCount(23)
      Spatial Poisson Occ coll=156 fire=124 D_A=0.794872 info=115 distinct=73 | D_B=0.888889 cov=0.240 | refines=true | VoidWorkCount(115)
         witnesses (listing capped at 10, count above is exact): (9,30) (9,31) (9,65)
      Spatial Poisson Mom coll=156 fire=124 D_A=0.794872 info=115 distinct=73 | D_B=0.888889 cov=0.240 | refines=true | VoidWorkCount(115)
      Spatial Poisson Ene coll=156 fire=124 D_A=0.794872 info=115 distinct=73 | D_B=0.888889 cov=0.240 | refines=true | VoidWorkCount(115)
      BlindLabel Exact Occ coll=14 fire=12 D_A=0.857143 info=22 distinct=138 | D_B=n/a cov=0.000 | refines=true | VoidWorkCount(22)
      BlindLabel Exact Mom coll=14 fire=12 D_A=0.857143 info=22 distinct=138 | D_B=n/a cov=0.000 | refines=true | VoidWorkCount(22)
      BlindLabel Exact Ene coll=14 fire=12 D_A=0.857143 info=22 distinct=138 | D_B=n/a cov=0.000 | refines=true | VoidWorkCount(22)
      BlindLabel Poisson Occ coll=224 fire=164 D_A=0.732143 info=111 distinct=71 | D_B=1.000000 cov=0.080 | refines=true | VoidWorkCount(111)
         witnesses (listing capped at 10, count above is exact): (3,6) (16,17) (26,28)
      BlindLabel Poisson Mom coll=224 fire=164 D_A=0.732143 info=111 distinct=71 | D_B=1.000000 cov=0.080 | refines=true | VoidWorkCount(111)
      BlindLabel Poisson Ene coll=224 fire=164 D_A=0.732143 info=111 distinct=71 | D_B=1.000000 cov=0.080 | refines=true | VoidWorkCount(111)
      BlindIndex Exact Occ coll=11175 fire=0 D_A=0.000000 info=150 distinct=1 | D_B=0.000000 cov=1.000 | refines=true | VoidVacuous("no transport: the chart is frozen")
      BlindIndex Exact Mom coll=11175 fire=0 D_A=0.000000 info=150 distinct=1 | D_B=0.000000 cov=1.000 | refines=true | VoidVacuous("no transport: the chart is frozen")
      BlindIndex Exact Ene coll=11175 fire=0 D_A=0.000000 info=150 distinct=1 | D_B=0.000000 cov=1.000 | refines=true | VoidVacuous("no transport: the chart is frozen")
      BlindIndex Poisson Occ coll=11175 fire=0 D_A=0.000000 info=150 distinct=1 | D_B=0.000000 cov=1.000 | refines=true | VoidVacuous("no transport: the chart is frozen")
      BlindIndex Poisson Mom coll=11175 fire=0 D_A=0.000000 info=150 distinct=1 | D_B=0.000000 cov=1.000 | refines=true | VoidVacuous("no transport: the chart is frozen")
      BlindIndex Poisson Ene coll=11175 fire=0 D_A=0.000000 info=150 distinct=1 | D_B=0.000000 cov=1.000 | refines=true | VoidVacuous("no transport: the chart is frozen")
      GlobalRelabel Exact Occ coll=16 fire=13 D_A=0.812500 info=23 distinct=137 | D_B=n/a cov=0.000 | refines=true | VoidWorkCount(23)
      GlobalRelabel Exact Mom coll=16 fire=13 D_A=0.812500 info=23 distinct=137 | D_B=n/a cov=0.000 | refines=true | VoidWorkCount(23)
      GlobalRelabel Exact Ene coll=16 fire=13 D_A=0.812500 info=23 distinct=137 | D_B=n/a cov=0.000 | refines=true | VoidWorkCount(23)
      GlobalRelabel Poisson Occ coll=156 fire=124 D_A=0.794872 info=115 distinct=73 | D_B=0.888889 cov=0.240 | refines=true | VoidWorkCount(115)
         witnesses (listing capped at 10, count above is exact): (12,32) (12,67) (32,67)
      GlobalRelabel Poisson Mom coll=156 fire=124 D_A=0.794872 info=115 distinct=73 | D_B=0.888889 cov=0.240 | refines=true | VoidWorkCount(115)
      GlobalRelabel Poisson Ene coll=156 fire=124 D_A=0.794872 info=115 distinct=73 | D_B=0.888889 cov=0.240 | refines=true | VoidWorkCount(115)
   grid 4x2x2 cells=16 occ=8.000 fluct=0.176 transport=0.9800 dn=2.83  G2 admissible: NO
      Spatial Exact Occ coll=4 fire=4 D_A=1.000000 info=8 distinct=146 | D_B=n/a cov=0.000 | refines=true | VoidWorkCount(8)
      Spatial Exact Mom coll=4 fire=4 D_A=1.000000 info=8 distinct=146 | D_B=n/a cov=0.000 | refines=true | VoidWorkCount(8)
      Spatial Exact Ene coll=4 fire=4 D_A=1.000000 info=8 distinct=146 | D_B=n/a cov=0.000 | refines=true | VoidWorkCount(8)
      Spatial Poisson Occ coll=47 fire=41 D_A=0.872340 info=53 distinct=118 | D_B=1.000000 cov=0.040 | refines=true | VoidWorkCount(53)
         witnesses (listing capped at 10, count above is exact): (2,7) (2,33) (2,35)
      Spatial Poisson Mom coll=47 fire=41 D_A=0.872340 info=53 distinct=118 | D_B=1.000000 cov=0.040 | refines=true | VoidWorkCount(53)
      Spatial Poisson Ene coll=47 fire=41 D_A=0.872340 info=53 distinct=118 | D_B=1.000000 cov=0.040 | refines=true | VoidWorkCount(53)
      BlindLabel Exact Occ coll=5 fire=5 D_A=1.000000 info=10 distinct=145 | D_B=n/a cov=0.000 | refines=true | VoidWorkCount(10)
      BlindLabel Exact Mom coll=5 fire=5 D_A=1.000000 info=10 distinct=145 | D_B=n/a cov=0.000 | refines=true | VoidWorkCount(10)
      BlindLabel Exact Ene coll=5 fire=5 D_A=1.000000 info=10 distinct=145 | D_B=n/a cov=0.000 | refines=true | VoidWorkCount(10)
      BlindLabel Poisson Occ coll=32 fire=30 D_A=0.937500 info=56 distinct=121 | D_B=n/a cov=0.000 | refines=true | VoidWorkCount(56)
         witnesses (listing capped at 10, count above is exact): (9,10) (16,17) (24,25)
      BlindLabel Poisson Mom coll=32 fire=30 D_A=0.937500 info=56 distinct=121 | D_B=n/a cov=0.000 | refines=true | VoidWorkCount(56)
      BlindLabel Poisson Ene coll=32 fire=30 D_A=0.937500 info=56 distinct=121 | D_B=n/a cov=0.000 | refines=true | VoidWorkCount(56)
      BlindIndex Exact Occ coll=11175 fire=0 D_A=0.000000 info=150 distinct=1 | D_B=0.000000 cov=1.000 | refines=true | VoidVacuous("no transport: the chart is frozen")
      BlindIndex Exact Mom coll=11175 fire=0 D_A=0.000000 info=150 distinct=1 | D_B=0.000000 cov=1.000 | refines=true | VoidVacuous("no transport: the chart is frozen")
      BlindIndex Exact Ene coll=11175 fire=0 D_A=0.000000 info=150 distinct=1 | D_B=0.000000 cov=1.000 | refines=true | VoidVacuous("no transport: the chart is frozen")
      BlindIndex Poisson Occ coll=11175 fire=0 D_A=0.000000 info=150 distinct=1 | D_B=0.000000 cov=1.000 | refines=true | VoidVacuous("no transport: the chart is frozen")
      BlindIndex Poisson Mom coll=11175 fire=0 D_A=0.000000 info=150 distinct=1 | D_B=0.000000 cov=1.000 | refines=true | VoidVacuous("no transport: the chart is frozen")
      BlindIndex Poisson Ene coll=11175 fire=0 D_A=0.000000 info=150 distinct=1 | D_B=0.000000 cov=1.000 | refines=true | VoidVacuous("no transport: the chart is frozen")
      GlobalRelabel Exact Occ coll=4 fire=4 D_A=1.000000 info=8 distinct=146 | D_B=n/a cov=0.000 | refines=true | VoidWorkCount(8)
      GlobalRelabel Exact Mom coll=4 fire=4 D_A=1.000000 info=8 distinct=146 | D_B=n/a cov=0.000 | refines=true | VoidWorkCount(8)
      GlobalRelabel Exact Ene coll=4 fire=4 D_A=1.000000 info=8 distinct=146 | D_B=n/a cov=0.000 | refines=true | VoidWorkCount(8)
      GlobalRelabel Poisson Occ coll=47 fire=41 D_A=0.872340 info=53 distinct=118 | D_B=1.000000 cov=0.040 | refines=true | VoidWorkCount(53)
         witnesses (listing capped at 10, count above is exact): (5,6) (10,12) (42,43)
      GlobalRelabel Poisson Mom coll=47 fire=41 D_A=0.872340 info=53 distinct=118 | D_B=1.000000 cov=0.040 | refines=true | VoidWorkCount(53)
      GlobalRelabel Poisson Ene coll=47 fire=41 D_A=0.872340 info=53 distinct=118 | D_B=1.000000 cov=0.040 | refines=true | VoidWorkCount(53)
   grid 4x4x2 cells=32 occ=4.000 fluct=0.265 transport=0.9867 dn=2.00  G2 admissible: NO
      Spatial Exact Occ coll=2 fire=2 D_A=1.000000 info=4 distinct=148 | D_B=n/a cov=0.000 | refines=true | VoidWorkCount(4)
      Spatial Exact Mom coll=2 fire=2 D_A=1.000000 info=4 distinct=148 | D_B=n/a cov=0.000 | refines=true | VoidWorkCount(4)
      Spatial Exact Ene coll=2 fire=2 D_A=1.000000 info=4 distinct=148 | D_B=n/a cov=0.000 | refines=true | VoidWorkCount(4)
      Spatial Poisson Occ coll=4 fire=4 D_A=1.000000 info=8 distinct=146 | D_B=n/a cov=0.000 | refines=true | VoidWorkCount(8)
         witnesses (listing capped at 10, count above is exact): (5,6) (42,43) (86,87)
      Spatial Poisson Mom coll=4 fire=4 D_A=1.000000 info=8 distinct=146 | D_B=n/a cov=0.000 | refines=true | VoidWorkCount(8)
      Spatial Poisson Ene coll=4 fire=4 D_A=1.000000 info=8 distinct=146 | D_B=n/a cov=0.000 | refines=true | VoidWorkCount(8)
      BlindLabel Exact Occ coll=2 fire=2 D_A=1.000000 info=4 distinct=148 | D_B=n/a cov=0.000 | refines=true | VoidWorkCount(4)
      BlindLabel Exact Mom coll=2 fire=2 D_A=1.000000 info=4 distinct=148 | D_B=n/a cov=0.000 | refines=true | VoidWorkCount(4)
      BlindLabel Exact Ene coll=2 fire=2 D_A=1.000000 info=4 distinct=148 | D_B=n/a cov=0.000 | refines=true | VoidWorkCount(4)
      BlindLabel Poisson Occ coll=9 fire=8 D_A=0.888889 info=15 distinct=142 | D_B=n/a cov=0.000 | refines=true | VoidWorkCount(15)
         witnesses (listing capped at 10, count above is exact): (5,6) (19,21) (24,25)
      BlindLabel Poisson Mom coll=9 fire=8 D_A=0.888889 info=15 distinct=142 | D_B=n/a cov=0.000 | refines=true | VoidWorkCount(15)
      BlindLabel Poisson Ene coll=9 fire=8 D_A=0.888889 info=15 distinct=142 | D_B=n/a cov=0.000 | refines=true | VoidWorkCount(15)
      BlindIndex Exact Occ coll=11175 fire=0 D_A=0.000000 info=150 distinct=1 | D_B=0.000000 cov=1.000 | refines=true | VoidVacuous("no transport: the chart is frozen")
      BlindIndex Exact Mom coll=11175 fire=0 D_A=0.000000 info=150 distinct=1 | D_B=0.000000 cov=1.000 | refines=true | VoidVacuous("no transport: the chart is frozen")
      BlindIndex Exact Ene coll=11175 fire=0 D_A=0.000000 info=150 distinct=1 | D_B=0.000000 cov=1.000 | refines=true | VoidVacuous("no transport: the chart is frozen")
      BlindIndex Poisson Occ coll=11175 fire=0 D_A=0.000000 info=150 distinct=1 | D_B=0.000000 cov=1.000 | refines=true | VoidVacuous("no transport: the chart is frozen")
      BlindIndex Poisson Mom coll=11175 fire=0 D_A=0.000000 info=150 distinct=1 | D_B=0.000000 cov=1.000 | refines=true | VoidVacuous("no transport: the chart is frozen")
      BlindIndex Poisson Ene coll=11175 fire=0 D_A=0.000000 info=150 distinct=1 | D_B=0.000000 cov=1.000 | refines=true | VoidVacuous("no transport: the chart is frozen")
      GlobalRelabel Exact Occ coll=2 fire=2 D_A=1.000000 info=4 distinct=148 | D_B=n/a cov=0.000 | refines=true | VoidWorkCount(4)
      GlobalRelabel Exact Mom coll=2 fire=2 D_A=1.000000 info=4 distinct=148 | D_B=n/a cov=0.000 | refines=true | VoidWorkCount(4)
      GlobalRelabel Exact Ene coll=2 fire=2 D_A=1.000000 info=4 distinct=148 | D_B=n/a cov=0.000 | refines=true | VoidWorkCount(4)
      GlobalRelabel Poisson Occ coll=4 fire=4 D_A=1.000000 info=8 distinct=146 | D_B=n/a cov=0.000 | refines=true | VoidWorkCount(8)
         witnesses (listing capped at 10, count above is exact): (5,6) (42,43) (86,87)
      GlobalRelabel Poisson Mom coll=4 fire=4 D_A=1.000000 info=8 distinct=146 | D_B=n/a cov=0.000 | refines=true | VoidWorkCount(8)
      GlobalRelabel Poisson Ene coll=4 fire=4 D_A=1.000000 info=8 distinct=146 | D_B=n/a cov=0.000 | refines=true | VoidWorkCount(8)
   grid 4x4x4 cells=64 occ=2.000 fluct=0.406 transport=0.9933 dn=1.41  G2 admissible: NO
      Spatial Exact Occ coll=1 fire=1 D_A=1.000000 info=2 distinct=149 | D_B=n/a cov=0.000 | refines=true | VoidWorkCount(2)
      Spatial Exact Mom coll=1 fire=1 D_A=1.000000 info=2 distinct=149 | D_B=n/a cov=0.000 | refines=true | VoidWorkCount(2)
      Spatial Exact Ene coll=1 fire=1 D_A=1.000000 info=2 distinct=149 | D_B=n/a cov=0.000 | refines=true | VoidWorkCount(2)
      Spatial Poisson Occ coll=2 fire=2 D_A=1.000000 info=4 distinct=148 | D_B=n/a cov=0.000 | refines=true | VoidWorkCount(4)
         witnesses (listing capped at 10, count above is exact): (2,3) (5,6)
      Spatial Poisson Mom coll=2 fire=2 D_A=1.000000 info=4 distinct=148 | D_B=n/a cov=0.000 | refines=true | VoidWorkCount(4)
      Spatial Poisson Ene coll=2 fire=2 D_A=1.000000 info=4 distinct=148 | D_B=n/a cov=0.000 | refines=true | VoidWorkCount(4)
      BlindLabel Exact Occ coll=1 fire=1 D_A=1.000000 info=2 distinct=149 | D_B=n/a cov=0.000 | refines=true | VoidWorkCount(2)
      BlindLabel Exact Mom coll=1 fire=1 D_A=1.000000 info=2 distinct=149 | D_B=n/a cov=0.000 | refines=true | VoidWorkCount(2)
      BlindLabel Exact Ene coll=1 fire=1 D_A=1.000000 info=2 distinct=149 | D_B=n/a cov=0.000 | refines=true | VoidWorkCount(2)
      BlindLabel Poisson Occ coll=1 fire=1 D_A=1.000000 info=2 distinct=149 | D_B=n/a cov=0.000 | refines=true | VoidWorkCount(2)
         witnesses (listing capped at 10, count above is exact): (5,6)
      BlindLabel Poisson Mom coll=1 fire=1 D_A=1.000000 info=2 distinct=149 | D_B=n/a cov=0.000 | refines=true | VoidWorkCount(2)
      BlindLabel Poisson Ene coll=1 fire=1 D_A=1.000000 info=2 distinct=149 | D_B=n/a cov=0.000 | refines=true | VoidWorkCount(2)
      BlindIndex Exact Occ coll=11175 fire=0 D_A=0.000000 info=150 distinct=1 | D_B=0.000000 cov=1.000 | refines=true | VoidVacuous("no transport: the chart is frozen")
      BlindIndex Exact Mom coll=11175 fire=0 D_A=0.000000 info=150 distinct=1 | D_B=0.000000 cov=1.000 | refines=true | VoidVacuous("no transport: the chart is frozen")
      BlindIndex Exact Ene coll=11175 fire=0 D_A=0.000000 info=150 distinct=1 | D_B=0.000000 cov=1.000 | refines=true | VoidVacuous("no transport: the chart is frozen")
      BlindIndex Poisson Occ coll=11175 fire=0 D_A=0.000000 info=150 distinct=1 | D_B=0.000000 cov=1.000 | refines=true | VoidVacuous("no transport: the chart is frozen")
      BlindIndex Poisson Mom coll=11175 fire=0 D_A=0.000000 info=150 distinct=1 | D_B=0.000000 cov=1.000 | refines=true | VoidVacuous("no transport: the chart is frozen")
      BlindIndex Poisson Ene coll=11175 fire=0 D_A=0.000000 info=150 distinct=1 | D_B=0.000000 cov=1.000 | refines=true | VoidVacuous("no transport: the chart is frozen")
      GlobalRelabel Exact Occ coll=1 fire=1 D_A=1.000000 info=2 distinct=149 | D_B=n/a cov=0.000 | refines=true | VoidWorkCount(2)
      GlobalRelabel Exact Mom coll=1 fire=1 D_A=1.000000 info=2 distinct=149 | D_B=n/a cov=0.000 | refines=true | VoidWorkCount(2)
      GlobalRelabel Exact Ene coll=1 fire=1 D_A=1.000000 info=2 distinct=149 | D_B=n/a cov=0.000 | refines=true | VoidWorkCount(2)
      GlobalRelabel Poisson Occ coll=2 fire=2 D_A=1.000000 info=4 distinct=148 | D_B=n/a cov=0.000 | refines=true | VoidWorkCount(4)
         witnesses (listing capped at 10, count above is exact): (2,3) (5,6)
      GlobalRelabel Poisson Mom coll=2 fire=2 D_A=1.000000 info=4 distinct=148 | D_B=n/a cov=0.000 | refines=true | VoidWorkCount(4)
      GlobalRelabel Poisson Ene coll=2 fire=2 D_A=1.000000 info=4 distinct=148 | D_B=n/a cov=0.000 | refines=true | VoidWorkCount(4)
   grid 8x4x4 cells=128 occ=1.000 fluct=0.681 transport=1.0000 dn=1.00  G2 admissible: NO
      Spatial Exact Occ coll=0 fire=0 D_A=n/a info=0 distinct=150 | D_B=n/a cov=0.000 | refines=true | VoidWorkCount(0)
      Spatial Exact Mom coll=0 fire=0 D_A=n/a info=0 distinct=150 | D_B=n/a cov=0.000 | refines=true | VoidWorkCount(0)
      Spatial Exact Ene coll=0 fire=0 D_A=n/a info=0 distinct=150 | D_B=n/a cov=0.000 | refines=true | VoidWorkCount(0)
      Spatial Poisson Occ coll=0 fire=0 D_A=n/a info=0 distinct=150 | D_B=n/a cov=0.000 | refines=true | VoidWorkCount(0)
      Spatial Poisson Mom coll=0 fire=0 D_A=n/a info=0 distinct=150 | D_B=n/a cov=0.000 | refines=true | VoidWorkCount(0)
      Spatial Poisson Ene coll=0 fire=0 D_A=n/a info=0 distinct=150 | D_B=n/a cov=0.000 | refines=true | VoidWorkCount(0)
      BlindLabel Exact Occ coll=0 fire=0 D_A=n/a info=0 distinct=150 | D_B=n/a cov=0.000 | refines=true | VoidWorkCount(0)
      BlindLabel Exact Mom coll=0 fire=0 D_A=n/a info=0 distinct=150 | D_B=n/a cov=0.000 | refines=true | VoidWorkCount(0)
      BlindLabel Exact Ene coll=0 fire=0 D_A=n/a info=0 distinct=150 | D_B=n/a cov=0.000 | refines=true | VoidWorkCount(0)
      BlindLabel Poisson Occ coll=0 fire=0 D_A=n/a info=0 distinct=150 | D_B=n/a cov=0.000 | refines=true | VoidWorkCount(0)
      BlindLabel Poisson Mom coll=0 fire=0 D_A=n/a info=0 distinct=150 | D_B=n/a cov=0.000 | refines=true | VoidWorkCount(0)
      BlindLabel Poisson Ene coll=0 fire=0 D_A=n/a info=0 distinct=150 | D_B=n/a cov=0.000 | refines=true | VoidWorkCount(0)
      BlindIndex Exact Occ coll=11175 fire=0 D_A=0.000000 info=150 distinct=1 | D_B=0.000000 cov=1.000 | refines=true | VoidVacuous("no transport: the chart is frozen")
      BlindIndex Exact Mom coll=11175 fire=0 D_A=0.000000 info=150 distinct=1 | D_B=0.000000 cov=1.000 | refines=true | VoidVacuous("no transport: the chart is frozen")
      BlindIndex Exact Ene coll=11175 fire=0 D_A=0.000000 info=150 distinct=1 | D_B=0.000000 cov=1.000 | refines=true | VoidVacuous("no transport: the chart is frozen")
      BlindIndex Poisson Occ coll=11175 fire=0 D_A=0.000000 info=150 distinct=1 | D_B=0.000000 cov=1.000 | refines=true | VoidVacuous("no transport: the chart is frozen")
      BlindIndex Poisson Mom coll=11175 fire=0 D_A=0.000000 info=150 distinct=1 | D_B=0.000000 cov=1.000 | refines=true | VoidVacuous("no transport: the chart is frozen")
      BlindIndex Poisson Ene coll=11175 fire=0 D_A=0.000000 info=150 distinct=1 | D_B=0.000000 cov=1.000 | refines=true | VoidVacuous("no transport: the chart is frozen")
      GlobalRelabel Exact Occ coll=0 fire=0 D_A=n/a info=0 distinct=150 | D_B=n/a cov=0.000 | refines=true | VoidWorkCount(0)
      GlobalRelabel Exact Mom coll=0 fire=0 D_A=n/a info=0 distinct=150 | D_B=n/a cov=0.000 | refines=true | VoidWorkCount(0)
      GlobalRelabel Exact Ene coll=0 fire=0 D_A=n/a info=0 distinct=150 | D_B=n/a cov=0.000 | refines=true | VoidWorkCount(0)
      GlobalRelabel Poisson Occ coll=0 fire=0 D_A=n/a info=0 distinct=150 | D_B=n/a cov=0.000 | refines=true | VoidWorkCount(0)
      GlobalRelabel Poisson Mom coll=0 fire=0 D_A=n/a info=0 distinct=150 | D_B=n/a cov=0.000 | refines=true | VoidWorkCount(0)
      GlobalRelabel Poisson Ene coll=0 fire=0 D_A=n/a info=0 distinct=150 | D_B=n/a cov=0.000 | refines=true | VoidWorkCount(0)

-- seed 0x5245504c41434531  n=128 dims=3 frames=151 box=29.6x29.6 species=[8]
   G9a species/arity constant: true
   G9b |p| first=0.000000e0 last=0.000000e0   G9c Ek first=0.000000e0 last=0.000000e0  [ledger leg UNDISCHARGED: the dump carries no forces]
   amendment 1: ladder of 8 grids derived from N=128 dims=3: 1x1x1 2x1x1 2x2x1 2x2x2 4x2x2 4x4x2 4x4x4 8x4x4
   grid 1x1x1 cells=1 occ=128.000 fluct=0.000 transport=0.0000 dn=11.31  G2 admissible: NO
      Spatial Exact Occ coll=11175 fire=0 D_A=0.000000 info=150 distinct=1 | D_B=0.000000 cov=1.000 | refines=true | VoidVacuous("fewer than 2 cells: the fields are the invariants")
      Spatial Exact Mom coll=11175 fire=0 D_A=0.000000 info=150 distinct=1 | D_B=0.000000 cov=1.000 | refines=true | VoidVacuous("fewer than 2 cells: the fields are the invariants")
      Spatial Exact Ene coll=11175 fire=0 D_A=0.000000 info=150 distinct=1 | D_B=0.000000 cov=1.000 | refines=true | VoidVacuous("fewer than 2 cells: the fields are the invariants")
      Spatial Poisson Occ coll=11175 fire=0 D_A=0.000000 info=150 distinct=1 | D_B=0.000000 cov=1.000 | refines=true | VoidVacuous("fewer than 2 cells: the fields are the invariants")
      Spatial Poisson Mom coll=11175 fire=0 D_A=0.000000 info=150 distinct=1 | D_B=0.000000 cov=1.000 | refines=true | VoidVacuous("fewer than 2 cells: the fields are the invariants")
      Spatial Poisson Ene coll=11175 fire=0 D_A=0.000000 info=150 distinct=1 | D_B=0.000000 cov=1.000 | refines=true | VoidVacuous("fewer than 2 cells: the fields are the invariants")
      BlindLabel Exact Occ coll=11175 fire=0 D_A=0.000000 info=150 distinct=1 | D_B=0.000000 cov=1.000 | refines=true | VoidVacuous("fewer than 2 cells: the fields are the invariants")
      BlindLabel Exact Mom coll=11175 fire=0 D_A=0.000000 info=150 distinct=1 | D_B=0.000000 cov=1.000 | refines=true | VoidVacuous("fewer than 2 cells: the fields are the invariants")
      BlindLabel Exact Ene coll=11175 fire=0 D_A=0.000000 info=150 distinct=1 | D_B=0.000000 cov=1.000 | refines=true | VoidVacuous("fewer than 2 cells: the fields are the invariants")
      BlindLabel Poisson Occ coll=11175 fire=0 D_A=0.000000 info=150 distinct=1 | D_B=0.000000 cov=1.000 | refines=true | VoidVacuous("fewer than 2 cells: the fields are the invariants")
      BlindLabel Poisson Mom coll=11175 fire=0 D_A=0.000000 info=150 distinct=1 | D_B=0.000000 cov=1.000 | refines=true | VoidVacuous("fewer than 2 cells: the fields are the invariants")
      BlindLabel Poisson Ene coll=11175 fire=0 D_A=0.000000 info=150 distinct=1 | D_B=0.000000 cov=1.000 | refines=true | VoidVacuous("fewer than 2 cells: the fields are the invariants")
      BlindIndex Exact Occ coll=11175 fire=0 D_A=0.000000 info=150 distinct=1 | D_B=0.000000 cov=1.000 | refines=true | VoidVacuous("fewer than 2 cells: the fields are the invariants")
      BlindIndex Exact Mom coll=11175 fire=0 D_A=0.000000 info=150 distinct=1 | D_B=0.000000 cov=1.000 | refines=true | VoidVacuous("fewer than 2 cells: the fields are the invariants")
      BlindIndex Exact Ene coll=11175 fire=0 D_A=0.000000 info=150 distinct=1 | D_B=0.000000 cov=1.000 | refines=true | VoidVacuous("fewer than 2 cells: the fields are the invariants")
      BlindIndex Poisson Occ coll=11175 fire=0 D_A=0.000000 info=150 distinct=1 | D_B=0.000000 cov=1.000 | refines=true | VoidVacuous("fewer than 2 cells: the fields are the invariants")
      BlindIndex Poisson Mom coll=11175 fire=0 D_A=0.000000 info=150 distinct=1 | D_B=0.000000 cov=1.000 | refines=true | VoidVacuous("fewer than 2 cells: the fields are the invariants")
      BlindIndex Poisson Ene coll=11175 fire=0 D_A=0.000000 info=150 distinct=1 | D_B=0.000000 cov=1.000 | refines=true | VoidVacuous("fewer than 2 cells: the fields are the invariants")
      GlobalRelabel Exact Occ coll=11175 fire=0 D_A=0.000000 info=150 distinct=1 | D_B=0.000000 cov=1.000 | refines=true | VoidVacuous("fewer than 2 cells: the fields are the invariants")
      GlobalRelabel Exact Mom coll=11175 fire=0 D_A=0.000000 info=150 distinct=1 | D_B=0.000000 cov=1.000 | refines=true | VoidVacuous("fewer than 2 cells: the fields are the invariants")
      GlobalRelabel Exact Ene coll=11175 fire=0 D_A=0.000000 info=150 distinct=1 | D_B=0.000000 cov=1.000 | refines=true | VoidVacuous("fewer than 2 cells: the fields are the invariants")
      GlobalRelabel Poisson Occ coll=11175 fire=0 D_A=0.000000 info=150 distinct=1 | D_B=0.000000 cov=1.000 | refines=true | VoidVacuous("fewer than 2 cells: the fields are the invariants")
      GlobalRelabel Poisson Mom coll=11175 fire=0 D_A=0.000000 info=150 distinct=1 | D_B=0.000000 cov=1.000 | refines=true | VoidVacuous("fewer than 2 cells: the fields are the invariants")
      GlobalRelabel Poisson Ene coll=11175 fire=0 D_A=0.000000 info=150 distinct=1 | D_B=0.000000 cov=1.000 | refines=true | VoidVacuous("fewer than 2 cells: the fields are the invariants")
   grid 2x1x1 cells=2 occ=64.000 fluct=0.035 transport=0.6000 dn=8.00  G2 admissible: NO
      Spatial Exact Occ coll=1733 fire=1126 D_A=0.649740 info=149 distinct=10 | D_B=0.734375 cov=0.853 | refines=true | VoidWorkCount(149)
      Spatial Exact Mom coll=1733 fire=1126 D_A=0.649740 info=149 distinct=10 | D_B=0.734375 cov=0.853 | refines=true | VoidWorkCount(149)
      Spatial Exact Ene coll=1733 fire=1126 D_A=0.649740 info=149 distinct=10 | D_B=0.734375 cov=0.853 | refines=true | VoidWorkCount(149)
      Spatial Poisson Occ coll=4822 fire=1203 D_A=0.249482 info=150 distinct=3 | D_B=0.293333 cov=1.000 | refines=true | VoidWorkCount(150)
         witnesses (listing capped at 10, count above is exact): (0,2) (0,9) (2,9)
      Spatial Poisson Mom coll=4822 fire=1203 D_A=0.249482 info=150 distinct=3 | D_B=0.293333 cov=1.000 | refines=true | VoidWorkCount(150)
      Spatial Poisson Ene coll=4822 fire=1203 D_A=0.249482 info=150 distinct=3 | D_B=0.293333 cov=1.000 | refines=true | VoidWorkCount(150)
      BlindLabel Exact Occ coll=1088 fire=732 D_A=0.672794 info=150 distinct=13 | D_B=0.609375 cov=0.853 | refines=true | VoidWorkCount(150)
      BlindLabel Exact Mom coll=1088 fire=732 D_A=0.672794 info=150 distinct=13 | D_B=0.609375 cov=0.853 | refines=true | VoidWorkCount(150)
      BlindLabel Exact Ene coll=1088 fire=732 D_A=0.672794 info=150 distinct=13 | D_B=0.609375 cov=0.853 | refines=true | VoidWorkCount(150)
      BlindLabel Poisson Occ coll=6523 fire=998 D_A=0.152997 info=150 distinct=4 | D_B=0.054795 cov=0.973 | refines=true | VoidWorkCount(150)
         witnesses (listing capped at 10, count above is exact): (0,20) (0,45) (0,93)
      BlindLabel Poisson Mom coll=6523 fire=998 D_A=0.152997 info=150 distinct=4 | D_B=0.054795 cov=0.973 | refines=true | VoidWorkCount(150)
      BlindLabel Poisson Ene coll=6523 fire=998 D_A=0.152997 info=150 distinct=4 | D_B=0.054795 cov=0.973 | refines=true | VoidWorkCount(150)
      BlindIndex Exact Occ coll=11175 fire=0 D_A=0.000000 info=150 distinct=1 | D_B=0.000000 cov=1.000 | refines=true | VoidVacuous("no transport: the chart is frozen")
      BlindIndex Exact Mom coll=11175 fire=0 D_A=0.000000 info=150 distinct=1 | D_B=0.000000 cov=1.000 | refines=true | VoidVacuous("no transport: the chart is frozen")
      BlindIndex Exact Ene coll=11175 fire=0 D_A=0.000000 info=150 distinct=1 | D_B=0.000000 cov=1.000 | refines=true | VoidVacuous("no transport: the chart is frozen")
      BlindIndex Poisson Occ coll=11175 fire=0 D_A=0.000000 info=150 distinct=1 | D_B=0.000000 cov=1.000 | refines=true | VoidVacuous("no transport: the chart is frozen")
      BlindIndex Poisson Mom coll=11175 fire=0 D_A=0.000000 info=150 distinct=1 | D_B=0.000000 cov=1.000 | refines=true | VoidVacuous("no transport: the chart is frozen")
      BlindIndex Poisson Ene coll=11175 fire=0 D_A=0.000000 info=150 distinct=1 | D_B=0.000000 cov=1.000 | refines=true | VoidVacuous("no transport: the chart is frozen")
      GlobalRelabel Exact Occ coll=1733 fire=1126 D_A=0.649740 info=149 distinct=10 | D_B=0.734375 cov=0.853 | refines=true | VoidWorkCount(149)
      GlobalRelabel Exact Mom coll=1733 fire=1126 D_A=0.649740 info=149 distinct=10 | D_B=0.734375 cov=0.853 | refines=true | VoidWorkCount(149)
      GlobalRelabel Exact Ene coll=1733 fire=1126 D_A=0.649740 info=149 distinct=10 | D_B=0.734375 cov=0.853 | refines=true | VoidWorkCount(149)
      GlobalRelabel Poisson Occ coll=4822 fire=1203 D_A=0.249482 info=150 distinct=3 | D_B=0.293333 cov=1.000 | refines=true | VoidWorkCount(150)
         witnesses (listing capped at 10, count above is exact): (0,2) (0,9) (2,9)
      GlobalRelabel Poisson Mom coll=4822 fire=1203 D_A=0.249482 info=150 distinct=3 | D_B=0.293333 cov=1.000 | refines=true | VoidWorkCount(150)
      GlobalRelabel Poisson Ene coll=4822 fire=1203 D_A=0.249482 info=150 distinct=3 | D_B=0.293333 cov=1.000 | refines=true | VoidWorkCount(150)
   grid 2x2x1 cells=4 occ=32.000 fluct=0.063 transport=0.9467 dn=5.66  G2 admissible: NO
      Spatial Exact Occ coll=60 fire=57 D_A=0.950000 info=73 distinct=108 | D_B=1.000000 cov=0.133 | refines=true | VoidWorkCount(73)
      Spatial Exact Mom coll=60 fire=57 D_A=0.950000 info=73 distinct=108 | D_B=1.000000 cov=0.133 | refines=true | VoidWorkCount(73)
      Spatial Exact Ene coll=60 fire=57 D_A=0.950000 info=73 distinct=108 | D_B=1.000000 cov=0.133 | refines=true | VoidWorkCount(73)
      Spatial Poisson Occ coll=1340 fire=909 D_A=0.678358 info=146 distinct=18 | D_B=0.516667 cov=0.800 | refines=true | VoidWorkCount(146)
         witnesses (listing capped at 10, count above is exact): (12,17) (12,78) (12,84)
      Spatial Poisson Mom coll=1340 fire=909 D_A=0.678358 info=146 distinct=18 | D_B=0.516667 cov=0.800 | refines=true | VoidWorkCount(146)
      Spatial Poisson Ene coll=1340 fire=909 D_A=0.678358 info=146 distinct=18 | D_B=0.516667 cov=0.800 | refines=true | VoidWorkCount(146)
      BlindLabel Exact Occ coll=51 fire=50 D_A=0.980392 info=69 distinct=111 | D_B=1.000000 cov=0.053 | refines=true | VoidWorkCount(69)
      BlindLabel Exact Mom coll=51 fire=50 D_A=0.980392 info=69 distinct=111 | D_B=1.000000 cov=0.053 | refines=true | VoidWorkCount(69)
      BlindLabel Exact Ene coll=51 fire=50 D_A=0.980392 info=69 distinct=111 | D_B=1.000000 cov=0.053 | refines=true | VoidWorkCount(69)
      BlindLabel Poisson Occ coll=1387 fire=799 D_A=0.576063 info=145 distinct=23 | D_B=0.268293 cov=0.547 | refines=true | VoidWorkCount(145)
         witnesses (listing capped at 10, count above is exact): (0,2) (0,6) (2,6)
      BlindLabel Poisson Mom coll=1387 fire=799 D_A=0.576063 info=145 distinct=23 | D_B=0.268293 cov=0.547 | refines=true | VoidWorkCount(145)
      BlindLabel Poisson Ene coll=1387 fire=799 D_A=0.576063 info=145 distinct=23 | D_B=0.268293 cov=0.547 | refines=true | VoidWorkCount(145)
      BlindIndex Exact Occ coll=11175 fire=0 D_A=0.000000 info=150 distinct=1 | D_B=0.000000 cov=1.000 | refines=true | VoidVacuous("no transport: the chart is frozen")
      BlindIndex Exact Mom coll=11175 fire=0 D_A=0.000000 info=150 distinct=1 | D_B=0.000000 cov=1.000 | refines=true | VoidVacuous("no transport: the chart is frozen")
      BlindIndex Exact Ene coll=11175 fire=0 D_A=0.000000 info=150 distinct=1 | D_B=0.000000 cov=1.000 | refines=true | VoidVacuous("no transport: the chart is frozen")
      BlindIndex Poisson Occ coll=11175 fire=0 D_A=0.000000 info=150 distinct=1 | D_B=0.000000 cov=1.000 | refines=true | VoidVacuous("no transport: the chart is frozen")
      BlindIndex Poisson Mom coll=11175 fire=0 D_A=0.000000 info=150 distinct=1 | D_B=0.000000 cov=1.000 | refines=true | VoidVacuous("no transport: the chart is frozen")
      BlindIndex Poisson Ene coll=11175 fire=0 D_A=0.000000 info=150 distinct=1 | D_B=0.000000 cov=1.000 | refines=true | VoidVacuous("no transport: the chart is frozen")
      GlobalRelabel Exact Occ coll=60 fire=57 D_A=0.950000 info=73 distinct=108 | D_B=1.000000 cov=0.133 | refines=true | VoidWorkCount(73)
      GlobalRelabel Exact Mom coll=60 fire=57 D_A=0.950000 info=73 distinct=108 | D_B=1.000000 cov=0.133 | refines=true | VoidWorkCount(73)
      GlobalRelabel Exact Ene coll=60 fire=57 D_A=0.950000 info=73 distinct=108 | D_B=1.000000 cov=0.133 | refines=true | VoidWorkCount(73)
      GlobalRelabel Poisson Occ coll=1340 fire=909 D_A=0.678358 info=146 distinct=18 | D_B=0.516667 cov=0.800 | refines=true | VoidWorkCount(146)
         witnesses (listing capped at 10, count above is exact): (7,8) (7,11) (7,27)
      GlobalRelabel Poisson Mom coll=1340 fire=909 D_A=0.678358 info=146 distinct=18 | D_B=0.516667 cov=0.800 | refines=true | VoidWorkCount(146)
      GlobalRelabel Poisson Ene coll=1340 fire=909 D_A=0.678358 info=146 distinct=18 | D_B=0.516667 cov=0.800 | refines=true | VoidWorkCount(146)
   grid 2x2x2 cells=8 occ=16.000 fluct=0.109 transport=0.9867 dn=4.00  G2 admissible: NO
      Spatial Exact Occ coll=5 fire=5 D_A=1.000000 info=10 distinct=145 | D_B=n/a cov=0.000 | refines=true | VoidWorkCount(10)
      Spatial Exact Mom coll=5 fire=5 D_A=1.000000 info=10 distinct=145 | D_B=n/a cov=0.000 | refines=true | VoidWorkCount(10)
      Spatial Exact Ene coll=5 fire=5 D_A=1.000000 info=10 distinct=145 | D_B=n/a cov=0.000 | refines=true | VoidWorkCount(10)
      Spatial Poisson Occ coll=157 fire=123 D_A=0.783439 info=97 distinct=83 | D_B=1.000000 cov=0.227 | refines=true | VoidWorkCount(97)
         witnesses (listing capped at 10, count above is exact): (18,67) (18,68) (19,56)
      Spatial Poisson Mom coll=157 fire=123 D_A=0.783439 info=97 distinct=83 | D_B=1.000000 cov=0.227 | refines=true | VoidWorkCount(97)
      Spatial Poisson Ene coll=157 fire=123 D_A=0.783439 info=97 distinct=83 | D_B=1.000000 cov=0.227 | refines=true | VoidWorkCount(97)
      BlindLabel Exact Occ coll=4 fire=4 D_A=1.000000 info=8 distinct=146 | D_B=n/a cov=0.000 | refines=true | VoidWorkCount(8)
      BlindLabel Exact Mom coll=4 fire=4 D_A=1.000000 info=8 distinct=146 | D_B=n/a cov=0.000 | refines=true | VoidWorkCount(8)
      BlindLabel Exact Ene coll=4 fire=4 D_A=1.000000 info=8 distinct=146 | D_B=n/a cov=0.000 | refines=true | VoidWorkCount(8)
      BlindLabel Poisson Occ coll=174 fire=143 D_A=0.821839 info=105 distinct=79 | D_B=0.937500 cov=0.213 | refines=true | VoidWorkCount(105)
         witnesses (listing capped at 10, count above is exact): (6,109) (9,10) (14,15)
      BlindLabel Poisson Mom coll=174 fire=143 D_A=0.821839 info=105 distinct=79 | D_B=0.937500 cov=0.213 | refines=true | VoidWorkCount(105)
      BlindLabel Poisson Ene coll=174 fire=143 D_A=0.821839 info=105 distinct=79 | D_B=0.937500 cov=0.213 | refines=true | VoidWorkCount(105)
      BlindIndex Exact Occ coll=11175 fire=0 D_A=0.000000 info=150 distinct=1 | D_B=0.000000 cov=1.000 | refines=true | VoidVacuous("no transport: the chart is frozen")
      BlindIndex Exact Mom coll=11175 fire=0 D_A=0.000000 info=150 distinct=1 | D_B=0.000000 cov=1.000 | refines=true | VoidVacuous("no transport: the chart is frozen")
      BlindIndex Exact Ene coll=11175 fire=0 D_A=0.000000 info=150 distinct=1 | D_B=0.000000 cov=1.000 | refines=true | VoidVacuous("no transport: the chart is frozen")
      BlindIndex Poisson Occ coll=11175 fire=0 D_A=0.000000 info=150 distinct=1 | D_B=0.000000 cov=1.000 | refines=true | VoidVacuous("no transport: the chart is frozen")
      BlindIndex Poisson Mom coll=11175 fire=0 D_A=0.000000 info=150 distinct=1 | D_B=0.000000 cov=1.000 | refines=true | VoidVacuous("no transport: the chart is frozen")
      BlindIndex Poisson Ene coll=11175 fire=0 D_A=0.000000 info=150 distinct=1 | D_B=0.000000 cov=1.000 | refines=true | VoidVacuous("no transport: the chart is frozen")
      GlobalRelabel Exact Occ coll=5 fire=5 D_A=1.000000 info=10 distinct=145 | D_B=n/a cov=0.000 | refines=true | VoidWorkCount(10)
      GlobalRelabel Exact Mom coll=5 fire=5 D_A=1.000000 info=10 distinct=145 | D_B=n/a cov=0.000 | refines=true | VoidWorkCount(10)
      GlobalRelabel Exact Ene coll=5 fire=5 D_A=1.000000 info=10 distinct=145 | D_B=n/a cov=0.000 | refines=true | VoidWorkCount(10)
      GlobalRelabel Poisson Occ coll=157 fire=123 D_A=0.783439 info=97 distinct=83 | D_B=1.000000 cov=0.227 | refines=true | VoidWorkCount(97)
         witnesses (listing capped at 10, count above is exact): (20,74) (22,23) (22,72)
      GlobalRelabel Poisson Mom coll=157 fire=123 D_A=0.783439 info=97 distinct=83 | D_B=1.000000 cov=0.227 | refines=true | VoidWorkCount(97)
      GlobalRelabel Poisson Ene coll=157 fire=123 D_A=0.783439 info=97 distinct=83 | D_B=1.000000 cov=0.227 | refines=true | VoidWorkCount(97)
   grid 4x2x2 cells=16 occ=8.000 fluct=0.173 transport=0.9933 dn=2.83  G2 admissible: NO
      Spatial Exact Occ coll=1 fire=1 D_A=1.000000 info=2 distinct=149 | D_B=n/a cov=0.000 | refines=true | VoidWorkCount(2)
      Spatial Exact Mom coll=1 fire=1 D_A=1.000000 info=2 distinct=149 | D_B=n/a cov=0.000 | refines=true | VoidWorkCount(2)
      Spatial Exact Ene coll=1 fire=1 D_A=1.000000 info=2 distinct=149 | D_B=n/a cov=0.000 | refines=true | VoidWorkCount(2)
      Spatial Poisson Occ coll=30 fire=23 D_A=0.766667 info=40 distinct=127 | D_B=n/a cov=0.000 | refines=true | VoidWorkCount(40)
         witnesses (listing capped at 10, count above is exact): (5,7) (12,13) (16,17)
      Spatial Poisson Mom coll=30 fire=23 D_A=0.766667 info=40 distinct=127 | D_B=n/a cov=0.000 | refines=true | VoidWorkCount(40)
      Spatial Poisson Ene coll=30 fire=23 D_A=0.766667 info=40 distinct=127 | D_B=n/a cov=0.000 | refines=true | VoidWorkCount(40)
      BlindLabel Exact Occ coll=1 fire=1 D_A=1.000000 info=2 distinct=149 | D_B=n/a cov=0.000 | refines=true | VoidWorkCount(2)
      BlindLabel Exact Mom coll=1 fire=1 D_A=1.000000 info=2 distinct=149 | D_B=n/a cov=0.000 | refines=true | VoidWorkCount(2)
      BlindLabel Exact Ene coll=1 fire=1 D_A=1.000000 info=2 distinct=149 | D_B=n/a cov=0.000 | refines=true | VoidWorkCount(2)
      BlindLabel Poisson Occ coll=20 fire=18 D_A=0.900000 info=28 distinct=134 | D_B=n/a cov=0.000 | refines=true | VoidWorkCount(28)
         witnesses (listing capped at 10, count above is exact): (0,2) (22,23) (26,27)
      BlindLabel Poisson Mom coll=20 fire=18 D_A=0.900000 info=28 distinct=134 | D_B=n/a cov=0.000 | refines=true | VoidWorkCount(28)
      BlindLabel Poisson Ene coll=20 fire=18 D_A=0.900000 info=28 distinct=134 | D_B=n/a cov=0.000 | refines=true | VoidWorkCount(28)
      BlindIndex Exact Occ coll=11175 fire=0 D_A=0.000000 info=150 distinct=1 | D_B=0.000000 cov=1.000 | refines=true | VoidVacuous("no transport: the chart is frozen")
      BlindIndex Exact Mom coll=11175 fire=0 D_A=0.000000 info=150 distinct=1 | D_B=0.000000 cov=1.000 | refines=true | VoidVacuous("no transport: the chart is frozen")
      BlindIndex Exact Ene coll=11175 fire=0 D_A=0.000000 info=150 distinct=1 | D_B=0.000000 cov=1.000 | refines=true | VoidVacuous("no transport: the chart is frozen")
      BlindIndex Poisson Occ coll=11175 fire=0 D_A=0.000000 info=150 distinct=1 | D_B=0.000000 cov=1.000 | refines=true | VoidVacuous("no transport: the chart is frozen")
      BlindIndex Poisson Mom coll=11175 fire=0 D_A=0.000000 info=150 distinct=1 | D_B=0.000000 cov=1.000 | refines=true | VoidVacuous("no transport: the chart is frozen")
      BlindIndex Poisson Ene coll=11175 fire=0 D_A=0.000000 info=150 distinct=1 | D_B=0.000000 cov=1.000 | refines=true | VoidVacuous("no transport: the chart is frozen")
      GlobalRelabel Exact Occ coll=1 fire=1 D_A=1.000000 info=2 distinct=149 | D_B=n/a cov=0.000 | refines=true | VoidWorkCount(2)
      GlobalRelabel Exact Mom coll=1 fire=1 D_A=1.000000 info=2 distinct=149 | D_B=n/a cov=0.000 | refines=true | VoidWorkCount(2)
      GlobalRelabel Exact Ene coll=1 fire=1 D_A=1.000000 info=2 distinct=149 | D_B=n/a cov=0.000 | refines=true | VoidWorkCount(2)
      GlobalRelabel Poisson Occ coll=30 fire=23 D_A=0.766667 info=40 distinct=127 | D_B=n/a cov=0.000 | refines=true | VoidWorkCount(40)
         witnesses (listing capped at 10, count above is exact): (5,7) (16,17) (22,23)
      GlobalRelabel Poisson Mom coll=30 fire=23 D_A=0.766667 info=40 distinct=127 | D_B=n/a cov=0.000 | refines=true | VoidWorkCount(40)
      GlobalRelabel Poisson Ene coll=30 fire=23 D_A=0.766667 info=40 distinct=127 | D_B=n/a cov=0.000 | refines=true | VoidWorkCount(40)
   grid 4x4x2 cells=32 occ=4.000 fluct=0.269 transport=1.0000 dn=2.00  G2 admissible: NO
      Spatial Exact Occ coll=0 fire=0 D_A=n/a info=0 distinct=150 | D_B=n/a cov=0.000 | refines=true | VoidWorkCount(0)
      Spatial Exact Mom coll=0 fire=0 D_A=n/a info=0 distinct=150 | D_B=n/a cov=0.000 | refines=true | VoidWorkCount(0)
      Spatial Exact Ene coll=0 fire=0 D_A=n/a info=0 distinct=150 | D_B=n/a cov=0.000 | refines=true | VoidWorkCount(0)
      Spatial Poisson Occ coll=0 fire=0 D_A=n/a info=0 distinct=150 | D_B=n/a cov=0.000 | refines=true | VoidWorkCount(0)
      Spatial Poisson Mom coll=0 fire=0 D_A=n/a info=0 distinct=150 | D_B=n/a cov=0.000 | refines=true | VoidWorkCount(0)
      Spatial Poisson Ene coll=0 fire=0 D_A=n/a info=0 distinct=150 | D_B=n/a cov=0.000 | refines=true | VoidWorkCount(0)
      BlindLabel Exact Occ coll=0 fire=0 D_A=n/a info=0 distinct=150 | D_B=n/a cov=0.000 | refines=true | VoidWorkCount(0)
      BlindLabel Exact Mom coll=0 fire=0 D_A=n/a info=0 distinct=150 | D_B=n/a cov=0.000 | refines=true | VoidWorkCount(0)
      BlindLabel Exact Ene coll=0 fire=0 D_A=n/a info=0 distinct=150 | D_B=n/a cov=0.000 | refines=true | VoidWorkCount(0)
      BlindLabel Poisson Occ coll=1 fire=1 D_A=1.000000 info=2 distinct=149 | D_B=n/a cov=0.000 | refines=true | VoidWorkCount(2)
         witnesses (listing capped at 10, count above is exact): (0,2)
      BlindLabel Poisson Mom coll=1 fire=1 D_A=1.000000 info=2 distinct=149 | D_B=n/a cov=0.000 | refines=true | VoidWorkCount(2)
      BlindLabel Poisson Ene coll=1 fire=1 D_A=1.000000 info=2 distinct=149 | D_B=n/a cov=0.000 | refines=true | VoidWorkCount(2)
      BlindIndex Exact Occ coll=11175 fire=0 D_A=0.000000 info=150 distinct=1 | D_B=0.000000 cov=1.000 | refines=true | VoidVacuous("no transport: the chart is frozen")
      BlindIndex Exact Mom coll=11175 fire=0 D_A=0.000000 info=150 distinct=1 | D_B=0.000000 cov=1.000 | refines=true | VoidVacuous("no transport: the chart is frozen")
      BlindIndex Exact Ene coll=11175 fire=0 D_A=0.000000 info=150 distinct=1 | D_B=0.000000 cov=1.000 | refines=true | VoidVacuous("no transport: the chart is frozen")
      BlindIndex Poisson Occ coll=11175 fire=0 D_A=0.000000 info=150 distinct=1 | D_B=0.000000 cov=1.000 | refines=true | VoidVacuous("no transport: the chart is frozen")
      BlindIndex Poisson Mom coll=11175 fire=0 D_A=0.000000 info=150 distinct=1 | D_B=0.000000 cov=1.000 | refines=true | VoidVacuous("no transport: the chart is frozen")
      BlindIndex Poisson Ene coll=11175 fire=0 D_A=0.000000 info=150 distinct=1 | D_B=0.000000 cov=1.000 | refines=true | VoidVacuous("no transport: the chart is frozen")
      GlobalRelabel Exact Occ coll=0 fire=0 D_A=n/a info=0 distinct=150 | D_B=n/a cov=0.000 | refines=true | VoidWorkCount(0)
      GlobalRelabel Exact Mom coll=0 fire=0 D_A=n/a info=0 distinct=150 | D_B=n/a cov=0.000 | refines=true | VoidWorkCount(0)
      GlobalRelabel Exact Ene coll=0 fire=0 D_A=n/a info=0 distinct=150 | D_B=n/a cov=0.000 | refines=true | VoidWorkCount(0)
      GlobalRelabel Poisson Occ coll=0 fire=0 D_A=n/a info=0 distinct=150 | D_B=n/a cov=0.000 | refines=true | VoidWorkCount(0)
      GlobalRelabel Poisson Mom coll=0 fire=0 D_A=n/a info=0 distinct=150 | D_B=n/a cov=0.000 | refines=true | VoidWorkCount(0)
      GlobalRelabel Poisson Ene coll=0 fire=0 D_A=n/a info=0 distinct=150 | D_B=n/a cov=0.000 | refines=true | VoidWorkCount(0)
   grid 4x4x4 cells=64 occ=2.000 fluct=0.409 transport=1.0000 dn=1.41  G2 admissible: NO
      Spatial Exact Occ coll=0 fire=0 D_A=n/a info=0 distinct=150 | D_B=n/a cov=0.000 | refines=true | VoidWorkCount(0)
      Spatial Exact Mom coll=0 fire=0 D_A=n/a info=0 distinct=150 | D_B=n/a cov=0.000 | refines=true | VoidWorkCount(0)
      Spatial Exact Ene coll=0 fire=0 D_A=n/a info=0 distinct=150 | D_B=n/a cov=0.000 | refines=true | VoidWorkCount(0)
      Spatial Poisson Occ coll=0 fire=0 D_A=n/a info=0 distinct=150 | D_B=n/a cov=0.000 | refines=true | VoidWorkCount(0)
      Spatial Poisson Mom coll=0 fire=0 D_A=n/a info=0 distinct=150 | D_B=n/a cov=0.000 | refines=true | VoidWorkCount(0)
      Spatial Poisson Ene coll=0 fire=0 D_A=n/a info=0 distinct=150 | D_B=n/a cov=0.000 | refines=true | VoidWorkCount(0)
      BlindLabel Exact Occ coll=0 fire=0 D_A=n/a info=0 distinct=150 | D_B=n/a cov=0.000 | refines=true | VoidWorkCount(0)
      BlindLabel Exact Mom coll=0 fire=0 D_A=n/a info=0 distinct=150 | D_B=n/a cov=0.000 | refines=true | VoidWorkCount(0)
      BlindLabel Exact Ene coll=0 fire=0 D_A=n/a info=0 distinct=150 | D_B=n/a cov=0.000 | refines=true | VoidWorkCount(0)
      BlindLabel Poisson Occ coll=0 fire=0 D_A=n/a info=0 distinct=150 | D_B=n/a cov=0.000 | refines=true | VoidWorkCount(0)
      BlindLabel Poisson Mom coll=0 fire=0 D_A=n/a info=0 distinct=150 | D_B=n/a cov=0.000 | refines=true | VoidWorkCount(0)
      BlindLabel Poisson Ene coll=0 fire=0 D_A=n/a info=0 distinct=150 | D_B=n/a cov=0.000 | refines=true | VoidWorkCount(0)
      BlindIndex Exact Occ coll=11175 fire=0 D_A=0.000000 info=150 distinct=1 | D_B=0.000000 cov=1.000 | refines=true | VoidVacuous("no transport: the chart is frozen")
      BlindIndex Exact Mom coll=11175 fire=0 D_A=0.000000 info=150 distinct=1 | D_B=0.000000 cov=1.000 | refines=true | VoidVacuous("no transport: the chart is frozen")
      BlindIndex Exact Ene coll=11175 fire=0 D_A=0.000000 info=150 distinct=1 | D_B=0.000000 cov=1.000 | refines=true | VoidVacuous("no transport: the chart is frozen")
      BlindIndex Poisson Occ coll=11175 fire=0 D_A=0.000000 info=150 distinct=1 | D_B=0.000000 cov=1.000 | refines=true | VoidVacuous("no transport: the chart is frozen")
      BlindIndex Poisson Mom coll=11175 fire=0 D_A=0.000000 info=150 distinct=1 | D_B=0.000000 cov=1.000 | refines=true | VoidVacuous("no transport: the chart is frozen")
      BlindIndex Poisson Ene coll=11175 fire=0 D_A=0.000000 info=150 distinct=1 | D_B=0.000000 cov=1.000 | refines=true | VoidVacuous("no transport: the chart is frozen")
      GlobalRelabel Exact Occ coll=0 fire=0 D_A=n/a info=0 distinct=150 | D_B=n/a cov=0.000 | refines=true | VoidWorkCount(0)
      GlobalRelabel Exact Mom coll=0 fire=0 D_A=n/a info=0 distinct=150 | D_B=n/a cov=0.000 | refines=true | VoidWorkCount(0)
      GlobalRelabel Exact Ene coll=0 fire=0 D_A=n/a info=0 distinct=150 | D_B=n/a cov=0.000 | refines=true | VoidWorkCount(0)
      GlobalRelabel Poisson Occ coll=0 fire=0 D_A=n/a info=0 distinct=150 | D_B=n/a cov=0.000 | refines=true | VoidWorkCount(0)
      GlobalRelabel Poisson Mom coll=0 fire=0 D_A=n/a info=0 distinct=150 | D_B=n/a cov=0.000 | refines=true | VoidWorkCount(0)
      GlobalRelabel Poisson Ene coll=0 fire=0 D_A=n/a info=0 distinct=150 | D_B=n/a cov=0.000 | refines=true | VoidWorkCount(0)
   grid 8x4x4 cells=128 occ=1.000 fluct=0.676 transport=1.0000 dn=1.00  G2 admissible: NO
      Spatial Exact Occ coll=0 fire=0 D_A=n/a info=0 distinct=150 | D_B=n/a cov=0.000 | refines=true | VoidWorkCount(0)
      Spatial Exact Mom coll=0 fire=0 D_A=n/a info=0 distinct=150 | D_B=n/a cov=0.000 | refines=true | VoidWorkCount(0)
      Spatial Exact Ene coll=0 fire=0 D_A=n/a info=0 distinct=150 | D_B=n/a cov=0.000 | refines=true | VoidWorkCount(0)
      Spatial Poisson Occ coll=0 fire=0 D_A=n/a info=0 distinct=150 | D_B=n/a cov=0.000 | refines=true | VoidWorkCount(0)
      Spatial Poisson Mom coll=0 fire=0 D_A=n/a info=0 distinct=150 | D_B=n/a cov=0.000 | refines=true | VoidWorkCount(0)
      Spatial Poisson Ene coll=0 fire=0 D_A=n/a info=0 distinct=150 | D_B=n/a cov=0.000 | refines=true | VoidWorkCount(0)
      BlindLabel Exact Occ coll=0 fire=0 D_A=n/a info=0 distinct=150 | D_B=n/a cov=0.000 | refines=true | VoidWorkCount(0)
      BlindLabel Exact Mom coll=0 fire=0 D_A=n/a info=0 distinct=150 | D_B=n/a cov=0.000 | refines=true | VoidWorkCount(0)
      BlindLabel Exact Ene coll=0 fire=0 D_A=n/a info=0 distinct=150 | D_B=n/a cov=0.000 | refines=true | VoidWorkCount(0)
      BlindLabel Poisson Occ coll=0 fire=0 D_A=n/a info=0 distinct=150 | D_B=n/a cov=0.000 | refines=true | VoidWorkCount(0)
      BlindLabel Poisson Mom coll=0 fire=0 D_A=n/a info=0 distinct=150 | D_B=n/a cov=0.000 | refines=true | VoidWorkCount(0)
      BlindLabel Poisson Ene coll=0 fire=0 D_A=n/a info=0 distinct=150 | D_B=n/a cov=0.000 | refines=true | VoidWorkCount(0)
      BlindIndex Exact Occ coll=11175 fire=0 D_A=0.000000 info=150 distinct=1 | D_B=0.000000 cov=1.000 | refines=true | VoidVacuous("no transport: the chart is frozen")
      BlindIndex Exact Mom coll=11175 fire=0 D_A=0.000000 info=150 distinct=1 | D_B=0.000000 cov=1.000 | refines=true | VoidVacuous("no transport: the chart is frozen")
      BlindIndex Exact Ene coll=11175 fire=0 D_A=0.000000 info=150 distinct=1 | D_B=0.000000 cov=1.000 | refines=true | VoidVacuous("no transport: the chart is frozen")
      BlindIndex Poisson Occ coll=11175 fire=0 D_A=0.000000 info=150 distinct=1 | D_B=0.000000 cov=1.000 | refines=true | VoidVacuous("no transport: the chart is frozen")
      BlindIndex Poisson Mom coll=11175 fire=0 D_A=0.000000 info=150 distinct=1 | D_B=0.000000 cov=1.000 | refines=true | VoidVacuous("no transport: the chart is frozen")
      BlindIndex Poisson Ene coll=11175 fire=0 D_A=0.000000 info=150 distinct=1 | D_B=0.000000 cov=1.000 | refines=true | VoidVacuous("no transport: the chart is frozen")
      GlobalRelabel Exact Occ coll=0 fire=0 D_A=n/a info=0 distinct=150 | D_B=n/a cov=0.000 | refines=true | VoidWorkCount(0)
      GlobalRelabel Exact Mom coll=0 fire=0 D_A=n/a info=0 distinct=150 | D_B=n/a cov=0.000 | refines=true | VoidWorkCount(0)
      GlobalRelabel Exact Ene coll=0 fire=0 D_A=n/a info=0 distinct=150 | D_B=n/a cov=0.000 | refines=true | VoidWorkCount(0)
      GlobalRelabel Poisson Occ coll=0 fire=0 D_A=n/a info=0 distinct=150 | D_B=n/a cov=0.000 | refines=true | VoidWorkCount(0)
      GlobalRelabel Poisson Mom coll=0 fire=0 D_A=n/a info=0 distinct=150 | D_B=n/a cov=0.000 | refines=true | VoidWorkCount(0)
      GlobalRelabel Poisson Ene coll=0 fire=0 D_A=n/a info=0 distinct=150 | D_B=n/a cov=0.000 | refines=true | VoidWorkCount(0)

-- seed 0x5245504c41434532  n=128 dims=3 frames=151 box=29.6x29.6 species=[8]
   G9a species/arity constant: true
   G9b |p| first=0.000000e0 last=0.000000e0   G9c Ek first=0.000000e0 last=0.000000e0  [ledger leg UNDISCHARGED: the dump carries no forces]
   amendment 1: ladder of 8 grids derived from N=128 dims=3: 1x1x1 2x1x1 2x2x1 2x2x2 4x2x2 4x4x2 4x4x4 8x4x4
   grid 1x1x1 cells=1 occ=128.000 fluct=0.000 transport=0.0000 dn=11.31  G2 admissible: NO
      Spatial Exact Occ coll=11175 fire=0 D_A=0.000000 info=150 distinct=1 | D_B=0.000000 cov=1.000 | refines=true | VoidVacuous("fewer than 2 cells: the fields are the invariants")
      Spatial Exact Mom coll=11175 fire=0 D_A=0.000000 info=150 distinct=1 | D_B=0.000000 cov=1.000 | refines=true | VoidVacuous("fewer than 2 cells: the fields are the invariants")
      Spatial Exact Ene coll=11175 fire=0 D_A=0.000000 info=150 distinct=1 | D_B=0.000000 cov=1.000 | refines=true | VoidVacuous("fewer than 2 cells: the fields are the invariants")
      Spatial Poisson Occ coll=11175 fire=0 D_A=0.000000 info=150 distinct=1 | D_B=0.000000 cov=1.000 | refines=true | VoidVacuous("fewer than 2 cells: the fields are the invariants")
      Spatial Poisson Mom coll=11175 fire=0 D_A=0.000000 info=150 distinct=1 | D_B=0.000000 cov=1.000 | refines=true | VoidVacuous("fewer than 2 cells: the fields are the invariants")
      Spatial Poisson Ene coll=11175 fire=0 D_A=0.000000 info=150 distinct=1 | D_B=0.000000 cov=1.000 | refines=true | VoidVacuous("fewer than 2 cells: the fields are the invariants")
      BlindLabel Exact Occ coll=11175 fire=0 D_A=0.000000 info=150 distinct=1 | D_B=0.000000 cov=1.000 | refines=true | VoidVacuous("fewer than 2 cells: the fields are the invariants")
      BlindLabel Exact Mom coll=11175 fire=0 D_A=0.000000 info=150 distinct=1 | D_B=0.000000 cov=1.000 | refines=true | VoidVacuous("fewer than 2 cells: the fields are the invariants")
      BlindLabel Exact Ene coll=11175 fire=0 D_A=0.000000 info=150 distinct=1 | D_B=0.000000 cov=1.000 | refines=true | VoidVacuous("fewer than 2 cells: the fields are the invariants")
      BlindLabel Poisson Occ coll=11175 fire=0 D_A=0.000000 info=150 distinct=1 | D_B=0.000000 cov=1.000 | refines=true | VoidVacuous("fewer than 2 cells: the fields are the invariants")
      BlindLabel Poisson Mom coll=11175 fire=0 D_A=0.000000 info=150 distinct=1 | D_B=0.000000 cov=1.000 | refines=true | VoidVacuous("fewer than 2 cells: the fields are the invariants")
      BlindLabel Poisson Ene coll=11175 fire=0 D_A=0.000000 info=150 distinct=1 | D_B=0.000000 cov=1.000 | refines=true | VoidVacuous("fewer than 2 cells: the fields are the invariants")
      BlindIndex Exact Occ coll=11175 fire=0 D_A=0.000000 info=150 distinct=1 | D_B=0.000000 cov=1.000 | refines=true | VoidVacuous("fewer than 2 cells: the fields are the invariants")
      BlindIndex Exact Mom coll=11175 fire=0 D_A=0.000000 info=150 distinct=1 | D_B=0.000000 cov=1.000 | refines=true | VoidVacuous("fewer than 2 cells: the fields are the invariants")
      BlindIndex Exact Ene coll=11175 fire=0 D_A=0.000000 info=150 distinct=1 | D_B=0.000000 cov=1.000 | refines=true | VoidVacuous("fewer than 2 cells: the fields are the invariants")
      BlindIndex Poisson Occ coll=11175 fire=0 D_A=0.000000 info=150 distinct=1 | D_B=0.000000 cov=1.000 | refines=true | VoidVacuous("fewer than 2 cells: the fields are the invariants")
      BlindIndex Poisson Mom coll=11175 fire=0 D_A=0.000000 info=150 distinct=1 | D_B=0.000000 cov=1.000 | refines=true | VoidVacuous("fewer than 2 cells: the fields are the invariants")
      BlindIndex Poisson Ene coll=11175 fire=0 D_A=0.000000 info=150 distinct=1 | D_B=0.000000 cov=1.000 | refines=true | VoidVacuous("fewer than 2 cells: the fields are the invariants")
      GlobalRelabel Exact Occ coll=11175 fire=0 D_A=0.000000 info=150 distinct=1 | D_B=0.000000 cov=1.000 | refines=true | VoidVacuous("fewer than 2 cells: the fields are the invariants")
      GlobalRelabel Exact Mom coll=11175 fire=0 D_A=0.000000 info=150 distinct=1 | D_B=0.000000 cov=1.000 | refines=true | VoidVacuous("fewer than 2 cells: the fields are the invariants")
      GlobalRelabel Exact Ene coll=11175 fire=0 D_A=0.000000 info=150 distinct=1 | D_B=0.000000 cov=1.000 | refines=true | VoidVacuous("fewer than 2 cells: the fields are the invariants")
      GlobalRelabel Poisson Occ coll=11175 fire=0 D_A=0.000000 info=150 distinct=1 | D_B=0.000000 cov=1.000 | refines=true | VoidVacuous("fewer than 2 cells: the fields are the invariants")
      GlobalRelabel Poisson Mom coll=11175 fire=0 D_A=0.000000 info=150 distinct=1 | D_B=0.000000 cov=1.000 | refines=true | VoidVacuous("fewer than 2 cells: the fields are the invariants")
      GlobalRelabel Poisson Ene coll=11175 fire=0 D_A=0.000000 info=150 distinct=1 | D_B=0.000000 cov=1.000 | refines=true | VoidVacuous("fewer than 2 cells: the fields are the invariants")
   grid 2x1x1 cells=2 occ=64.000 fluct=0.030 transport=0.6867 dn=8.00  G2 admissible: NO
      Spatial Exact Occ coll=1756 fire=1213 D_A=0.690774 info=149 distinct=10 | D_B=0.614286 cov=0.933 | refines=true | VoidWorkCount(149)
      Spatial Exact Mom coll=1756 fire=1213 D_A=0.690774 info=149 distinct=10 | D_B=0.614286 cov=0.933 | refines=true | VoidWorkCount(149)
      Spatial Exact Ene coll=1756 fire=1213 D_A=0.690774 info=149 distinct=10 | D_B=0.614286 cov=0.933 | refines=true | VoidWorkCount(149)
      Spatial Poisson Occ coll=4438 fire=1636 D_A=0.368635 info=150 distinct=3 | D_B=0.280000 cov=1.000 | refines=true | VoidWorkCount(150)
         witnesses (listing capped at 10, count above is exact): (0,10) (0,45) (10,45)
      Spatial Poisson Mom coll=4438 fire=1636 D_A=0.368635 info=150 distinct=3 | D_B=0.280000 cov=1.000 | refines=true | VoidWorkCount(150)
      Spatial Poisson Ene coll=4438 fire=1636 D_A=0.368635 info=150 distinct=3 | D_B=0.280000 cov=1.000 | refines=true | VoidWorkCount(150)
      BlindLabel Exact Occ coll=1589 fire=1063 D_A=0.668974 info=150 distinct=10 | D_B=0.605634 cov=0.947 | refines=true | VoidWorkCount(150)
      BlindLabel Exact Mom coll=1589 fire=1063 D_A=0.668974 info=150 distinct=10 | D_B=0.605634 cov=0.947 | refines=true | VoidWorkCount(150)
      BlindLabel Exact Ene coll=1589 fire=1063 D_A=0.668974 info=150 distinct=10 | D_B=0.605634 cov=0.947 | refines=true | VoidWorkCount(150)
      BlindLabel Poisson Occ coll=5023 fire=1138 D_A=0.226558 info=150 distinct=3 | D_B=0.240000 cov=1.000 | refines=true | VoidWorkCount(150)
         witnesses (listing capped at 10, count above is exact): (0,4) (0,131) (4,131)
      BlindLabel Poisson Mom coll=5023 fire=1138 D_A=0.226558 info=150 distinct=3 | D_B=0.240000 cov=1.000 | refines=true | VoidWorkCount(150)
      BlindLabel Poisson Ene coll=5023 fire=1138 D_A=0.226558 info=150 distinct=3 | D_B=0.240000 cov=1.000 | refines=true | VoidWorkCount(150)
      BlindIndex Exact Occ coll=11175 fire=0 D_A=0.000000 info=150 distinct=1 | D_B=0.000000 cov=1.000 | refines=true | VoidVacuous("no transport: the chart is frozen")
      BlindIndex Exact Mom coll=11175 fire=0 D_A=0.000000 info=150 distinct=1 | D_B=0.000000 cov=1.000 | refines=true | VoidVacuous("no transport: the chart is frozen")
      BlindIndex Exact Ene coll=11175 fire=0 D_A=0.000000 info=150 distinct=1 | D_B=0.000000 cov=1.000 | refines=true | VoidVacuous("no transport: the chart is frozen")
      BlindIndex Poisson Occ coll=11175 fire=0 D_A=0.000000 info=150 distinct=1 | D_B=0.000000 cov=1.000 | refines=true | VoidVacuous("no transport: the chart is frozen")
      BlindIndex Poisson Mom coll=11175 fire=0 D_A=0.000000 info=150 distinct=1 | D_B=0.000000 cov=1.000 | refines=true | VoidVacuous("no transport: the chart is frozen")
      BlindIndex Poisson Ene coll=11175 fire=0 D_A=0.000000 info=150 distinct=1 | D_B=0.000000 cov=1.000 | refines=true | VoidVacuous("no transport: the chart is frozen")
      GlobalRelabel Exact Occ coll=1756 fire=1213 D_A=0.690774 info=149 distinct=10 | D_B=0.614286 cov=0.933 | refines=true | VoidWorkCount(149)
      GlobalRelabel Exact Mom coll=1756 fire=1213 D_A=0.690774 info=149 distinct=10 | D_B=0.614286 cov=0.933 | refines=true | VoidWorkCount(149)
      GlobalRelabel Exact Ene coll=1756 fire=1213 D_A=0.690774 info=149 distinct=10 | D_B=0.614286 cov=0.933 | refines=true | VoidWorkCount(149)
      GlobalRelabel Poisson Occ coll=4438 fire=1636 D_A=0.368635 info=150 distinct=3 | D_B=0.280000 cov=1.000 | refines=true | VoidWorkCount(150)
         witnesses (listing capped at 10, count above is exact): (0,10) (0,45) (10,45)
      GlobalRelabel Poisson Mom coll=4438 fire=1636 D_A=0.368635 info=150 distinct=3 | D_B=0.280000 cov=1.000 | refines=true | VoidWorkCount(150)
      GlobalRelabel Poisson Ene coll=4438 fire=1636 D_A=0.368635 info=150 distinct=3 | D_B=0.280000 cov=1.000 | refines=true | VoidWorkCount(150)
   grid 2x2x1 cells=4 occ=32.000 fluct=0.058 transport=0.8933 dn=5.66  G2 admissible: NO
      Spatial Exact Occ coll=97 fire=86 D_A=0.886598 info=88 distinct=94 | D_B=1.000000 cov=0.320 | refines=true | VoidWorkCount(88)
      Spatial Exact Mom coll=97 fire=86 D_A=0.886598 info=88 distinct=94 | D_B=1.000000 cov=0.320 | refines=true | VoidWorkCount(88)
      Spatial Exact Ene coll=97 fire=86 D_A=0.886598 info=88 distinct=94 | D_B=1.000000 cov=0.320 | refines=true | VoidWorkCount(88)
      Spatial Poisson Occ coll=2157 fire=1158 D_A=0.536857 info=142 distinct=17 | D_B=0.621212 cov=0.880 | refines=true | VoidWorkCount(142)
         witnesses (listing capped at 10, count above is exact): (26,27) (26,49) (26,73)
      Spatial Poisson Mom coll=2157 fire=1158 D_A=0.536857 info=142 distinct=17 | D_B=0.621212 cov=0.880 | refines=true | VoidWorkCount(142)
      Spatial Poisson Ene coll=2157 fire=1158 D_A=0.536857 info=142 distinct=17 | D_B=0.621212 cov=0.880 | refines=true | VoidWorkCount(142)
      BlindLabel Exact Occ coll=50 fire=45 D_A=0.900000 info=60 distinct=114 | D_B=1.000000 cov=0.040 | refines=true | VoidWorkCount(60)
      BlindLabel Exact Mom coll=50 fire=45 D_A=0.900000 info=60 distinct=114 | D_B=1.000000 cov=0.040 | refines=true | VoidWorkCount(60)
      BlindLabel Exact Ene coll=50 fire=45 D_A=0.900000 info=60 distinct=114 | D_B=1.000000 cov=0.040 | refines=true | VoidWorkCount(60)
      BlindLabel Poisson Occ coll=816 fire=382 D_A=0.468137 info=144 distinct=27 | D_B=0.950000 cov=0.267 | refines=true | VoidWorkCount(144)
         witnesses (listing capped at 10, count above is exact): (17,21) (47,49) (48,70)
      BlindLabel Poisson Mom coll=816 fire=382 D_A=0.468137 info=144 distinct=27 | D_B=0.950000 cov=0.267 | refines=true | VoidWorkCount(144)
      BlindLabel Poisson Ene coll=816 fire=382 D_A=0.468137 info=144 distinct=27 | D_B=0.950000 cov=0.267 | refines=true | VoidWorkCount(144)
      BlindIndex Exact Occ coll=11175 fire=0 D_A=0.000000 info=150 distinct=1 | D_B=0.000000 cov=1.000 | refines=true | VoidVacuous("no transport: the chart is frozen")
      BlindIndex Exact Mom coll=11175 fire=0 D_A=0.000000 info=150 distinct=1 | D_B=0.000000 cov=1.000 | refines=true | VoidVacuous("no transport: the chart is frozen")
      BlindIndex Exact Ene coll=11175 fire=0 D_A=0.000000 info=150 distinct=1 | D_B=0.000000 cov=1.000 | refines=true | VoidVacuous("no transport: the chart is frozen")
      BlindIndex Poisson Occ coll=11175 fire=0 D_A=0.000000 info=150 distinct=1 | D_B=0.000000 cov=1.000 | refines=true | VoidVacuous("no transport: the chart is frozen")
      BlindIndex Poisson Mom coll=11175 fire=0 D_A=0.000000 info=150 distinct=1 | D_B=0.000000 cov=1.000 | refines=true | VoidVacuous("no transport: the chart is frozen")
      BlindIndex Poisson Ene coll=11175 fire=0 D_A=0.000000 info=150 distinct=1 | D_B=0.000000 cov=1.000 | refines=true | VoidVacuous("no transport: the chart is frozen")
      GlobalRelabel Exact Occ coll=97 fire=86 D_A=0.886598 info=88 distinct=94 | D_B=1.000000 cov=0.320 | refines=true | VoidWorkCount(88)
      GlobalRelabel Exact Mom coll=97 fire=86 D_A=0.886598 info=88 distinct=94 | D_B=1.000000 cov=0.320 | refines=true | VoidWorkCount(88)
      GlobalRelabel Exact Ene coll=97 fire=86 D_A=0.886598 info=88 distinct=94 | D_B=1.000000 cov=0.320 | refines=true | VoidWorkCount(88)
      GlobalRelabel Poisson Occ coll=2157 fire=1158 D_A=0.536857 info=142 distinct=17 | D_B=0.621212 cov=0.880 | refines=true | VoidWorkCount(142)
         witnesses (listing capped at 10, count above is exact): (14,19) (14,25) (14,37)
      GlobalRelabel Poisson Mom coll=2157 fire=1158 D_A=0.536857 info=142 distinct=17 | D_B=0.621212 cov=0.880 | refines=true | VoidWorkCount(142)
      GlobalRelabel Poisson Ene coll=2157 fire=1158 D_A=0.536857 info=142 distinct=17 | D_B=0.621212 cov=0.880 | refines=true | VoidWorkCount(142)
   grid 2x2x2 cells=8 occ=16.000 fluct=0.106 transport=0.9600 dn=4.00  G2 admissible: NO
      Spatial Exact Occ coll=7 fire=7 D_A=1.000000 info=14 distinct=143 | D_B=n/a cov=0.000 | refines=true | VoidWorkCount(14)
      Spatial Exact Mom coll=7 fire=7 D_A=1.000000 info=14 distinct=143 | D_B=n/a cov=0.000 | refines=true | VoidWorkCount(14)
      Spatial Exact Ene coll=7 fire=7 D_A=1.000000 info=14 distinct=143 | D_B=n/a cov=0.000 | refines=true | VoidWorkCount(14)
      Spatial Poisson Occ coll=133 fire=116 D_A=0.872180 info=102 distinct=82 | D_B=0.812500 cov=0.213 | refines=true | VoidWorkCount(102)
         witnesses (listing capped at 10, count above is exact): (12,99) (12,125) (12,126)
      Spatial Poisson Mom coll=133 fire=116 D_A=0.872180 info=102 distinct=82 | D_B=0.812500 cov=0.213 | refines=true | VoidWorkCount(102)
      Spatial Poisson Ene coll=133 fire=116 D_A=0.872180 info=102 distinct=82 | D_B=0.812500 cov=0.213 | refines=true | VoidWorkCount(102)
      BlindLabel Exact Occ coll=9 fire=8 D_A=0.888889 info=15 distinct=142 | D_B=n/a cov=0.000 | refines=true | VoidWorkCount(15)
      BlindLabel Exact Mom coll=9 fire=8 D_A=0.888889 info=15 distinct=142 | D_B=n/a cov=0.000 | refines=true | VoidWorkCount(15)
      BlindLabel Exact Ene coll=9 fire=8 D_A=0.888889 info=15 distinct=142 | D_B=n/a cov=0.000 | refines=true | VoidWorkCount(15)
      BlindLabel Poisson Occ coll=131 fire=107 D_A=0.816794 info=109 distinct=79 | D_B=1.000000 cov=0.027 | refines=true | VoidWorkCount(109)
         witnesses (listing capped at 10, count above is exact): (19,21) (48,49) (56,62)
      BlindLabel Poisson Mom coll=131 fire=107 D_A=0.816794 info=109 distinct=79 | D_B=1.000000 cov=0.027 | refines=true | VoidWorkCount(109)
      BlindLabel Poisson Ene coll=131 fire=107 D_A=0.816794 info=109 distinct=79 | D_B=1.000000 cov=0.027 | refines=true | VoidWorkCount(109)
      BlindIndex Exact Occ coll=11175 fire=0 D_A=0.000000 info=150 distinct=1 | D_B=0.000000 cov=1.000 | refines=true | VoidVacuous("no transport: the chart is frozen")
      BlindIndex Exact Mom coll=11175 fire=0 D_A=0.000000 info=150 distinct=1 | D_B=0.000000 cov=1.000 | refines=true | VoidVacuous("no transport: the chart is frozen")
      BlindIndex Exact Ene coll=11175 fire=0 D_A=0.000000 info=150 distinct=1 | D_B=0.000000 cov=1.000 | refines=true | VoidVacuous("no transport: the chart is frozen")
      BlindIndex Poisson Occ coll=11175 fire=0 D_A=0.000000 info=150 distinct=1 | D_B=0.000000 cov=1.000 | refines=true | VoidVacuous("no transport: the chart is frozen")
      BlindIndex Poisson Mom coll=11175 fire=0 D_A=0.000000 info=150 distinct=1 | D_B=0.000000 cov=1.000 | refines=true | VoidVacuous("no transport: the chart is frozen")
      BlindIndex Poisson Ene coll=11175 fire=0 D_A=0.000000 info=150 distinct=1 | D_B=0.000000 cov=1.000 | refines=true | VoidVacuous("no transport: the chart is frozen")
      GlobalRelabel Exact Occ coll=7 fire=7 D_A=1.000000 info=14 distinct=143 | D_B=n/a cov=0.000 | refines=true | VoidWorkCount(14)
      GlobalRelabel Exact Mom coll=7 fire=7 D_A=1.000000 info=14 distinct=143 | D_B=n/a cov=0.000 | refines=true | VoidWorkCount(14)
      GlobalRelabel Exact Ene coll=7 fire=7 D_A=1.000000 info=14 distinct=143 | D_B=n/a cov=0.000 | refines=true | VoidWorkCount(14)
      GlobalRelabel Poisson Occ coll=133 fire=116 D_A=0.872180 info=102 distinct=82 | D_B=0.812500 cov=0.213 | refines=true | VoidWorkCount(102)
         witnesses (listing capped at 10, count above is exact): (60,66) (90,91) (92,107)
      GlobalRelabel Poisson Mom coll=133 fire=116 D_A=0.872180 info=102 distinct=82 | D_B=0.812500 cov=0.213 | refines=true | VoidWorkCount(102)
      GlobalRelabel Poisson Ene coll=133 fire=116 D_A=0.872180 info=102 distinct=82 | D_B=0.812500 cov=0.213 | refines=true | VoidWorkCount(102)
   grid 4x2x2 cells=16 occ=8.000 fluct=0.169 transport=1.0000 dn=2.83  G2 admissible: NO
      Spatial Exact Occ coll=0 fire=0 D_A=n/a info=0 distinct=150 | D_B=n/a cov=0.000 | refines=true | VoidWorkCount(0)
      Spatial Exact Mom coll=0 fire=0 D_A=n/a info=0 distinct=150 | D_B=n/a cov=0.000 | refines=true | VoidWorkCount(0)
      Spatial Exact Ene coll=0 fire=0 D_A=n/a info=0 distinct=150 | D_B=n/a cov=0.000 | refines=true | VoidWorkCount(0)
      Spatial Poisson Occ coll=14 fire=13 D_A=0.928571 info=22 distinct=138 | D_B=n/a cov=0.000 | refines=true | VoidWorkCount(22)
         witnesses (listing capped at 10, count above is exact): (17,19) (33,34) (59,60)
      Spatial Poisson Mom coll=14 fire=13 D_A=0.928571 info=22 distinct=138 | D_B=n/a cov=0.000 | refines=true | VoidWorkCount(22)
      Spatial Poisson Ene coll=14 fire=13 D_A=0.928571 info=22 distinct=138 | D_B=n/a cov=0.000 | refines=true | VoidWorkCount(22)
      BlindLabel Exact Occ coll=0 fire=0 D_A=n/a info=0 distinct=150 | D_B=n/a cov=0.000 | refines=true | VoidWorkCount(0)
      BlindLabel Exact Mom coll=0 fire=0 D_A=n/a info=0 distinct=150 | D_B=n/a cov=0.000 | refines=true | VoidWorkCount(0)
      BlindLabel Exact Ene coll=0 fire=0 D_A=n/a info=0 distinct=150 | D_B=n/a cov=0.000 | refines=true | VoidWorkCount(0)
      BlindLabel Poisson Occ coll=11 fire=10 D_A=0.909091 info=19 distinct=140 | D_B=n/a cov=0.000 | refines=true | VoidWorkCount(19)
         witnesses (listing capped at 10, count above is exact): (17,19) (34,35) (51,52)
      BlindLabel Poisson Mom coll=11 fire=10 D_A=0.909091 info=19 distinct=140 | D_B=n/a cov=0.000 | refines=true | VoidWorkCount(19)
      BlindLabel Poisson Ene coll=11 fire=10 D_A=0.909091 info=19 distinct=140 | D_B=n/a cov=0.000 | refines=true | VoidWorkCount(19)
      BlindIndex Exact Occ coll=11175 fire=0 D_A=0.000000 info=150 distinct=1 | D_B=0.000000 cov=1.000 | refines=true | VoidVacuous("no transport: the chart is frozen")
      BlindIndex Exact Mom coll=11175 fire=0 D_A=0.000000 info=150 distinct=1 | D_B=0.000000 cov=1.000 | refines=true | VoidVacuous("no transport: the chart is frozen")
      BlindIndex Exact Ene coll=11175 fire=0 D_A=0.000000 info=150 distinct=1 | D_B=0.000000 cov=1.000 | refines=true | VoidVacuous("no transport: the chart is frozen")
      BlindIndex Poisson Occ coll=11175 fire=0 D_A=0.000000 info=150 distinct=1 | D_B=0.000000 cov=1.000 | refines=true | VoidVacuous("no transport: the chart is frozen")
      BlindIndex Poisson Mom coll=11175 fire=0 D_A=0.000000 info=150 distinct=1 | D_B=0.000000 cov=1.000 | refines=true | VoidVacuous("no transport: the chart is frozen")
      BlindIndex Poisson Ene coll=11175 fire=0 D_A=0.000000 info=150 distinct=1 | D_B=0.000000 cov=1.000 | refines=true | VoidVacuous("no transport: the chart is frozen")
      GlobalRelabel Exact Occ coll=0 fire=0 D_A=n/a info=0 distinct=150 | D_B=n/a cov=0.000 | refines=true | VoidWorkCount(0)
      GlobalRelabel Exact Mom coll=0 fire=0 D_A=n/a info=0 distinct=150 | D_B=n/a cov=0.000 | refines=true | VoidWorkCount(0)
      GlobalRelabel Exact Ene coll=0 fire=0 D_A=n/a info=0 distinct=150 | D_B=n/a cov=0.000 | refines=true | VoidWorkCount(0)
      GlobalRelabel Poisson Occ coll=14 fire=13 D_A=0.928571 info=22 distinct=138 | D_B=n/a cov=0.000 | refines=true | VoidWorkCount(22)
         witnesses (listing capped at 10, count above is exact): (17,19) (33,34) (50,51)
      GlobalRelabel Poisson Mom coll=14 fire=13 D_A=0.928571 info=22 distinct=138 | D_B=n/a cov=0.000 | refines=true | VoidWorkCount(22)
      GlobalRelabel Poisson Ene coll=14 fire=13 D_A=0.928571 info=22 distinct=138 | D_B=n/a cov=0.000 | refines=true | VoidWorkCount(22)
   grid 4x4x2 cells=32 occ=4.000 fluct=0.281 transport=1.0000 dn=2.00  G2 admissible: NO
      Spatial Exact Occ coll=0 fire=0 D_A=n/a info=0 distinct=150 | D_B=n/a cov=0.000 | refines=true | VoidWorkCount(0)
      Spatial Exact Mom coll=0 fire=0 D_A=n/a info=0 distinct=150 | D_B=n/a cov=0.000 | refines=true | VoidWorkCount(0)
      Spatial Exact Ene coll=0 fire=0 D_A=n/a info=0 distinct=150 | D_B=n/a cov=0.000 | refines=true | VoidWorkCount(0)
      Spatial Poisson Occ coll=2 fire=2 D_A=1.000000 info=4 distinct=148 | D_B=n/a cov=0.000 | refines=true | VoidWorkCount(4)
         witnesses (listing capped at 10, count above is exact): (94,95) (108,109)
      Spatial Poisson Mom coll=2 fire=2 D_A=1.000000 info=4 distinct=148 | D_B=n/a cov=0.000 | refines=true | VoidWorkCount(4)
      Spatial Poisson Ene coll=2 fire=2 D_A=1.000000 info=4 distinct=148 | D_B=n/a cov=0.000 | refines=true | VoidWorkCount(4)
      BlindLabel Exact Occ coll=0 fire=0 D_A=n/a info=0 distinct=150 | D_B=n/a cov=0.000 | refines=true | VoidWorkCount(0)
      BlindLabel Exact Mom coll=0 fire=0 D_A=n/a info=0 distinct=150 | D_B=n/a cov=0.000 | refines=true | VoidWorkCount(0)
      BlindLabel Exact Ene coll=0 fire=0 D_A=n/a info=0 distinct=150 | D_B=n/a cov=0.000 | refines=true | VoidWorkCount(0)
      BlindLabel Poisson Occ coll=2 fire=2 D_A=1.000000 info=4 distinct=148 | D_B=n/a cov=0.000 | refines=true | VoidWorkCount(4)
         witnesses (listing capped at 10, count above is exact): (2,3) (147,148)
      BlindLabel Poisson Mom coll=2 fire=2 D_A=1.000000 info=4 distinct=148 | D_B=n/a cov=0.000 | refines=true | VoidWorkCount(4)
      BlindLabel Poisson Ene coll=2 fire=2 D_A=1.000000 info=4 distinct=148 | D_B=n/a cov=0.000 | refines=true | VoidWorkCount(4)
      BlindIndex Exact Occ coll=11175 fire=0 D_A=0.000000 info=150 distinct=1 | D_B=0.000000 cov=1.000 | refines=true | VoidVacuous("no transport: the chart is frozen")
      BlindIndex Exact Mom coll=11175 fire=0 D_A=0.000000 info=150 distinct=1 | D_B=0.000000 cov=1.000 | refines=true | VoidVacuous("no transport: the chart is frozen")
      BlindIndex Exact Ene coll=11175 fire=0 D_A=0.000000 info=150 distinct=1 | D_B=0.000000 cov=1.000 | refines=true | VoidVacuous("no transport: the chart is frozen")
      BlindIndex Poisson Occ coll=11175 fire=0 D_A=0.000000 info=150 distinct=1 | D_B=0.000000 cov=1.000 | refines=true | VoidVacuous("no transport: the chart is frozen")
      BlindIndex Poisson Mom coll=11175 fire=0 D_A=0.000000 info=150 distinct=1 | D_B=0.000000 cov=1.000 | refines=true | VoidVacuous("no transport: the chart is frozen")
      BlindIndex Poisson Ene coll=11175 fire=0 D_A=0.000000 info=150 distinct=1 | D_B=0.000000 cov=1.000 | refines=true | VoidVacuous("no transport: the chart is frozen")
      GlobalRelabel Exact Occ coll=0 fire=0 D_A=n/a info=0 distinct=150 | D_B=n/a cov=0.000 | refines=true | VoidWorkCount(0)
      GlobalRelabel Exact Mom coll=0 fire=0 D_A=n/a info=0 distinct=150 | D_B=n/a cov=0.000 | refines=true | VoidWorkCount(0)
      GlobalRelabel Exact Ene coll=0 fire=0 D_A=n/a info=0 distinct=150 | D_B=n/a cov=0.000 | refines=true | VoidWorkCount(0)
      GlobalRelabel Poisson Occ coll=2 fire=2 D_A=1.000000 info=4 distinct=148 | D_B=n/a cov=0.000 | refines=true | VoidWorkCount(4)
         witnesses (listing capped at 10, count above is exact): (94,95) (108,109)
      GlobalRelabel Poisson Mom coll=2 fire=2 D_A=1.000000 info=4 distinct=148 | D_B=n/a cov=0.000 | refines=true | VoidWorkCount(4)
      GlobalRelabel Poisson Ene coll=2 fire=2 D_A=1.000000 info=4 distinct=148 | D_B=n/a cov=0.000 | refines=true | VoidWorkCount(4)
   grid 4x4x4 cells=64 occ=2.000 fluct=0.428 transport=1.0000 dn=1.41  G2 admissible: NO
      Spatial Exact Occ coll=0 fire=0 D_A=n/a info=0 distinct=150 | D_B=n/a cov=0.000 | refines=true | VoidWorkCount(0)
      Spatial Exact Mom coll=0 fire=0 D_A=n/a info=0 distinct=150 | D_B=n/a cov=0.000 | refines=true | VoidWorkCount(0)
      Spatial Exact Ene coll=0 fire=0 D_A=n/a info=0 distinct=150 | D_B=n/a cov=0.000 | refines=true | VoidWorkCount(0)
      Spatial Poisson Occ coll=0 fire=0 D_A=n/a info=0 distinct=150 | D_B=n/a cov=0.000 | refines=true | VoidWorkCount(0)
      Spatial Poisson Mom coll=0 fire=0 D_A=n/a info=0 distinct=150 | D_B=n/a cov=0.000 | refines=true | VoidWorkCount(0)
      Spatial Poisson Ene coll=0 fire=0 D_A=n/a info=0 distinct=150 | D_B=n/a cov=0.000 | refines=true | VoidWorkCount(0)
      BlindLabel Exact Occ coll=0 fire=0 D_A=n/a info=0 distinct=150 | D_B=n/a cov=0.000 | refines=true | VoidWorkCount(0)
      BlindLabel Exact Mom coll=0 fire=0 D_A=n/a info=0 distinct=150 | D_B=n/a cov=0.000 | refines=true | VoidWorkCount(0)
      BlindLabel Exact Ene coll=0 fire=0 D_A=n/a info=0 distinct=150 | D_B=n/a cov=0.000 | refines=true | VoidWorkCount(0)
      BlindLabel Poisson Occ coll=0 fire=0 D_A=n/a info=0 distinct=150 | D_B=n/a cov=0.000 | refines=true | VoidWorkCount(0)
      BlindLabel Poisson Mom coll=0 fire=0 D_A=n/a info=0 distinct=150 | D_B=n/a cov=0.000 | refines=true | VoidWorkCount(0)
      BlindLabel Poisson Ene coll=0 fire=0 D_A=n/a info=0 distinct=150 | D_B=n/a cov=0.000 | refines=true | VoidWorkCount(0)
      BlindIndex Exact Occ coll=11175 fire=0 D_A=0.000000 info=150 distinct=1 | D_B=0.000000 cov=1.000 | refines=true | VoidVacuous("no transport: the chart is frozen")
      BlindIndex Exact Mom coll=11175 fire=0 D_A=0.000000 info=150 distinct=1 | D_B=0.000000 cov=1.000 | refines=true | VoidVacuous("no transport: the chart is frozen")
      BlindIndex Exact Ene coll=11175 fire=0 D_A=0.000000 info=150 distinct=1 | D_B=0.000000 cov=1.000 | refines=true | VoidVacuous("no transport: the chart is frozen")
      BlindIndex Poisson Occ coll=11175 fire=0 D_A=0.000000 info=150 distinct=1 | D_B=0.000000 cov=1.000 | refines=true | VoidVacuous("no transport: the chart is frozen")
      BlindIndex Poisson Mom coll=11175 fire=0 D_A=0.000000 info=150 distinct=1 | D_B=0.000000 cov=1.000 | refines=true | VoidVacuous("no transport: the chart is frozen")
      BlindIndex Poisson Ene coll=11175 fire=0 D_A=0.000000 info=150 distinct=1 | D_B=0.000000 cov=1.000 | refines=true | VoidVacuous("no transport: the chart is frozen")
      GlobalRelabel Exact Occ coll=0 fire=0 D_A=n/a info=0 distinct=150 | D_B=n/a cov=0.000 | refines=true | VoidWorkCount(0)
      GlobalRelabel Exact Mom coll=0 fire=0 D_A=n/a info=0 distinct=150 | D_B=n/a cov=0.000 | refines=true | VoidWorkCount(0)
      GlobalRelabel Exact Ene coll=0 fire=0 D_A=n/a info=0 distinct=150 | D_B=n/a cov=0.000 | refines=true | VoidWorkCount(0)
      GlobalRelabel Poisson Occ coll=0 fire=0 D_A=n/a info=0 distinct=150 | D_B=n/a cov=0.000 | refines=true | VoidWorkCount(0)
      GlobalRelabel Poisson Mom coll=0 fire=0 D_A=n/a info=0 distinct=150 | D_B=n/a cov=0.000 | refines=true | VoidWorkCount(0)
      GlobalRelabel Poisson Ene coll=0 fire=0 D_A=n/a info=0 distinct=150 | D_B=n/a cov=0.000 | refines=true | VoidWorkCount(0)
   grid 8x4x4 cells=128 occ=1.000 fluct=0.724 transport=1.0000 dn=1.00  G2 admissible: NO
      Spatial Exact Occ coll=0 fire=0 D_A=n/a info=0 distinct=150 | D_B=n/a cov=0.000 | refines=true | VoidWorkCount(0)
      Spatial Exact Mom coll=0 fire=0 D_A=n/a info=0 distinct=150 | D_B=n/a cov=0.000 | refines=true | VoidWorkCount(0)
      Spatial Exact Ene coll=0 fire=0 D_A=n/a info=0 distinct=150 | D_B=n/a cov=0.000 | refines=true | VoidWorkCount(0)
      Spatial Poisson Occ coll=0 fire=0 D_A=n/a info=0 distinct=150 | D_B=n/a cov=0.000 | refines=true | VoidWorkCount(0)
      Spatial Poisson Mom coll=0 fire=0 D_A=n/a info=0 distinct=150 | D_B=n/a cov=0.000 | refines=true | VoidWorkCount(0)
      Spatial Poisson Ene coll=0 fire=0 D_A=n/a info=0 distinct=150 | D_B=n/a cov=0.000 | refines=true | VoidWorkCount(0)
      BlindLabel Exact Occ coll=0 fire=0 D_A=n/a info=0 distinct=150 | D_B=n/a cov=0.000 | refines=true | VoidWorkCount(0)
      BlindLabel Exact Mom coll=0 fire=0 D_A=n/a info=0 distinct=150 | D_B=n/a cov=0.000 | refines=true | VoidWorkCount(0)
      BlindLabel Exact Ene coll=0 fire=0 D_A=n/a info=0 distinct=150 | D_B=n/a cov=0.000 | refines=true | VoidWorkCount(0)
      BlindLabel Poisson Occ coll=0 fire=0 D_A=n/a info=0 distinct=150 | D_B=n/a cov=0.000 | refines=true | VoidWorkCount(0)
      BlindLabel Poisson Mom coll=0 fire=0 D_A=n/a info=0 distinct=150 | D_B=n/a cov=0.000 | refines=true | VoidWorkCount(0)
      BlindLabel Poisson Ene coll=0 fire=0 D_A=n/a info=0 distinct=150 | D_B=n/a cov=0.000 | refines=true | VoidWorkCount(0)
      BlindIndex Exact Occ coll=11175 fire=0 D_A=0.000000 info=150 distinct=1 | D_B=0.000000 cov=1.000 | refines=true | VoidVacuous("no transport: the chart is frozen")
      BlindIndex Exact Mom coll=11175 fire=0 D_A=0.000000 info=150 distinct=1 | D_B=0.000000 cov=1.000 | refines=true | VoidVacuous("no transport: the chart is frozen")
      BlindIndex Exact Ene coll=11175 fire=0 D_A=0.000000 info=150 distinct=1 | D_B=0.000000 cov=1.000 | refines=true | VoidVacuous("no transport: the chart is frozen")
      BlindIndex Poisson Occ coll=11175 fire=0 D_A=0.000000 info=150 distinct=1 | D_B=0.000000 cov=1.000 | refines=true | VoidVacuous("no transport: the chart is frozen")
      BlindIndex Poisson Mom coll=11175 fire=0 D_A=0.000000 info=150 distinct=1 | D_B=0.000000 cov=1.000 | refines=true | VoidVacuous("no transport: the chart is frozen")
      BlindIndex Poisson Ene coll=11175 fire=0 D_A=0.000000 info=150 distinct=1 | D_B=0.000000 cov=1.000 | refines=true | VoidVacuous("no transport: the chart is frozen")
      GlobalRelabel Exact Occ coll=0 fire=0 D_A=n/a info=0 distinct=150 | D_B=n/a cov=0.000 | refines=true | VoidWorkCount(0)
      GlobalRelabel Exact Mom coll=0 fire=0 D_A=n/a info=0 distinct=150 | D_B=n/a cov=0.000 | refines=true | VoidWorkCount(0)
      GlobalRelabel Exact Ene coll=0 fire=0 D_A=n/a info=0 distinct=150 | D_B=n/a cov=0.000 | refines=true | VoidWorkCount(0)
      GlobalRelabel Poisson Occ coll=0 fire=0 D_A=n/a info=0 distinct=150 | D_B=n/a cov=0.000 | refines=true | VoidWorkCount(0)
      GlobalRelabel Poisson Mom coll=0 fire=0 D_A=n/a info=0 distinct=150 | D_B=n/a cov=0.000 | refines=true | VoidWorkCount(0)
      GlobalRelabel Poisson Ene coll=0 fire=0 D_A=n/a info=0 distinct=150 | D_B=n/a cov=0.000 | refines=true | VoidWorkCount(0)

===== ARM rigid (3 trajectories) =====

-- seed 0x5245504c41434530  n=128 dims=3 frames=151 box=29.6x29.6 species=[8]
   G9a species/arity constant: true
   G9b |p| first=0.000000e0 last=0.000000e0   G9c Ek first=0.000000e0 last=0.000000e0  [ledger leg UNDISCHARGED: the dump carries no forces]
   amendment 1: ladder of 8 grids derived from N=128 dims=3: 1x1x1 2x1x1 2x2x1 2x2x2 4x2x2 4x4x2 4x4x4 8x4x4
   grid 1x1x1 cells=1 occ=128.000 fluct=0.000 transport=0.0000 dn=11.31  G2 admissible: NO
      Spatial Exact Occ coll=11175 fire=0 D_A=0.000000 info=150 distinct=1 | D_B=0.000000 cov=1.000 | refines=true | VoidVacuous("fewer than 2 cells: the fields are the invariants")
      Spatial Exact Mom coll=11175 fire=0 D_A=0.000000 info=150 distinct=1 | D_B=0.000000 cov=1.000 | refines=true | VoidVacuous("fewer than 2 cells: the fields are the invariants")
      Spatial Exact Ene coll=11175 fire=0 D_A=0.000000 info=150 distinct=1 | D_B=0.000000 cov=1.000 | refines=true | VoidVacuous("fewer than 2 cells: the fields are the invariants")
      Spatial Poisson Occ coll=11175 fire=0 D_A=0.000000 info=150 distinct=1 | D_B=0.000000 cov=1.000 | refines=true | VoidVacuous("fewer than 2 cells: the fields are the invariants")
      Spatial Poisson Mom coll=11175 fire=0 D_A=0.000000 info=150 distinct=1 | D_B=0.000000 cov=1.000 | refines=true | VoidVacuous("fewer than 2 cells: the fields are the invariants")
      Spatial Poisson Ene coll=11175 fire=0 D_A=0.000000 info=150 distinct=1 | D_B=0.000000 cov=1.000 | refines=true | VoidVacuous("fewer than 2 cells: the fields are the invariants")
      BlindLabel Exact Occ coll=11175 fire=0 D_A=0.000000 info=150 distinct=1 | D_B=0.000000 cov=1.000 | refines=true | VoidVacuous("fewer than 2 cells: the fields are the invariants")
      BlindLabel Exact Mom coll=11175 fire=0 D_A=0.000000 info=150 distinct=1 | D_B=0.000000 cov=1.000 | refines=true | VoidVacuous("fewer than 2 cells: the fields are the invariants")
      BlindLabel Exact Ene coll=11175 fire=0 D_A=0.000000 info=150 distinct=1 | D_B=0.000000 cov=1.000 | refines=true | VoidVacuous("fewer than 2 cells: the fields are the invariants")
      BlindLabel Poisson Occ coll=11175 fire=0 D_A=0.000000 info=150 distinct=1 | D_B=0.000000 cov=1.000 | refines=true | VoidVacuous("fewer than 2 cells: the fields are the invariants")
      BlindLabel Poisson Mom coll=11175 fire=0 D_A=0.000000 info=150 distinct=1 | D_B=0.000000 cov=1.000 | refines=true | VoidVacuous("fewer than 2 cells: the fields are the invariants")
      BlindLabel Poisson Ene coll=11175 fire=0 D_A=0.000000 info=150 distinct=1 | D_B=0.000000 cov=1.000 | refines=true | VoidVacuous("fewer than 2 cells: the fields are the invariants")
      BlindIndex Exact Occ coll=11175 fire=0 D_A=0.000000 info=150 distinct=1 | D_B=0.000000 cov=1.000 | refines=true | VoidVacuous("fewer than 2 cells: the fields are the invariants")
      BlindIndex Exact Mom coll=11175 fire=0 D_A=0.000000 info=150 distinct=1 | D_B=0.000000 cov=1.000 | refines=true | VoidVacuous("fewer than 2 cells: the fields are the invariants")
      BlindIndex Exact Ene coll=11175 fire=0 D_A=0.000000 info=150 distinct=1 | D_B=0.000000 cov=1.000 | refines=true | VoidVacuous("fewer than 2 cells: the fields are the invariants")
      BlindIndex Poisson Occ coll=11175 fire=0 D_A=0.000000 info=150 distinct=1 | D_B=0.000000 cov=1.000 | refines=true | VoidVacuous("fewer than 2 cells: the fields are the invariants")
      BlindIndex Poisson Mom coll=11175 fire=0 D_A=0.000000 info=150 distinct=1 | D_B=0.000000 cov=1.000 | refines=true | VoidVacuous("fewer than 2 cells: the fields are the invariants")
      BlindIndex Poisson Ene coll=11175 fire=0 D_A=0.000000 info=150 distinct=1 | D_B=0.000000 cov=1.000 | refines=true | VoidVacuous("fewer than 2 cells: the fields are the invariants")
      GlobalRelabel Exact Occ coll=11175 fire=0 D_A=0.000000 info=150 distinct=1 | D_B=0.000000 cov=1.000 | refines=true | VoidVacuous("fewer than 2 cells: the fields are the invariants")
      GlobalRelabel Exact Mom coll=11175 fire=0 D_A=0.000000 info=150 distinct=1 | D_B=0.000000 cov=1.000 | refines=true | VoidVacuous("fewer than 2 cells: the fields are the invariants")
      GlobalRelabel Exact Ene coll=11175 fire=0 D_A=0.000000 info=150 distinct=1 | D_B=0.000000 cov=1.000 | refines=true | VoidVacuous("fewer than 2 cells: the fields are the invariants")
      GlobalRelabel Poisson Occ coll=11175 fire=0 D_A=0.000000 info=150 distinct=1 | D_B=0.000000 cov=1.000 | refines=true | VoidVacuous("fewer than 2 cells: the fields are the invariants")
      GlobalRelabel Poisson Mom coll=11175 fire=0 D_A=0.000000 info=150 distinct=1 | D_B=0.000000 cov=1.000 | refines=true | VoidVacuous("fewer than 2 cells: the fields are the invariants")
      GlobalRelabel Poisson Ene coll=11175 fire=0 D_A=0.000000 info=150 distinct=1 | D_B=0.000000 cov=1.000 | refines=true | VoidVacuous("fewer than 2 cells: the fields are the invariants")
   grid 2x1x1 cells=2 occ=64.000 fluct=0.036 transport=0.6800 dn=8.00  G2 admissible: NO
      Spatial Exact Occ coll=1504 fire=1115 D_A=0.741356 info=150 distinct=10 | D_B=0.611111 cov=0.960 | refines=true | VoidWorkCount(150)
      Spatial Exact Mom coll=1504 fire=1115 D_A=0.741356 info=150 distinct=10 | D_B=0.611111 cov=0.960 | refines=true | VoidWorkCount(150)
      Spatial Exact Ene coll=1504 fire=1115 D_A=0.741356 info=150 distinct=10 | D_B=0.611111 cov=0.960 | refines=true | VoidWorkCount(150)
      Spatial Poisson Occ coll=4758 fire=1455 D_A=0.305801 info=150 distinct=3 | D_B=0.266667 cov=1.000 | refines=true | VoidWorkCount(150)
         witnesses (listing capped at 10, count above is exact): (0,2) (0,109) (2,109)
      Spatial Poisson Mom coll=4758 fire=1455 D_A=0.305801 info=150 distinct=3 | D_B=0.266667 cov=1.000 | refines=true | VoidWorkCount(150)
      Spatial Poisson Ene coll=4758 fire=1455 D_A=0.305801 info=150 distinct=3 | D_B=0.266667 cov=1.000 | refines=true | VoidWorkCount(150)
      BlindLabel Exact Occ coll=1656 fire=1169 D_A=0.705918 info=150 distinct=10 | D_B=0.694444 cov=0.960 | refines=true | VoidWorkCount(150)
      BlindLabel Exact Mom coll=1656 fire=1169 D_A=0.705918 info=150 distinct=10 | D_B=0.694444 cov=0.960 | refines=true | VoidWorkCount(150)
      BlindLabel Exact Ene coll=1656 fire=1169 D_A=0.705918 info=150 distinct=10 | D_B=0.694444 cov=0.960 | refines=true | VoidWorkCount(150)
      BlindLabel Poisson Occ coll=8728 fire=692 D_A=0.079285 info=150 distinct=4 | D_B=0.111111 cov=0.960 | refines=true | VoidWorkCount(150)
         witnesses (listing capped at 10, count above is exact): (0,14) (0,32) (14,32)
      BlindLabel Poisson Mom coll=8728 fire=692 D_A=0.079285 info=150 distinct=4 | D_B=0.111111 cov=0.960 | refines=true | VoidWorkCount(150)
      BlindLabel Poisson Ene coll=8728 fire=692 D_A=0.079285 info=150 distinct=4 | D_B=0.111111 cov=0.960 | refines=true | VoidWorkCount(150)
      BlindIndex Exact Occ coll=11175 fire=0 D_A=0.000000 info=150 distinct=1 | D_B=0.000000 cov=1.000 | refines=true | VoidVacuous("no transport: the chart is frozen")
      BlindIndex Exact Mom coll=11175 fire=0 D_A=0.000000 info=150 distinct=1 | D_B=0.000000 cov=1.000 | refines=true | VoidVacuous("no transport: the chart is frozen")
      BlindIndex Exact Ene coll=11175 fire=0 D_A=0.000000 info=150 distinct=1 | D_B=0.000000 cov=1.000 | refines=true | VoidVacuous("no transport: the chart is frozen")
      BlindIndex Poisson Occ coll=11175 fire=0 D_A=0.000000 info=150 distinct=1 | D_B=0.000000 cov=1.000 | refines=true | VoidVacuous("no transport: the chart is frozen")
      BlindIndex Poisson Mom coll=11175 fire=0 D_A=0.000000 info=150 distinct=1 | D_B=0.000000 cov=1.000 | refines=true | VoidVacuous("no transport: the chart is frozen")
      BlindIndex Poisson Ene coll=11175 fire=0 D_A=0.000000 info=150 distinct=1 | D_B=0.000000 cov=1.000 | refines=true | VoidVacuous("no transport: the chart is frozen")
      GlobalRelabel Exact Occ coll=1504 fire=1115 D_A=0.741356 info=150 distinct=10 | D_B=0.611111 cov=0.960 | refines=true | VoidWorkCount(150)
      GlobalRelabel Exact Mom coll=1504 fire=1115 D_A=0.741356 info=150 distinct=10 | D_B=0.611111 cov=0.960 | refines=true | VoidWorkCount(150)
      GlobalRelabel Exact Ene coll=1504 fire=1115 D_A=0.741356 info=150 distinct=10 | D_B=0.611111 cov=0.960 | refines=true | VoidWorkCount(150)
      GlobalRelabel Poisson Occ coll=4758 fire=1455 D_A=0.305801 info=150 distinct=3 | D_B=0.266667 cov=1.000 | refines=true | VoidWorkCount(150)
         witnesses (listing capped at 10, count above is exact): (0,2) (0,109) (2,109)
      GlobalRelabel Poisson Mom coll=4758 fire=1455 D_A=0.305801 info=150 distinct=3 | D_B=0.266667 cov=1.000 | refines=true | VoidWorkCount(150)
      GlobalRelabel Poisson Ene coll=4758 fire=1455 D_A=0.305801 info=150 distinct=3 | D_B=0.266667 cov=1.000 | refines=true | VoidWorkCount(150)
   grid 2x2x1 cells=4 occ=32.000 fluct=0.067 transport=0.8667 dn=5.66  G2 admissible: NO
      Spatial Exact Occ coll=67 fire=62 D_A=0.925373 info=86 distinct=100 | D_B=0.888889 cov=0.120 | refines=true | VoidWorkCount(86)
      Spatial Exact Mom coll=67 fire=62 D_A=0.925373 info=86 distinct=100 | D_B=0.888889 cov=0.120 | refines=true | VoidWorkCount(86)
      Spatial Exact Ene coll=67 fire=62 D_A=0.925373 info=86 distinct=100 | D_B=0.888889 cov=0.120 | refines=true | VoidWorkCount(86)
      Spatial Poisson Occ coll=1413 fire=805 D_A=0.569710 info=146 distinct=19 | D_B=0.702703 cov=0.493 | refines=true | VoidWorkCount(146)
         witnesses (listing capped at 10, count above is exact): (77,88) (77,89) (77,97)
      Spatial Poisson Mom coll=1413 fire=805 D_A=0.569710 info=146 distinct=19 | D_B=0.702703 cov=0.493 | refines=true | VoidWorkCount(146)
      Spatial Poisson Ene coll=1413 fire=805 D_A=0.569710 info=146 distinct=19 | D_B=0.702703 cov=0.493 | refines=true | VoidWorkCount(146)
      BlindLabel Exact Occ coll=86 fire=83 D_A=0.965116 info=83 distinct=99 | D_B=1.000000 cov=0.187 | refines=true | VoidWorkCount(83)
      BlindLabel Exact Mom coll=86 fire=83 D_A=0.965116 info=83 distinct=99 | D_B=1.000000 cov=0.187 | refines=true | VoidWorkCount(83)
      BlindLabel Exact Ene coll=86 fire=83 D_A=0.965116 info=83 distinct=99 | D_B=1.000000 cov=0.187 | refines=true | VoidWorkCount(83)
      BlindLabel Poisson Occ coll=1690 fire=876 D_A=0.518343 info=146 distinct=18 | D_B=0.431373 cov=0.680 | refines=true | VoidWorkCount(146)
         witnesses (listing capped at 10, count above is exact): (22,24) (22,34) (22,146)
      BlindLabel Poisson Mom coll=1690 fire=876 D_A=0.518343 info=146 distinct=18 | D_B=0.431373 cov=0.680 | refines=true | VoidWorkCount(146)
      BlindLabel Poisson Ene coll=1690 fire=876 D_A=0.518343 info=146 distinct=18 | D_B=0.431373 cov=0.680 | refines=true | VoidWorkCount(146)
      BlindIndex Exact Occ coll=11175 fire=0 D_A=0.000000 info=150 distinct=1 | D_B=0.000000 cov=1.000 | refines=true | VoidVacuous("no transport: the chart is frozen")
      BlindIndex Exact Mom coll=11175 fire=0 D_A=0.000000 info=150 distinct=1 | D_B=0.000000 cov=1.000 | refines=true | VoidVacuous("no transport: the chart is frozen")
      BlindIndex Exact Ene coll=11175 fire=0 D_A=0.000000 info=150 distinct=1 | D_B=0.000000 cov=1.000 | refines=true | VoidVacuous("no transport: the chart is frozen")
      BlindIndex Poisson Occ coll=11175 fire=0 D_A=0.000000 info=150 distinct=1 | D_B=0.000000 cov=1.000 | refines=true | VoidVacuous("no transport: the chart is frozen")
      BlindIndex Poisson Mom coll=11175 fire=0 D_A=0.000000 info=150 distinct=1 | D_B=0.000000 cov=1.000 | refines=true | VoidVacuous("no transport: the chart is frozen")
      BlindIndex Poisson Ene coll=11175 fire=0 D_A=0.000000 info=150 distinct=1 | D_B=0.000000 cov=1.000 | refines=true | VoidVacuous("no transport: the chart is frozen")
      GlobalRelabel Exact Occ coll=67 fire=62 D_A=0.925373 info=86 distinct=100 | D_B=0.888889 cov=0.120 | refines=true | VoidWorkCount(86)
      GlobalRelabel Exact Mom coll=67 fire=62 D_A=0.925373 info=86 distinct=100 | D_B=0.888889 cov=0.120 | refines=true | VoidWorkCount(86)
      GlobalRelabel Exact Ene coll=67 fire=62 D_A=0.925373 info=86 distinct=100 | D_B=0.888889 cov=0.120 | refines=true | VoidWorkCount(86)
      GlobalRelabel Poisson Occ coll=1413 fire=805 D_A=0.569710 info=146 distinct=19 | D_B=0.702703 cov=0.493 | refines=true | VoidWorkCount(146)
         witnesses (listing capped at 10, count above is exact): (31,124) (31,126) (31,130)
      GlobalRelabel Poisson Mom coll=1413 fire=805 D_A=0.569710 info=146 distinct=19 | D_B=0.702703 cov=0.493 | refines=true | VoidWorkCount(146)
      GlobalRelabel Poisson Ene coll=1413 fire=805 D_A=0.569710 info=146 distinct=19 | D_B=0.702703 cov=0.493 | refines=true | VoidWorkCount(146)
   grid 2x2x2 cells=8 occ=16.000 fluct=0.133 transport=0.9733 dn=4.00  G2 admissible: NO
      Spatial Exact Occ coll=5 fire=5 D_A=1.000000 info=10 distinct=145 | D_B=n/a cov=0.000 | refines=true | VoidWorkCount(10)
      Spatial Exact Mom coll=5 fire=5 D_A=1.000000 info=10 distinct=145 | D_B=n/a cov=0.000 | refines=true | VoidWorkCount(10)
      Spatial Exact Ene coll=5 fire=5 D_A=1.000000 info=10 distinct=145 | D_B=n/a cov=0.000 | refines=true | VoidWorkCount(10)
      Spatial Poisson Occ coll=329 fire=232 D_A=0.705167 info=126 distinct=52 | D_B=0.900000 cov=0.267 | refines=true | VoidWorkCount(126)
         witnesses (listing capped at 10, count above is exact): (10,14) (10,15) (10,39)
      Spatial Poisson Mom coll=329 fire=232 D_A=0.705167 info=126 distinct=52 | D_B=0.900000 cov=0.267 | refines=true | VoidWorkCount(126)
      Spatial Poisson Ene coll=329 fire=232 D_A=0.705167 info=126 distinct=52 | D_B=0.900000 cov=0.267 | refines=true | VoidWorkCount(126)
      BlindLabel Exact Occ coll=4 fire=4 D_A=1.000000 info=8 distinct=146 | D_B=n/a cov=0.000 | refines=true | VoidWorkCount(8)
      BlindLabel Exact Mom coll=4 fire=4 D_A=1.000000 info=8 distinct=146 | D_B=n/a cov=0.000 | refines=true | VoidWorkCount(8)
      BlindLabel Exact Ene coll=4 fire=4 D_A=1.000000 info=8 distinct=146 | D_B=n/a cov=0.000 | refines=true | VoidWorkCount(8)
      BlindLabel Poisson Occ coll=163 fire=118 D_A=0.723926 info=101 distinct=81 | D_B=0.944444 cov=0.240 | refines=true | VoidWorkCount(101)
         witnesses (listing capped at 10, count above is exact): (0,101) (0,103) (12,15)
      BlindLabel Poisson Mom coll=163 fire=118 D_A=0.723926 info=101 distinct=81 | D_B=0.944444 cov=0.240 | refines=true | VoidWorkCount(101)
      BlindLabel Poisson Ene coll=163 fire=118 D_A=0.723926 info=101 distinct=81 | D_B=0.944444 cov=0.240 | refines=true | VoidWorkCount(101)
      BlindIndex Exact Occ coll=11175 fire=0 D_A=0.000000 info=150 distinct=1 | D_B=0.000000 cov=1.000 | refines=true | VoidVacuous("no transport: the chart is frozen")
      BlindIndex Exact Mom coll=11175 fire=0 D_A=0.000000 info=150 distinct=1 | D_B=0.000000 cov=1.000 | refines=true | VoidVacuous("no transport: the chart is frozen")
      BlindIndex Exact Ene coll=11175 fire=0 D_A=0.000000 info=150 distinct=1 | D_B=0.000000 cov=1.000 | refines=true | VoidVacuous("no transport: the chart is frozen")
      BlindIndex Poisson Occ coll=11175 fire=0 D_A=0.000000 info=150 distinct=1 | D_B=0.000000 cov=1.000 | refines=true | VoidVacuous("no transport: the chart is frozen")
      BlindIndex Poisson Mom coll=11175 fire=0 D_A=0.000000 info=150 distinct=1 | D_B=0.000000 cov=1.000 | refines=true | VoidVacuous("no transport: the chart is frozen")
      BlindIndex Poisson Ene coll=11175 fire=0 D_A=0.000000 info=150 distinct=1 | D_B=0.000000 cov=1.000 | refines=true | VoidVacuous("no transport: the chart is frozen")
      GlobalRelabel Exact Occ coll=5 fire=5 D_A=1.000000 info=10 distinct=145 | D_B=n/a cov=0.000 | refines=true | VoidWorkCount(10)
      GlobalRelabel Exact Mom coll=5 fire=5 D_A=1.000000 info=10 distinct=145 | D_B=n/a cov=0.000 | refines=true | VoidWorkCount(10)
      GlobalRelabel Exact Ene coll=5 fire=5 D_A=1.000000 info=10 distinct=145 | D_B=n/a cov=0.000 | refines=true | VoidWorkCount(10)
      GlobalRelabel Poisson Occ coll=329 fire=232 D_A=0.705167 info=126 distinct=52 | D_B=0.900000 cov=0.267 | refines=true | VoidWorkCount(126)
         witnesses (listing capped at 10, count above is exact): (5,21) (5,67) (5,76)
      GlobalRelabel Poisson Mom coll=329 fire=232 D_A=0.705167 info=126 distinct=52 | D_B=0.900000 cov=0.267 | refines=true | VoidWorkCount(126)
      GlobalRelabel Poisson Ene coll=329 fire=232 D_A=0.705167 info=126 distinct=52 | D_B=0.900000 cov=0.267 | refines=true | VoidWorkCount(126)
   grid 4x2x2 cells=16 occ=8.000 fluct=0.202 transport=0.9800 dn=2.83  G2 admissible: NO
      Spatial Exact Occ coll=3 fire=3 D_A=1.000000 info=6 distinct=147 | D_B=n/a cov=0.000 | refines=true | VoidWorkCount(6)
      Spatial Exact Mom coll=3 fire=3 D_A=1.000000 info=6 distinct=147 | D_B=n/a cov=0.000 | refines=true | VoidWorkCount(6)
      Spatial Exact Ene coll=3 fire=3 D_A=1.000000 info=6 distinct=147 | D_B=n/a cov=0.000 | refines=true | VoidWorkCount(6)
      Spatial Poisson Occ coll=40 fire=34 D_A=0.850000 info=52 distinct=120 | D_B=n/a cov=0.000 | refines=true | VoidWorkCount(52)
         witnesses (listing capped at 10, count above is exact): (10,12) (23,24) (28,30)
      Spatial Poisson Mom coll=40 fire=34 D_A=0.850000 info=52 distinct=120 | D_B=n/a cov=0.000 | refines=true | VoidWorkCount(52)
      Spatial Poisson Ene coll=40 fire=34 D_A=0.850000 info=52 distinct=120 | D_B=n/a cov=0.000 | refines=true | VoidWorkCount(52)
      BlindLabel Exact Occ coll=3 fire=3 D_A=1.000000 info=6 distinct=147 | D_B=n/a cov=0.000 | refines=true | VoidWorkCount(6)
      BlindLabel Exact Mom coll=3 fire=3 D_A=1.000000 info=6 distinct=147 | D_B=n/a cov=0.000 | refines=true | VoidWorkCount(6)
      BlindLabel Exact Ene coll=3 fire=3 D_A=1.000000 info=6 distinct=147 | D_B=n/a cov=0.000 | refines=true | VoidWorkCount(6)
      BlindLabel Poisson Occ coll=25 fire=23 D_A=0.920000 info=38 distinct=129 | D_B=1.000000 cov=0.013 | refines=true | VoidWorkCount(38)
         witnesses (listing capped at 10, count above is exact): (28,29) (60,61) (73,75)
      BlindLabel Poisson Mom coll=25 fire=23 D_A=0.920000 info=38 distinct=129 | D_B=1.000000 cov=0.013 | refines=true | VoidWorkCount(38)
      BlindLabel Poisson Ene coll=25 fire=23 D_A=0.920000 info=38 distinct=129 | D_B=1.000000 cov=0.013 | refines=true | VoidWorkCount(38)
      BlindIndex Exact Occ coll=11175 fire=0 D_A=0.000000 info=150 distinct=1 | D_B=0.000000 cov=1.000 | refines=true | VoidVacuous("no transport: the chart is frozen")
      BlindIndex Exact Mom coll=11175 fire=0 D_A=0.000000 info=150 distinct=1 | D_B=0.000000 cov=1.000 | refines=true | VoidVacuous("no transport: the chart is frozen")
      BlindIndex Exact Ene coll=11175 fire=0 D_A=0.000000 info=150 distinct=1 | D_B=0.000000 cov=1.000 | refines=true | VoidVacuous("no transport: the chart is frozen")
      BlindIndex Poisson Occ coll=11175 fire=0 D_A=0.000000 info=150 distinct=1 | D_B=0.000000 cov=1.000 | refines=true | VoidVacuous("no transport: the chart is frozen")
      BlindIndex Poisson Mom coll=11175 fire=0 D_A=0.000000 info=150 distinct=1 | D_B=0.000000 cov=1.000 | refines=true | VoidVacuous("no transport: the chart is frozen")
      BlindIndex Poisson Ene coll=11175 fire=0 D_A=0.000000 info=150 distinct=1 | D_B=0.000000 cov=1.000 | refines=true | VoidVacuous("no transport: the chart is frozen")
      GlobalRelabel Exact Occ coll=3 fire=3 D_A=1.000000 info=6 distinct=147 | D_B=n/a cov=0.000 | refines=true | VoidWorkCount(6)
      GlobalRelabel Exact Mom coll=3 fire=3 D_A=1.000000 info=6 distinct=147 | D_B=n/a cov=0.000 | refines=true | VoidWorkCount(6)
      GlobalRelabel Exact Ene coll=3 fire=3 D_A=1.000000 info=6 distinct=147 | D_B=n/a cov=0.000 | refines=true | VoidWorkCount(6)
      GlobalRelabel Poisson Occ coll=40 fire=34 D_A=0.850000 info=52 distinct=120 | D_B=n/a cov=0.000 | refines=true | VoidWorkCount(52)
         witnesses (listing capped at 10, count above is exact): (16,17) (28,30) (64,66)
      GlobalRelabel Poisson Mom coll=40 fire=34 D_A=0.850000 info=52 distinct=120 | D_B=n/a cov=0.000 | refines=true | VoidWorkCount(52)
      GlobalRelabel Poisson Ene coll=40 fire=34 D_A=0.850000 info=52 distinct=120 | D_B=n/a cov=0.000 | refines=true | VoidWorkCount(52)
   grid 4x4x2 cells=32 occ=4.000 fluct=0.294 transport=0.9933 dn=2.00  G2 admissible: NO
      Spatial Exact Occ coll=1 fire=1 D_A=1.000000 info=2 distinct=149 | D_B=n/a cov=0.000 | refines=true | VoidWorkCount(2)
      Spatial Exact Mom coll=1 fire=1 D_A=1.000000 info=2 distinct=149 | D_B=n/a cov=0.000 | refines=true | VoidWorkCount(2)
      Spatial Exact Ene coll=1 fire=1 D_A=1.000000 info=2 distinct=149 | D_B=n/a cov=0.000 | refines=true | VoidWorkCount(2)
      Spatial Poisson Occ coll=4 fire=4 D_A=1.000000 info=8 distinct=146 | D_B=n/a cov=0.000 | refines=true | VoidWorkCount(8)
         witnesses (listing capped at 10, count above is exact): (43,44) (54,55) (102,103)
      Spatial Poisson Mom coll=4 fire=4 D_A=1.000000 info=8 distinct=146 | D_B=n/a cov=0.000 | refines=true | VoidWorkCount(8)
      Spatial Poisson Ene coll=4 fire=4 D_A=1.000000 info=8 distinct=146 | D_B=n/a cov=0.000 | refines=true | VoidWorkCount(8)
      BlindLabel Exact Occ coll=1 fire=1 D_A=1.000000 info=2 distinct=149 | D_B=n/a cov=0.000 | refines=true | VoidWorkCount(2)
      BlindLabel Exact Mom coll=1 fire=1 D_A=1.000000 info=2 distinct=149 | D_B=n/a cov=0.000 | refines=true | VoidWorkCount(2)
      BlindLabel Exact Ene coll=1 fire=1 D_A=1.000000 info=2 distinct=149 | D_B=n/a cov=0.000 | refines=true | VoidWorkCount(2)
      BlindLabel Poisson Occ coll=4 fire=4 D_A=1.000000 info=8 distinct=146 | D_B=n/a cov=0.000 | refines=true | VoidWorkCount(8)
         witnesses (listing capped at 10, count above is exact): (60,61) (68,69) (100,101)
      BlindLabel Poisson Mom coll=4 fire=4 D_A=1.000000 info=8 distinct=146 | D_B=n/a cov=0.000 | refines=true | VoidWorkCount(8)
      BlindLabel Poisson Ene coll=4 fire=4 D_A=1.000000 info=8 distinct=146 | D_B=n/a cov=0.000 | refines=true | VoidWorkCount(8)
      BlindIndex Exact Occ coll=11175 fire=0 D_A=0.000000 info=150 distinct=1 | D_B=0.000000 cov=1.000 | refines=true | VoidVacuous("no transport: the chart is frozen")
      BlindIndex Exact Mom coll=11175 fire=0 D_A=0.000000 info=150 distinct=1 | D_B=0.000000 cov=1.000 | refines=true | VoidVacuous("no transport: the chart is frozen")
      BlindIndex Exact Ene coll=11175 fire=0 D_A=0.000000 info=150 distinct=1 | D_B=0.000000 cov=1.000 | refines=true | VoidVacuous("no transport: the chart is frozen")
      BlindIndex Poisson Occ coll=11175 fire=0 D_A=0.000000 info=150 distinct=1 | D_B=0.000000 cov=1.000 | refines=true | VoidVacuous("no transport: the chart is frozen")
      BlindIndex Poisson Mom coll=11175 fire=0 D_A=0.000000 info=150 distinct=1 | D_B=0.000000 cov=1.000 | refines=true | VoidVacuous("no transport: the chart is frozen")
      BlindIndex Poisson Ene coll=11175 fire=0 D_A=0.000000 info=150 distinct=1 | D_B=0.000000 cov=1.000 | refines=true | VoidVacuous("no transport: the chart is frozen")
      GlobalRelabel Exact Occ coll=1 fire=1 D_A=1.000000 info=2 distinct=149 | D_B=n/a cov=0.000 | refines=true | VoidWorkCount(2)
      GlobalRelabel Exact Mom coll=1 fire=1 D_A=1.000000 info=2 distinct=149 | D_B=n/a cov=0.000 | refines=true | VoidWorkCount(2)
      GlobalRelabel Exact Ene coll=1 fire=1 D_A=1.000000 info=2 distinct=149 | D_B=n/a cov=0.000 | refines=true | VoidWorkCount(2)
      GlobalRelabel Poisson Occ coll=4 fire=4 D_A=1.000000 info=8 distinct=146 | D_B=n/a cov=0.000 | refines=true | VoidWorkCount(8)
         witnesses (listing capped at 10, count above is exact): (43,44) (54,55) (102,103)
      GlobalRelabel Poisson Mom coll=4 fire=4 D_A=1.000000 info=8 distinct=146 | D_B=n/a cov=0.000 | refines=true | VoidWorkCount(8)
      GlobalRelabel Poisson Ene coll=4 fire=4 D_A=1.000000 info=8 distinct=146 | D_B=n/a cov=0.000 | refines=true | VoidWorkCount(8)
   grid 4x4x4 cells=64 occ=2.000 fluct=0.425 transport=0.9933 dn=1.41  G2 admissible: NO
      Spatial Exact Occ coll=1 fire=1 D_A=1.000000 info=2 distinct=149 | D_B=n/a cov=0.000 | refines=true | VoidWorkCount(2)
      Spatial Exact Mom coll=1 fire=1 D_A=1.000000 info=2 distinct=149 | D_B=n/a cov=0.000 | refines=true | VoidWorkCount(2)
      Spatial Exact Ene coll=1 fire=1 D_A=1.000000 info=2 distinct=149 | D_B=n/a cov=0.000 | refines=true | VoidWorkCount(2)
      Spatial Poisson Occ coll=2 fire=2 D_A=1.000000 info=4 distinct=148 | D_B=n/a cov=0.000 | refines=true | VoidWorkCount(4)
         witnesses (listing capped at 10, count above is exact): (2,3) (114,115)
      Spatial Poisson Mom coll=2 fire=2 D_A=1.000000 info=4 distinct=148 | D_B=n/a cov=0.000 | refines=true | VoidWorkCount(4)
      Spatial Poisson Ene coll=2 fire=2 D_A=1.000000 info=4 distinct=148 | D_B=n/a cov=0.000 | refines=true | VoidWorkCount(4)
      BlindLabel Exact Occ coll=1 fire=1 D_A=1.000000 info=2 distinct=149 | D_B=n/a cov=0.000 | refines=true | VoidWorkCount(2)
      BlindLabel Exact Mom coll=1 fire=1 D_A=1.000000 info=2 distinct=149 | D_B=n/a cov=0.000 | refines=true | VoidWorkCount(2)
      BlindLabel Exact Ene coll=1 fire=1 D_A=1.000000 info=2 distinct=149 | D_B=n/a cov=0.000 | refines=true | VoidWorkCount(2)
      BlindLabel Poisson Occ coll=1 fire=1 D_A=1.000000 info=2 distinct=149 | D_B=n/a cov=0.000 | refines=true | VoidWorkCount(2)
         witnesses (listing capped at 10, count above is exact): (114,115)
      BlindLabel Poisson Mom coll=1 fire=1 D_A=1.000000 info=2 distinct=149 | D_B=n/a cov=0.000 | refines=true | VoidWorkCount(2)
      BlindLabel Poisson Ene coll=1 fire=1 D_A=1.000000 info=2 distinct=149 | D_B=n/a cov=0.000 | refines=true | VoidWorkCount(2)
      BlindIndex Exact Occ coll=11175 fire=0 D_A=0.000000 info=150 distinct=1 | D_B=0.000000 cov=1.000 | refines=true | VoidVacuous("no transport: the chart is frozen")
      BlindIndex Exact Mom coll=11175 fire=0 D_A=0.000000 info=150 distinct=1 | D_B=0.000000 cov=1.000 | refines=true | VoidVacuous("no transport: the chart is frozen")
      BlindIndex Exact Ene coll=11175 fire=0 D_A=0.000000 info=150 distinct=1 | D_B=0.000000 cov=1.000 | refines=true | VoidVacuous("no transport: the chart is frozen")
      BlindIndex Poisson Occ coll=11175 fire=0 D_A=0.000000 info=150 distinct=1 | D_B=0.000000 cov=1.000 | refines=true | VoidVacuous("no transport: the chart is frozen")
      BlindIndex Poisson Mom coll=11175 fire=0 D_A=0.000000 info=150 distinct=1 | D_B=0.000000 cov=1.000 | refines=true | VoidVacuous("no transport: the chart is frozen")
      BlindIndex Poisson Ene coll=11175 fire=0 D_A=0.000000 info=150 distinct=1 | D_B=0.000000 cov=1.000 | refines=true | VoidVacuous("no transport: the chart is frozen")
      GlobalRelabel Exact Occ coll=1 fire=1 D_A=1.000000 info=2 distinct=149 | D_B=n/a cov=0.000 | refines=true | VoidWorkCount(2)
      GlobalRelabel Exact Mom coll=1 fire=1 D_A=1.000000 info=2 distinct=149 | D_B=n/a cov=0.000 | refines=true | VoidWorkCount(2)
      GlobalRelabel Exact Ene coll=1 fire=1 D_A=1.000000 info=2 distinct=149 | D_B=n/a cov=0.000 | refines=true | VoidWorkCount(2)
      GlobalRelabel Poisson Occ coll=2 fire=2 D_A=1.000000 info=4 distinct=148 | D_B=n/a cov=0.000 | refines=true | VoidWorkCount(4)
         witnesses (listing capped at 10, count above is exact): (2,3) (114,115)
      GlobalRelabel Poisson Mom coll=2 fire=2 D_A=1.000000 info=4 distinct=148 | D_B=n/a cov=0.000 | refines=true | VoidWorkCount(4)
      GlobalRelabel Poisson Ene coll=2 fire=2 D_A=1.000000 info=4 distinct=148 | D_B=n/a cov=0.000 | refines=true | VoidWorkCount(4)
   grid 8x4x4 cells=128 occ=1.000 fluct=0.725 transport=1.0000 dn=1.00  G2 admissible: NO
      Spatial Exact Occ coll=0 fire=0 D_A=n/a info=0 distinct=150 | D_B=n/a cov=0.000 | refines=true | VoidWorkCount(0)
      Spatial Exact Mom coll=0 fire=0 D_A=n/a info=0 distinct=150 | D_B=n/a cov=0.000 | refines=true | VoidWorkCount(0)
      Spatial Exact Ene coll=0 fire=0 D_A=n/a info=0 distinct=150 | D_B=n/a cov=0.000 | refines=true | VoidWorkCount(0)
      Spatial Poisson Occ coll=0 fire=0 D_A=n/a info=0 distinct=150 | D_B=n/a cov=0.000 | refines=true | VoidWorkCount(0)
      Spatial Poisson Mom coll=0 fire=0 D_A=n/a info=0 distinct=150 | D_B=n/a cov=0.000 | refines=true | VoidWorkCount(0)
      Spatial Poisson Ene coll=0 fire=0 D_A=n/a info=0 distinct=150 | D_B=n/a cov=0.000 | refines=true | VoidWorkCount(0)
      BlindLabel Exact Occ coll=0 fire=0 D_A=n/a info=0 distinct=150 | D_B=n/a cov=0.000 | refines=true | VoidWorkCount(0)
      BlindLabel Exact Mom coll=0 fire=0 D_A=n/a info=0 distinct=150 | D_B=n/a cov=0.000 | refines=true | VoidWorkCount(0)
      BlindLabel Exact Ene coll=0 fire=0 D_A=n/a info=0 distinct=150 | D_B=n/a cov=0.000 | refines=true | VoidWorkCount(0)
      BlindLabel Poisson Occ coll=0 fire=0 D_A=n/a info=0 distinct=150 | D_B=n/a cov=0.000 | refines=true | VoidWorkCount(0)
      BlindLabel Poisson Mom coll=0 fire=0 D_A=n/a info=0 distinct=150 | D_B=n/a cov=0.000 | refines=true | VoidWorkCount(0)
      BlindLabel Poisson Ene coll=0 fire=0 D_A=n/a info=0 distinct=150 | D_B=n/a cov=0.000 | refines=true | VoidWorkCount(0)
      BlindIndex Exact Occ coll=11175 fire=0 D_A=0.000000 info=150 distinct=1 | D_B=0.000000 cov=1.000 | refines=true | VoidVacuous("no transport: the chart is frozen")
      BlindIndex Exact Mom coll=11175 fire=0 D_A=0.000000 info=150 distinct=1 | D_B=0.000000 cov=1.000 | refines=true | VoidVacuous("no transport: the chart is frozen")
      BlindIndex Exact Ene coll=11175 fire=0 D_A=0.000000 info=150 distinct=1 | D_B=0.000000 cov=1.000 | refines=true | VoidVacuous("no transport: the chart is frozen")
      BlindIndex Poisson Occ coll=11175 fire=0 D_A=0.000000 info=150 distinct=1 | D_B=0.000000 cov=1.000 | refines=true | VoidVacuous("no transport: the chart is frozen")
      BlindIndex Poisson Mom coll=11175 fire=0 D_A=0.000000 info=150 distinct=1 | D_B=0.000000 cov=1.000 | refines=true | VoidVacuous("no transport: the chart is frozen")
      BlindIndex Poisson Ene coll=11175 fire=0 D_A=0.000000 info=150 distinct=1 | D_B=0.000000 cov=1.000 | refines=true | VoidVacuous("no transport: the chart is frozen")
      GlobalRelabel Exact Occ coll=0 fire=0 D_A=n/a info=0 distinct=150 | D_B=n/a cov=0.000 | refines=true | VoidWorkCount(0)
      GlobalRelabel Exact Mom coll=0 fire=0 D_A=n/a info=0 distinct=150 | D_B=n/a cov=0.000 | refines=true | VoidWorkCount(0)
      GlobalRelabel Exact Ene coll=0 fire=0 D_A=n/a info=0 distinct=150 | D_B=n/a cov=0.000 | refines=true | VoidWorkCount(0)
      GlobalRelabel Poisson Occ coll=0 fire=0 D_A=n/a info=0 distinct=150 | D_B=n/a cov=0.000 | refines=true | VoidWorkCount(0)
      GlobalRelabel Poisson Mom coll=0 fire=0 D_A=n/a info=0 distinct=150 | D_B=n/a cov=0.000 | refines=true | VoidWorkCount(0)
      GlobalRelabel Poisson Ene coll=0 fire=0 D_A=n/a info=0 distinct=150 | D_B=n/a cov=0.000 | refines=true | VoidWorkCount(0)

-- seed 0x5245504c41434531  n=128 dims=3 frames=151 box=29.6x29.6 species=[8]
   G9a species/arity constant: true
   G9b |p| first=0.000000e0 last=0.000000e0   G9c Ek first=0.000000e0 last=0.000000e0  [ledger leg UNDISCHARGED: the dump carries no forces]
   amendment 1: ladder of 8 grids derived from N=128 dims=3: 1x1x1 2x1x1 2x2x1 2x2x2 4x2x2 4x4x2 4x4x4 8x4x4
   grid 1x1x1 cells=1 occ=128.000 fluct=0.000 transport=0.0000 dn=11.31  G2 admissible: NO
      Spatial Exact Occ coll=11175 fire=0 D_A=0.000000 info=150 distinct=1 | D_B=0.000000 cov=1.000 | refines=true | VoidVacuous("fewer than 2 cells: the fields are the invariants")
      Spatial Exact Mom coll=11175 fire=0 D_A=0.000000 info=150 distinct=1 | D_B=0.000000 cov=1.000 | refines=true | VoidVacuous("fewer than 2 cells: the fields are the invariants")
      Spatial Exact Ene coll=11175 fire=0 D_A=0.000000 info=150 distinct=1 | D_B=0.000000 cov=1.000 | refines=true | VoidVacuous("fewer than 2 cells: the fields are the invariants")
      Spatial Poisson Occ coll=11175 fire=0 D_A=0.000000 info=150 distinct=1 | D_B=0.000000 cov=1.000 | refines=true | VoidVacuous("fewer than 2 cells: the fields are the invariants")
      Spatial Poisson Mom coll=11175 fire=0 D_A=0.000000 info=150 distinct=1 | D_B=0.000000 cov=1.000 | refines=true | VoidVacuous("fewer than 2 cells: the fields are the invariants")
      Spatial Poisson Ene coll=11175 fire=0 D_A=0.000000 info=150 distinct=1 | D_B=0.000000 cov=1.000 | refines=true | VoidVacuous("fewer than 2 cells: the fields are the invariants")
      BlindLabel Exact Occ coll=11175 fire=0 D_A=0.000000 info=150 distinct=1 | D_B=0.000000 cov=1.000 | refines=true | VoidVacuous("fewer than 2 cells: the fields are the invariants")
      BlindLabel Exact Mom coll=11175 fire=0 D_A=0.000000 info=150 distinct=1 | D_B=0.000000 cov=1.000 | refines=true | VoidVacuous("fewer than 2 cells: the fields are the invariants")
      BlindLabel Exact Ene coll=11175 fire=0 D_A=0.000000 info=150 distinct=1 | D_B=0.000000 cov=1.000 | refines=true | VoidVacuous("fewer than 2 cells: the fields are the invariants")
      BlindLabel Poisson Occ coll=11175 fire=0 D_A=0.000000 info=150 distinct=1 | D_B=0.000000 cov=1.000 | refines=true | VoidVacuous("fewer than 2 cells: the fields are the invariants")
      BlindLabel Poisson Mom coll=11175 fire=0 D_A=0.000000 info=150 distinct=1 | D_B=0.000000 cov=1.000 | refines=true | VoidVacuous("fewer than 2 cells: the fields are the invariants")
      BlindLabel Poisson Ene coll=11175 fire=0 D_A=0.000000 info=150 distinct=1 | D_B=0.000000 cov=1.000 | refines=true | VoidVacuous("fewer than 2 cells: the fields are the invariants")
      BlindIndex Exact Occ coll=11175 fire=0 D_A=0.000000 info=150 distinct=1 | D_B=0.000000 cov=1.000 | refines=true | VoidVacuous("fewer than 2 cells: the fields are the invariants")
      BlindIndex Exact Mom coll=11175 fire=0 D_A=0.000000 info=150 distinct=1 | D_B=0.000000 cov=1.000 | refines=true | VoidVacuous("fewer than 2 cells: the fields are the invariants")
      BlindIndex Exact Ene coll=11175 fire=0 D_A=0.000000 info=150 distinct=1 | D_B=0.000000 cov=1.000 | refines=true | VoidVacuous("fewer than 2 cells: the fields are the invariants")
      BlindIndex Poisson Occ coll=11175 fire=0 D_A=0.000000 info=150 distinct=1 | D_B=0.000000 cov=1.000 | refines=true | VoidVacuous("fewer than 2 cells: the fields are the invariants")
      BlindIndex Poisson Mom coll=11175 fire=0 D_A=0.000000 info=150 distinct=1 | D_B=0.000000 cov=1.000 | refines=true | VoidVacuous("fewer than 2 cells: the fields are the invariants")
      BlindIndex Poisson Ene coll=11175 fire=0 D_A=0.000000 info=150 distinct=1 | D_B=0.000000 cov=1.000 | refines=true | VoidVacuous("fewer than 2 cells: the fields are the invariants")
      GlobalRelabel Exact Occ coll=11175 fire=0 D_A=0.000000 info=150 distinct=1 | D_B=0.000000 cov=1.000 | refines=true | VoidVacuous("fewer than 2 cells: the fields are the invariants")
      GlobalRelabel Exact Mom coll=11175 fire=0 D_A=0.000000 info=150 distinct=1 | D_B=0.000000 cov=1.000 | refines=true | VoidVacuous("fewer than 2 cells: the fields are the invariants")
      GlobalRelabel Exact Ene coll=11175 fire=0 D_A=0.000000 info=150 distinct=1 | D_B=0.000000 cov=1.000 | refines=true | VoidVacuous("fewer than 2 cells: the fields are the invariants")
      GlobalRelabel Poisson Occ coll=11175 fire=0 D_A=0.000000 info=150 distinct=1 | D_B=0.000000 cov=1.000 | refines=true | VoidVacuous("fewer than 2 cells: the fields are the invariants")
      GlobalRelabel Poisson Mom coll=11175 fire=0 D_A=0.000000 info=150 distinct=1 | D_B=0.000000 cov=1.000 | refines=true | VoidVacuous("fewer than 2 cells: the fields are the invariants")
      GlobalRelabel Poisson Ene coll=11175 fire=0 D_A=0.000000 info=150 distinct=1 | D_B=0.000000 cov=1.000 | refines=true | VoidVacuous("fewer than 2 cells: the fields are the invariants")
   grid 2x1x1 cells=2 occ=64.000 fluct=0.035 transport=0.6867 dn=8.00  G2 admissible: NO
      Spatial Exact Occ coll=1520 fire=1038 D_A=0.682895 info=150 distinct=10 | D_B=0.769231 cov=0.693 | refines=true | VoidWorkCount(150)
      Spatial Exact Mom coll=1520 fire=1038 D_A=0.682895 info=150 distinct=10 | D_B=0.769231 cov=0.693 | refines=true | VoidWorkCount(150)
      Spatial Exact Ene coll=1520 fire=1038 D_A=0.682895 info=150 distinct=10 | D_B=0.769231 cov=0.693 | refines=true | VoidWorkCount(150)
      Spatial Poisson Occ coll=4156 fire=1347 D_A=0.324110 info=150 distinct=3 | D_B=0.106667 cov=1.000 | refines=true | VoidWorkCount(150)
         witnesses (listing capped at 10, count above is exact): (0,2) (0,16) (2,16)
      Spatial Poisson Mom coll=4156 fire=1347 D_A=0.324110 info=150 distinct=3 | D_B=0.106667 cov=1.000 | refines=true | VoidWorkCount(150)
      Spatial Poisson Ene coll=4156 fire=1347 D_A=0.324110 info=150 distinct=3 | D_B=0.106667 cov=1.000 | refines=true | VoidWorkCount(150)
      BlindLabel Exact Occ coll=1230 fire=847 D_A=0.688618 info=148 distinct=11 | D_B=0.870370 cov=0.720 | refines=true | VoidWorkCount(148)
      BlindLabel Exact Mom coll=1230 fire=847 D_A=0.688618 info=148 distinct=11 | D_B=0.870370 cov=0.720 | refines=true | VoidWorkCount(148)
      BlindLabel Exact Ene coll=1230 fire=847 D_A=0.688618 info=148 distinct=11 | D_B=0.870370 cov=0.720 | refines=true | VoidWorkCount(148)
      BlindLabel Poisson Occ coll=5404 fire=1274 D_A=0.235751 info=150 distinct=3 | D_B=0.600000 cov=1.000 | refines=true | VoidWorkCount(150)
         witnesses (listing capped at 10, count above is exact): (0,11) (0,18) (11,18)
      BlindLabel Poisson Mom coll=5404 fire=1274 D_A=0.235751 info=150 distinct=3 | D_B=0.600000 cov=1.000 | refines=true | VoidWorkCount(150)
      BlindLabel Poisson Ene coll=5404 fire=1274 D_A=0.235751 info=150 distinct=3 | D_B=0.600000 cov=1.000 | refines=true | VoidWorkCount(150)
      BlindIndex Exact Occ coll=11175 fire=0 D_A=0.000000 info=150 distinct=1 | D_B=0.000000 cov=1.000 | refines=true | VoidVacuous("no transport: the chart is frozen")
      BlindIndex Exact Mom coll=11175 fire=0 D_A=0.000000 info=150 distinct=1 | D_B=0.000000 cov=1.000 | refines=true | VoidVacuous("no transport: the chart is frozen")
      BlindIndex Exact Ene coll=11175 fire=0 D_A=0.000000 info=150 distinct=1 | D_B=0.000000 cov=1.000 | refines=true | VoidVacuous("no transport: the chart is frozen")
      BlindIndex Poisson Occ coll=11175 fire=0 D_A=0.000000 info=150 distinct=1 | D_B=0.000000 cov=1.000 | refines=true | VoidVacuous("no transport: the chart is frozen")
      BlindIndex Poisson Mom coll=11175 fire=0 D_A=0.000000 info=150 distinct=1 | D_B=0.000000 cov=1.000 | refines=true | VoidVacuous("no transport: the chart is frozen")
      BlindIndex Poisson Ene coll=11175 fire=0 D_A=0.000000 info=150 distinct=1 | D_B=0.000000 cov=1.000 | refines=true | VoidVacuous("no transport: the chart is frozen")
      GlobalRelabel Exact Occ coll=1520 fire=1038 D_A=0.682895 info=150 distinct=10 | D_B=0.769231 cov=0.693 | refines=true | VoidWorkCount(150)
      GlobalRelabel Exact Mom coll=1520 fire=1038 D_A=0.682895 info=150 distinct=10 | D_B=0.769231 cov=0.693 | refines=true | VoidWorkCount(150)
      GlobalRelabel Exact Ene coll=1520 fire=1038 D_A=0.682895 info=150 distinct=10 | D_B=0.769231 cov=0.693 | refines=true | VoidWorkCount(150)
      GlobalRelabel Poisson Occ coll=4156 fire=1347 D_A=0.324110 info=150 distinct=3 | D_B=0.106667 cov=1.000 | refines=true | VoidWorkCount(150)
         witnesses (listing capped at 10, count above is exact): (0,2) (0,16) (2,16)
      GlobalRelabel Poisson Mom coll=4156 fire=1347 D_A=0.324110 info=150 distinct=3 | D_B=0.106667 cov=1.000 | refines=true | VoidWorkCount(150)
      GlobalRelabel Poisson Ene coll=4156 fire=1347 D_A=0.324110 info=150 distinct=3 | D_B=0.106667 cov=1.000 | refines=true | VoidWorkCount(150)
   grid 2x2x1 cells=4 occ=32.000 fluct=0.067 transport=0.9133 dn=5.66  G2 admissible: NO
      Spatial Exact Occ coll=58 fire=56 D_A=0.965517 info=76 distinct=107 | D_B=1.000000 cov=0.147 | refines=true | VoidWorkCount(76)
      Spatial Exact Mom coll=58 fire=56 D_A=0.965517 info=76 distinct=107 | D_B=1.000000 cov=0.147 | refines=true | VoidWorkCount(76)
      Spatial Exact Ene coll=58 fire=56 D_A=0.965517 info=76 distinct=107 | D_B=1.000000 cov=0.147 | refines=true | VoidWorkCount(76)
      Spatial Poisson Occ coll=1660 fire=971 D_A=0.584940 info=148 distinct=18 | D_B=0.360000 cov=0.667 | refines=true | VoidWorkCount(148)
         witnesses (listing capped at 10, count above is exact): (7,8) (7,34) (7,36)
      Spatial Poisson Mom coll=1660 fire=971 D_A=0.584940 info=148 distinct=18 | D_B=0.360000 cov=0.667 | refines=true | VoidWorkCount(148)
      Spatial Poisson Ene coll=1660 fire=971 D_A=0.584940 info=148 distinct=18 | D_B=0.360000 cov=0.667 | refines=true | VoidWorkCount(148)
      BlindLabel Exact Occ coll=37 fire=35 D_A=0.945946 info=55 distinct=120 | D_B=1.000000 cov=0.013 | refines=true | VoidWorkCount(55)
      BlindLabel Exact Mom coll=37 fire=35 D_A=0.945946 info=55 distinct=120 | D_B=1.000000 cov=0.013 | refines=true | VoidWorkCount(55)
      BlindLabel Exact Ene coll=37 fire=35 D_A=0.945946 info=55 distinct=120 | D_B=1.000000 cov=0.013 | refines=true | VoidWorkCount(55)
      BlindLabel Poisson Occ coll=848 fire=552 D_A=0.650943 info=140 distinct=29 | D_B=0.928571 cov=0.187 | refines=true | VoidWorkCount(140)
         witnesses (listing capped at 10, count above is exact): (3,24) (21,75) (39,42)
      BlindLabel Poisson Mom coll=848 fire=552 D_A=0.650943 info=140 distinct=29 | D_B=0.928571 cov=0.187 | refines=true | VoidWorkCount(140)
      BlindLabel Poisson Ene coll=848 fire=552 D_A=0.650943 info=140 distinct=29 | D_B=0.928571 cov=0.187 | refines=true | VoidWorkCount(140)
      BlindIndex Exact Occ coll=11175 fire=0 D_A=0.000000 info=150 distinct=1 | D_B=0.000000 cov=1.000 | refines=true | VoidVacuous("no transport: the chart is frozen")
      BlindIndex Exact Mom coll=11175 fire=0 D_A=0.000000 info=150 distinct=1 | D_B=0.000000 cov=1.000 | refines=true | VoidVacuous("no transport: the chart is frozen")
      BlindIndex Exact Ene coll=11175 fire=0 D_A=0.000000 info=150 distinct=1 | D_B=0.000000 cov=1.000 | refines=true | VoidVacuous("no transport: the chart is frozen")
      BlindIndex Poisson Occ coll=11175 fire=0 D_A=0.000000 info=150 distinct=1 | D_B=0.000000 cov=1.000 | refines=true | VoidVacuous("no transport: the chart is frozen")
      BlindIndex Poisson Mom coll=11175 fire=0 D_A=0.000000 info=150 distinct=1 | D_B=0.000000 cov=1.000 | refines=true | VoidVacuous("no transport: the chart is frozen")
      BlindIndex Poisson Ene coll=11175 fire=0 D_A=0.000000 info=150 distinct=1 | D_B=0.000000 cov=1.000 | refines=true | VoidVacuous("no transport: the chart is frozen")
      GlobalRelabel Exact Occ coll=58 fire=56 D_A=0.965517 info=76 distinct=107 | D_B=1.000000 cov=0.147 | refines=true | VoidWorkCount(76)
      GlobalRelabel Exact Mom coll=58 fire=56 D_A=0.965517 info=76 distinct=107 | D_B=1.000000 cov=0.147 | refines=true | VoidWorkCount(76)
      GlobalRelabel Exact Ene coll=58 fire=56 D_A=0.965517 info=76 distinct=107 | D_B=1.000000 cov=0.147 | refines=true | VoidWorkCount(76)
      GlobalRelabel Poisson Occ coll=1660 fire=971 D_A=0.584940 info=148 distinct=18 | D_B=0.360000 cov=0.667 | refines=true | VoidWorkCount(148)
         witnesses (listing capped at 10, count above is exact): (6,73) (78,79) (78,123)
      GlobalRelabel Poisson Mom coll=1660 fire=971 D_A=0.584940 info=148 distinct=18 | D_B=0.360000 cov=0.667 | refines=true | VoidWorkCount(148)
      GlobalRelabel Poisson Ene coll=1660 fire=971 D_A=0.584940 info=148 distinct=18 | D_B=0.360000 cov=0.667 | refines=true | VoidWorkCount(148)
   grid 2x2x2 cells=8 occ=16.000 fluct=0.109 transport=0.9600 dn=4.00  G2 admissible: NO
      Spatial Exact Occ coll=8 fire=8 D_A=1.000000 info=16 distinct=142 | D_B=n/a cov=0.000 | refines=true | VoidWorkCount(16)
      Spatial Exact Mom coll=8 fire=8 D_A=1.000000 info=16 distinct=142 | D_B=n/a cov=0.000 | refines=true | VoidWorkCount(16)
      Spatial Exact Ene coll=8 fire=8 D_A=1.000000 info=16 distinct=142 | D_B=n/a cov=0.000 | refines=true | VoidWorkCount(16)
      Spatial Poisson Occ coll=231 fire=125 D_A=0.541126 info=104 distinct=78 | D_B=0.857143 cov=0.093 | refines=true | VoidWorkCount(104)
         witnesses (listing capped at 10, count above is exact): (28,30) (28,34) (75,78)
      Spatial Poisson Mom coll=231 fire=125 D_A=0.541126 info=104 distinct=78 | D_B=0.857143 cov=0.093 | refines=true | VoidWorkCount(104)
      Spatial Poisson Ene coll=231 fire=125 D_A=0.541126 info=104 distinct=78 | D_B=0.857143 cov=0.093 | refines=true | VoidWorkCount(104)
      BlindLabel Exact Occ coll=6 fire=6 D_A=1.000000 info=12 distinct=144 | D_B=n/a cov=0.000 | refines=true | VoidWorkCount(12)
      BlindLabel Exact Mom coll=6 fire=6 D_A=1.000000 info=12 distinct=144 | D_B=n/a cov=0.000 | refines=true | VoidWorkCount(12)
      BlindLabel Exact Ene coll=6 fire=6 D_A=1.000000 info=12 distinct=144 | D_B=n/a cov=0.000 | refines=true | VoidWorkCount(12)
      BlindLabel Poisson Occ coll=164 fire=124 D_A=0.756098 info=99 distinct=84 | D_B=1.000000 cov=0.160 | refines=true | VoidWorkCount(99)
         witnesses (listing capped at 10, count above is exact): (4,5) (17,19) (24,27)
      BlindLabel Poisson Mom coll=164 fire=124 D_A=0.756098 info=99 distinct=84 | D_B=1.000000 cov=0.160 | refines=true | VoidWorkCount(99)
      BlindLabel Poisson Ene coll=164 fire=124 D_A=0.756098 info=99 distinct=84 | D_B=1.000000 cov=0.160 | refines=true | VoidWorkCount(99)
      BlindIndex Exact Occ coll=11175 fire=0 D_A=0.000000 info=150 distinct=1 | D_B=0.000000 cov=1.000 | refines=true | VoidVacuous("no transport: the chart is frozen")
      BlindIndex Exact Mom coll=11175 fire=0 D_A=0.000000 info=150 distinct=1 | D_B=0.000000 cov=1.000 | refines=true | VoidVacuous("no transport: the chart is frozen")
      BlindIndex Exact Ene coll=11175 fire=0 D_A=0.000000 info=150 distinct=1 | D_B=0.000000 cov=1.000 | refines=true | VoidVacuous("no transport: the chart is frozen")
      BlindIndex Poisson Occ coll=11175 fire=0 D_A=0.000000 info=150 distinct=1 | D_B=0.000000 cov=1.000 | refines=true | VoidVacuous("no transport: the chart is frozen")
      BlindIndex Poisson Mom coll=11175 fire=0 D_A=0.000000 info=150 distinct=1 | D_B=0.000000 cov=1.000 | refines=true | VoidVacuous("no transport: the chart is frozen")
      BlindIndex Poisson Ene coll=11175 fire=0 D_A=0.000000 info=150 distinct=1 | D_B=0.000000 cov=1.000 | refines=true | VoidVacuous("no transport: the chart is frozen")
      GlobalRelabel Exact Occ coll=8 fire=8 D_A=1.000000 info=16 distinct=142 | D_B=n/a cov=0.000 | refines=true | VoidWorkCount(16)
      GlobalRelabel Exact Mom coll=8 fire=8 D_A=1.000000 info=16 distinct=142 | D_B=n/a cov=0.000 | refines=true | VoidWorkCount(16)
      GlobalRelabel Exact Ene coll=8 fire=8 D_A=1.000000 info=16 distinct=142 | D_B=n/a cov=0.000 | refines=true | VoidWorkCount(16)
      GlobalRelabel Poisson Occ coll=231 fire=125 D_A=0.541126 info=104 distinct=78 | D_B=0.714286 cov=0.093 | refines=true | VoidWorkCount(104)
         witnesses (listing capped at 10, count above is exact): (15,18) (15,100) (18,100)
      GlobalRelabel Poisson Mom coll=231 fire=125 D_A=0.541126 info=104 distinct=78 | D_B=0.714286 cov=0.093 | refines=true | VoidWorkCount(104)
      GlobalRelabel Poisson Ene coll=231 fire=125 D_A=0.541126 info=104 distinct=78 | D_B=0.714286 cov=0.093 | refines=true | VoidWorkCount(104)
   grid 4x2x2 cells=16 occ=8.000 fluct=0.179 transport=0.9800 dn=2.83  G2 admissible: NO
      Spatial Exact Occ coll=3 fire=3 D_A=1.000000 info=6 distinct=147 | D_B=n/a cov=0.000 | refines=true | VoidWorkCount(6)
      Spatial Exact Mom coll=3 fire=3 D_A=1.000000 info=6 distinct=147 | D_B=n/a cov=0.000 | refines=true | VoidWorkCount(6)
      Spatial Exact Ene coll=3 fire=3 D_A=1.000000 info=6 distinct=147 | D_B=n/a cov=0.000 | refines=true | VoidWorkCount(6)
      Spatial Poisson Occ coll=16 fire=14 D_A=0.875000 info=26 distinct=136 | D_B=n/a cov=0.000 | refines=true | VoidWorkCount(26)
         witnesses (listing capped at 10, count above is exact): (4,6) (16,17) (25,26)
      Spatial Poisson Mom coll=16 fire=14 D_A=0.875000 info=26 distinct=136 | D_B=n/a cov=0.000 | refines=true | VoidWorkCount(26)
      Spatial Poisson Ene coll=16 fire=14 D_A=0.875000 info=26 distinct=136 | D_B=n/a cov=0.000 | refines=true | VoidWorkCount(26)
      BlindLabel Exact Occ coll=4 fire=4 D_A=1.000000 info=8 distinct=146 | D_B=n/a cov=0.000 | refines=true | VoidWorkCount(8)
      BlindLabel Exact Mom coll=4 fire=4 D_A=1.000000 info=8 distinct=146 | D_B=n/a cov=0.000 | refines=true | VoidWorkCount(8)
      BlindLabel Exact Ene coll=4 fire=4 D_A=1.000000 info=8 distinct=146 | D_B=n/a cov=0.000 | refines=true | VoidWorkCount(8)
      BlindLabel Poisson Occ coll=28 fire=25 D_A=0.892857 info=44 distinct=126 | D_B=n/a cov=0.000 | refines=true | VoidWorkCount(44)
         witnesses (listing capped at 10, count above is exact): (0,2) (4,5) (14,15)
      BlindLabel Poisson Mom coll=28 fire=25 D_A=0.892857 info=44 distinct=126 | D_B=n/a cov=0.000 | refines=true | VoidWorkCount(44)
      BlindLabel Poisson Ene coll=28 fire=25 D_A=0.892857 info=44 distinct=126 | D_B=n/a cov=0.000 | refines=true | VoidWorkCount(44)
      BlindIndex Exact Occ coll=11175 fire=0 D_A=0.000000 info=150 distinct=1 | D_B=0.000000 cov=1.000 | refines=true | VoidVacuous("no transport: the chart is frozen")
      BlindIndex Exact Mom coll=11175 fire=0 D_A=0.000000 info=150 distinct=1 | D_B=0.000000 cov=1.000 | refines=true | VoidVacuous("no transport: the chart is frozen")
      BlindIndex Exact Ene coll=11175 fire=0 D_A=0.000000 info=150 distinct=1 | D_B=0.000000 cov=1.000 | refines=true | VoidVacuous("no transport: the chart is frozen")
      BlindIndex Poisson Occ coll=11175 fire=0 D_A=0.000000 info=150 distinct=1 | D_B=0.000000 cov=1.000 | refines=true | VoidVacuous("no transport: the chart is frozen")
      BlindIndex Poisson Mom coll=11175 fire=0 D_A=0.000000 info=150 distinct=1 | D_B=0.000000 cov=1.000 | refines=true | VoidVacuous("no transport: the chart is frozen")
      BlindIndex Poisson Ene coll=11175 fire=0 D_A=0.000000 info=150 distinct=1 | D_B=0.000000 cov=1.000 | refines=true | VoidVacuous("no transport: the chart is frozen")
      GlobalRelabel Exact Occ coll=3 fire=3 D_A=1.000000 info=6 distinct=147 | D_B=n/a cov=0.000 | refines=true | VoidWorkCount(6)
      GlobalRelabel Exact Mom coll=3 fire=3 D_A=1.000000 info=6 distinct=147 | D_B=n/a cov=0.000 | refines=true | VoidWorkCount(6)
      GlobalRelabel Exact Ene coll=3 fire=3 D_A=1.000000 info=6 distinct=147 | D_B=n/a cov=0.000 | refines=true | VoidWorkCount(6)
      GlobalRelabel Poisson Occ coll=16 fire=14 D_A=0.875000 info=26 distinct=136 | D_B=n/a cov=0.000 | refines=true | VoidWorkCount(26)
         witnesses (listing capped at 10, count above is exact): (4,6) (16,17) (25,26)
      GlobalRelabel Poisson Mom coll=16 fire=14 D_A=0.875000 info=26 distinct=136 | D_B=n/a cov=0.000 | refines=true | VoidWorkCount(26)
      GlobalRelabel Poisson Ene coll=16 fire=14 D_A=0.875000 info=26 distinct=136 | D_B=n/a cov=0.000 | refines=true | VoidWorkCount(26)
   grid 4x4x2 cells=32 occ=4.000 fluct=0.281 transport=1.0000 dn=2.00  G2 admissible: NO
      Spatial Exact Occ coll=0 fire=0 D_A=n/a info=0 distinct=150 | D_B=n/a cov=0.000 | refines=true | VoidWorkCount(0)
      Spatial Exact Mom coll=0 fire=0 D_A=n/a info=0 distinct=150 | D_B=n/a cov=0.000 | refines=true | VoidWorkCount(0)
      Spatial Exact Ene coll=0 fire=0 D_A=n/a info=0 distinct=150 | D_B=n/a cov=0.000 | refines=true | VoidWorkCount(0)
      Spatial Poisson Occ coll=1 fire=1 D_A=1.000000 info=2 distinct=149 | D_B=n/a cov=0.000 | refines=true | VoidWorkCount(2)
         witnesses (listing capped at 10, count above is exact): (88,89)
      Spatial Poisson Mom coll=1 fire=1 D_A=1.000000 info=2 distinct=149 | D_B=n/a cov=0.000 | refines=true | VoidWorkCount(2)
      Spatial Poisson Ene coll=1 fire=1 D_A=1.000000 info=2 distinct=149 | D_B=n/a cov=0.000 | refines=true | VoidWorkCount(2)
      BlindLabel Exact Occ coll=0 fire=0 D_A=n/a info=0 distinct=150 | D_B=n/a cov=0.000 | refines=true | VoidWorkCount(0)
      BlindLabel Exact Mom coll=0 fire=0 D_A=n/a info=0 distinct=150 | D_B=n/a cov=0.000 | refines=true | VoidWorkCount(0)
      BlindLabel Exact Ene coll=0 fire=0 D_A=n/a info=0 distinct=150 | D_B=n/a cov=0.000 | refines=true | VoidWorkCount(0)
      BlindLabel Poisson Occ coll=3 fire=3 D_A=1.000000 info=6 distinct=147 | D_B=n/a cov=0.000 | refines=true | VoidWorkCount(6)
         witnesses (listing capped at 10, count above is exact): (0,2) (9,10) (85,86)
      BlindLabel Poisson Mom coll=3 fire=3 D_A=1.000000 info=6 distinct=147 | D_B=n/a cov=0.000 | refines=true | VoidWorkCount(6)
      BlindLabel Poisson Ene coll=3 fire=3 D_A=1.000000 info=6 distinct=147 | D_B=n/a cov=0.000 | refines=true | VoidWorkCount(6)
      BlindIndex Exact Occ coll=11175 fire=0 D_A=0.000000 info=150 distinct=1 | D_B=0.000000 cov=1.000 | refines=true | VoidVacuous("no transport: the chart is frozen")
      BlindIndex Exact Mom coll=11175 fire=0 D_A=0.000000 info=150 distinct=1 | D_B=0.000000 cov=1.000 | refines=true | VoidVacuous("no transport: the chart is frozen")
      BlindIndex Exact Ene coll=11175 fire=0 D_A=0.000000 info=150 distinct=1 | D_B=0.000000 cov=1.000 | refines=true | VoidVacuous("no transport: the chart is frozen")
      BlindIndex Poisson Occ coll=11175 fire=0 D_A=0.000000 info=150 distinct=1 | D_B=0.000000 cov=1.000 | refines=true | VoidVacuous("no transport: the chart is frozen")
      BlindIndex Poisson Mom coll=11175 fire=0 D_A=0.000000 info=150 distinct=1 | D_B=0.000000 cov=1.000 | refines=true | VoidVacuous("no transport: the chart is frozen")
      BlindIndex Poisson Ene coll=11175 fire=0 D_A=0.000000 info=150 distinct=1 | D_B=0.000000 cov=1.000 | refines=true | VoidVacuous("no transport: the chart is frozen")
      GlobalRelabel Exact Occ coll=0 fire=0 D_A=n/a info=0 distinct=150 | D_B=n/a cov=0.000 | refines=true | VoidWorkCount(0)
      GlobalRelabel Exact Mom coll=0 fire=0 D_A=n/a info=0 distinct=150 | D_B=n/a cov=0.000 | refines=true | VoidWorkCount(0)
      GlobalRelabel Exact Ene coll=0 fire=0 D_A=n/a info=0 distinct=150 | D_B=n/a cov=0.000 | refines=true | VoidWorkCount(0)
      GlobalRelabel Poisson Occ coll=1 fire=1 D_A=1.000000 info=2 distinct=149 | D_B=n/a cov=0.000 | refines=true | VoidWorkCount(2)
         witnesses (listing capped at 10, count above is exact): (88,89)
      GlobalRelabel Poisson Mom coll=1 fire=1 D_A=1.000000 info=2 distinct=149 | D_B=n/a cov=0.000 | refines=true | VoidWorkCount(2)
      GlobalRelabel Poisson Ene coll=1 fire=1 D_A=1.000000 info=2 distinct=149 | D_B=n/a cov=0.000 | refines=true | VoidWorkCount(2)
   grid 4x4x4 cells=64 occ=2.000 fluct=0.417 transport=1.0000 dn=1.41  G2 admissible: NO
      Spatial Exact Occ coll=0 fire=0 D_A=n/a info=0 distinct=150 | D_B=n/a cov=0.000 | refines=true | VoidWorkCount(0)
      Spatial Exact Mom coll=0 fire=0 D_A=n/a info=0 distinct=150 | D_B=n/a cov=0.000 | refines=true | VoidWorkCount(0)
      Spatial Exact Ene coll=0 fire=0 D_A=n/a info=0 distinct=150 | D_B=n/a cov=0.000 | refines=true | VoidWorkCount(0)
      Spatial Poisson Occ coll=0 fire=0 D_A=n/a info=0 distinct=150 | D_B=n/a cov=0.000 | refines=true | VoidWorkCount(0)
      Spatial Poisson Mom coll=0 fire=0 D_A=n/a info=0 distinct=150 | D_B=n/a cov=0.000 | refines=true | VoidWorkCount(0)
      Spatial Poisson Ene coll=0 fire=0 D_A=n/a info=0 distinct=150 | D_B=n/a cov=0.000 | refines=true | VoidWorkCount(0)
      BlindLabel Exact Occ coll=0 fire=0 D_A=n/a info=0 distinct=150 | D_B=n/a cov=0.000 | refines=true | VoidWorkCount(0)
      BlindLabel Exact Mom coll=0 fire=0 D_A=n/a info=0 distinct=150 | D_B=n/a cov=0.000 | refines=true | VoidWorkCount(0)
      BlindLabel Exact Ene coll=0 fire=0 D_A=n/a info=0 distinct=150 | D_B=n/a cov=0.000 | refines=true | VoidWorkCount(0)
      BlindLabel Poisson Occ coll=0 fire=0 D_A=n/a info=0 distinct=150 | D_B=n/a cov=0.000 | refines=true | VoidWorkCount(0)
      BlindLabel Poisson Mom coll=0 fire=0 D_A=n/a info=0 distinct=150 | D_B=n/a cov=0.000 | refines=true | VoidWorkCount(0)
      BlindLabel Poisson Ene coll=0 fire=0 D_A=n/a info=0 distinct=150 | D_B=n/a cov=0.000 | refines=true | VoidWorkCount(0)
      BlindIndex Exact Occ coll=11175 fire=0 D_A=0.000000 info=150 distinct=1 | D_B=0.000000 cov=1.000 | refines=true | VoidVacuous("no transport: the chart is frozen")
      BlindIndex Exact Mom coll=11175 fire=0 D_A=0.000000 info=150 distinct=1 | D_B=0.000000 cov=1.000 | refines=true | VoidVacuous("no transport: the chart is frozen")
      BlindIndex Exact Ene coll=11175 fire=0 D_A=0.000000 info=150 distinct=1 | D_B=0.000000 cov=1.000 | refines=true | VoidVacuous("no transport: the chart is frozen")
      BlindIndex Poisson Occ coll=11175 fire=0 D_A=0.000000 info=150 distinct=1 | D_B=0.000000 cov=1.000 | refines=true | VoidVacuous("no transport: the chart is frozen")
      BlindIndex Poisson Mom coll=11175 fire=0 D_A=0.000000 info=150 distinct=1 | D_B=0.000000 cov=1.000 | refines=true | VoidVacuous("no transport: the chart is frozen")
      BlindIndex Poisson Ene coll=11175 fire=0 D_A=0.000000 info=150 distinct=1 | D_B=0.000000 cov=1.000 | refines=true | VoidVacuous("no transport: the chart is frozen")
      GlobalRelabel Exact Occ coll=0 fire=0 D_A=n/a info=0 distinct=150 | D_B=n/a cov=0.000 | refines=true | VoidWorkCount(0)
      GlobalRelabel Exact Mom coll=0 fire=0 D_A=n/a info=0 distinct=150 | D_B=n/a cov=0.000 | refines=true | VoidWorkCount(0)
      GlobalRelabel Exact Ene coll=0 fire=0 D_A=n/a info=0 distinct=150 | D_B=n/a cov=0.000 | refines=true | VoidWorkCount(0)
      GlobalRelabel Poisson Occ coll=0 fire=0 D_A=n/a info=0 distinct=150 | D_B=n/a cov=0.000 | refines=true | VoidWorkCount(0)
      GlobalRelabel Poisson Mom coll=0 fire=0 D_A=n/a info=0 distinct=150 | D_B=n/a cov=0.000 | refines=true | VoidWorkCount(0)
      GlobalRelabel Poisson Ene coll=0 fire=0 D_A=n/a info=0 distinct=150 | D_B=n/a cov=0.000 | refines=true | VoidWorkCount(0)
   grid 8x4x4 cells=128 occ=1.000 fluct=0.692 transport=1.0000 dn=1.00  G2 admissible: NO
      Spatial Exact Occ coll=0 fire=0 D_A=n/a info=0 distinct=150 | D_B=n/a cov=0.000 | refines=true | VoidWorkCount(0)
      Spatial Exact Mom coll=0 fire=0 D_A=n/a info=0 distinct=150 | D_B=n/a cov=0.000 | refines=true | VoidWorkCount(0)
      Spatial Exact Ene coll=0 fire=0 D_A=n/a info=0 distinct=150 | D_B=n/a cov=0.000 | refines=true | VoidWorkCount(0)
      Spatial Poisson Occ coll=0 fire=0 D_A=n/a info=0 distinct=150 | D_B=n/a cov=0.000 | refines=true | VoidWorkCount(0)
      Spatial Poisson Mom coll=0 fire=0 D_A=n/a info=0 distinct=150 | D_B=n/a cov=0.000 | refines=true | VoidWorkCount(0)
      Spatial Poisson Ene coll=0 fire=0 D_A=n/a info=0 distinct=150 | D_B=n/a cov=0.000 | refines=true | VoidWorkCount(0)
      BlindLabel Exact Occ coll=0 fire=0 D_A=n/a info=0 distinct=150 | D_B=n/a cov=0.000 | refines=true | VoidWorkCount(0)
      BlindLabel Exact Mom coll=0 fire=0 D_A=n/a info=0 distinct=150 | D_B=n/a cov=0.000 | refines=true | VoidWorkCount(0)
      BlindLabel Exact Ene coll=0 fire=0 D_A=n/a info=0 distinct=150 | D_B=n/a cov=0.000 | refines=true | VoidWorkCount(0)
      BlindLabel Poisson Occ coll=0 fire=0 D_A=n/a info=0 distinct=150 | D_B=n/a cov=0.000 | refines=true | VoidWorkCount(0)
      BlindLabel Poisson Mom coll=0 fire=0 D_A=n/a info=0 distinct=150 | D_B=n/a cov=0.000 | refines=true | VoidWorkCount(0)
      BlindLabel Poisson Ene coll=0 fire=0 D_A=n/a info=0 distinct=150 | D_B=n/a cov=0.000 | refines=true | VoidWorkCount(0)
      BlindIndex Exact Occ coll=11175 fire=0 D_A=0.000000 info=150 distinct=1 | D_B=0.000000 cov=1.000 | refines=true | VoidVacuous("no transport: the chart is frozen")
      BlindIndex Exact Mom coll=11175 fire=0 D_A=0.000000 info=150 distinct=1 | D_B=0.000000 cov=1.000 | refines=true | VoidVacuous("no transport: the chart is frozen")
      BlindIndex Exact Ene coll=11175 fire=0 D_A=0.000000 info=150 distinct=1 | D_B=0.000000 cov=1.000 | refines=true | VoidVacuous("no transport: the chart is frozen")
      BlindIndex Poisson Occ coll=11175 fire=0 D_A=0.000000 info=150 distinct=1 | D_B=0.000000 cov=1.000 | refines=true | VoidVacuous("no transport: the chart is frozen")
      BlindIndex Poisson Mom coll=11175 fire=0 D_A=0.000000 info=150 distinct=1 | D_B=0.000000 cov=1.000 | refines=true | VoidVacuous("no transport: the chart is frozen")
      BlindIndex Poisson Ene coll=11175 fire=0 D_A=0.000000 info=150 distinct=1 | D_B=0.000000 cov=1.000 | refines=true | VoidVacuous("no transport: the chart is frozen")
      GlobalRelabel Exact Occ coll=0 fire=0 D_A=n/a info=0 distinct=150 | D_B=n/a cov=0.000 | refines=true | VoidWorkCount(0)
      GlobalRelabel Exact Mom coll=0 fire=0 D_A=n/a info=0 distinct=150 | D_B=n/a cov=0.000 | refines=true | VoidWorkCount(0)
      GlobalRelabel Exact Ene coll=0 fire=0 D_A=n/a info=0 distinct=150 | D_B=n/a cov=0.000 | refines=true | VoidWorkCount(0)
      GlobalRelabel Poisson Occ coll=0 fire=0 D_A=n/a info=0 distinct=150 | D_B=n/a cov=0.000 | refines=true | VoidWorkCount(0)
      GlobalRelabel Poisson Mom coll=0 fire=0 D_A=n/a info=0 distinct=150 | D_B=n/a cov=0.000 | refines=true | VoidWorkCount(0)
      GlobalRelabel Poisson Ene coll=0 fire=0 D_A=n/a info=0 distinct=150 | D_B=n/a cov=0.000 | refines=true | VoidWorkCount(0)

-- seed 0x5245504c41434532  n=128 dims=3 frames=151 box=29.6x29.6 species=[8]
   G9a species/arity constant: true
   G9b |p| first=0.000000e0 last=0.000000e0   G9c Ek first=0.000000e0 last=0.000000e0  [ledger leg UNDISCHARGED: the dump carries no forces]
   amendment 1: ladder of 8 grids derived from N=128 dims=3: 1x1x1 2x1x1 2x2x1 2x2x2 4x2x2 4x4x2 4x4x4 8x4x4
   grid 1x1x1 cells=1 occ=128.000 fluct=0.000 transport=0.0000 dn=11.31  G2 admissible: NO
      Spatial Exact Occ coll=11175 fire=0 D_A=0.000000 info=150 distinct=1 | D_B=0.000000 cov=1.000 | refines=true | VoidVacuous("fewer than 2 cells: the fields are the invariants")
      Spatial Exact Mom coll=11175 fire=0 D_A=0.000000 info=150 distinct=1 | D_B=0.000000 cov=1.000 | refines=true | VoidVacuous("fewer than 2 cells: the fields are the invariants")
      Spatial Exact Ene coll=11175 fire=0 D_A=0.000000 info=150 distinct=1 | D_B=0.000000 cov=1.000 | refines=true | VoidVacuous("fewer than 2 cells: the fields are the invariants")
      Spatial Poisson Occ coll=11175 fire=0 D_A=0.000000 info=150 distinct=1 | D_B=0.000000 cov=1.000 | refines=true | VoidVacuous("fewer than 2 cells: the fields are the invariants")
      Spatial Poisson Mom coll=11175 fire=0 D_A=0.000000 info=150 distinct=1 | D_B=0.000000 cov=1.000 | refines=true | VoidVacuous("fewer than 2 cells: the fields are the invariants")
      Spatial Poisson Ene coll=11175 fire=0 D_A=0.000000 info=150 distinct=1 | D_B=0.000000 cov=1.000 | refines=true | VoidVacuous("fewer than 2 cells: the fields are the invariants")
      BlindLabel Exact Occ coll=11175 fire=0 D_A=0.000000 info=150 distinct=1 | D_B=0.000000 cov=1.000 | refines=true | VoidVacuous("fewer than 2 cells: the fields are the invariants")
      BlindLabel Exact Mom coll=11175 fire=0 D_A=0.000000 info=150 distinct=1 | D_B=0.000000 cov=1.000 | refines=true | VoidVacuous("fewer than 2 cells: the fields are the invariants")
      BlindLabel Exact Ene coll=11175 fire=0 D_A=0.000000 info=150 distinct=1 | D_B=0.000000 cov=1.000 | refines=true | VoidVacuous("fewer than 2 cells: the fields are the invariants")
      BlindLabel Poisson Occ coll=11175 fire=0 D_A=0.000000 info=150 distinct=1 | D_B=0.000000 cov=1.000 | refines=true | VoidVacuous("fewer than 2 cells: the fields are the invariants")
      BlindLabel Poisson Mom coll=11175 fire=0 D_A=0.000000 info=150 distinct=1 | D_B=0.000000 cov=1.000 | refines=true | VoidVacuous("fewer than 2 cells: the fields are the invariants")
      BlindLabel Poisson Ene coll=11175 fire=0 D_A=0.000000 info=150 distinct=1 | D_B=0.000000 cov=1.000 | refines=true | VoidVacuous("fewer than 2 cells: the fields are the invariants")
      BlindIndex Exact Occ coll=11175 fire=0 D_A=0.000000 info=150 distinct=1 | D_B=0.000000 cov=1.000 | refines=true | VoidVacuous("fewer than 2 cells: the fields are the invariants")
      BlindIndex Exact Mom coll=11175 fire=0 D_A=0.000000 info=150 distinct=1 | D_B=0.000000 cov=1.000 | refines=true | VoidVacuous("fewer than 2 cells: the fields are the invariants")
      BlindIndex Exact Ene coll=11175 fire=0 D_A=0.000000 info=150 distinct=1 | D_B=0.000000 cov=1.000 | refines=true | VoidVacuous("fewer than 2 cells: the fields are the invariants")
      BlindIndex Poisson Occ coll=11175 fire=0 D_A=0.000000 info=150 distinct=1 | D_B=0.000000 cov=1.000 | refines=true | VoidVacuous("fewer than 2 cells: the fields are the invariants")
      BlindIndex Poisson Mom coll=11175 fire=0 D_A=0.000000 info=150 distinct=1 | D_B=0.000000 cov=1.000 | refines=true | VoidVacuous("fewer than 2 cells: the fields are the invariants")
      BlindIndex Poisson Ene coll=11175 fire=0 D_A=0.000000 info=150 distinct=1 | D_B=0.000000 cov=1.000 | refines=true | VoidVacuous("fewer than 2 cells: the fields are the invariants")
      GlobalRelabel Exact Occ coll=11175 fire=0 D_A=0.000000 info=150 distinct=1 | D_B=0.000000 cov=1.000 | refines=true | VoidVacuous("fewer than 2 cells: the fields are the invariants")
      GlobalRelabel Exact Mom coll=11175 fire=0 D_A=0.000000 info=150 distinct=1 | D_B=0.000000 cov=1.000 | refines=true | VoidVacuous("fewer than 2 cells: the fields are the invariants")
      GlobalRelabel Exact Ene coll=11175 fire=0 D_A=0.000000 info=150 distinct=1 | D_B=0.000000 cov=1.000 | refines=true | VoidVacuous("fewer than 2 cells: the fields are the invariants")
      GlobalRelabel Poisson Occ coll=11175 fire=0 D_A=0.000000 info=150 distinct=1 | D_B=0.000000 cov=1.000 | refines=true | VoidVacuous("fewer than 2 cells: the fields are the invariants")
      GlobalRelabel Poisson Mom coll=11175 fire=0 D_A=0.000000 info=150 distinct=1 | D_B=0.000000 cov=1.000 | refines=true | VoidVacuous("fewer than 2 cells: the fields are the invariants")
      GlobalRelabel Poisson Ene coll=11175 fire=0 D_A=0.000000 info=150 distinct=1 | D_B=0.000000 cov=1.000 | refines=true | VoidVacuous("fewer than 2 cells: the fields are the invariants")
   grid 2x1x1 cells=2 occ=64.000 fluct=0.028 transport=0.6333 dn=8.00  G2 admissible: NO
      Spatial Exact Occ coll=2195 fire=1414 D_A=0.644191 info=150 distinct=9 | D_B=0.555556 cov=0.960 | refines=true | VoidWorkCount(150)
      Spatial Exact Mom coll=2195 fire=1414 D_A=0.644191 info=150 distinct=9 | D_B=0.555556 cov=0.960 | refines=true | VoidWorkCount(150)
      Spatial Exact Ene coll=2195 fire=1414 D_A=0.644191 info=150 distinct=9 | D_B=0.555556 cov=0.960 | refines=true | VoidWorkCount(150)
      Spatial Poisson Occ coll=3876 fire=1658 D_A=0.427761 info=150 distinct=3 | D_B=0.373333 cov=1.000 | refines=true | VoidWorkCount(150)
         witnesses (listing capped at 10, count above is exact): (0,9) (0,81) (9,81)
      Spatial Poisson Mom coll=3876 fire=1658 D_A=0.427761 info=150 distinct=3 | D_B=0.373333 cov=1.000 | refines=true | VoidWorkCount(150)
      Spatial Poisson Ene coll=3876 fire=1658 D_A=0.427761 info=150 distinct=3 | D_B=0.373333 cov=1.000 | refines=true | VoidWorkCount(150)
      BlindLabel Exact Occ coll=1684 fire=1110 D_A=0.659145 info=150 distinct=10 | D_B=0.603175 cov=0.840 | refines=true | VoidWorkCount(150)
      BlindLabel Exact Mom coll=1684 fire=1110 D_A=0.659145 info=150 distinct=10 | D_B=0.603175 cov=0.840 | refines=true | VoidWorkCount(150)
      BlindLabel Exact Ene coll=1684 fire=1110 D_A=0.659145 info=150 distinct=10 | D_B=0.603175 cov=0.840 | refines=true | VoidWorkCount(150)
      BlindLabel Poisson Occ coll=7846 fire=1069 D_A=0.136248 info=150 distinct=3 | D_B=0.053333 cov=1.000 | refines=true | VoidWorkCount(150)
         witnesses (listing capped at 10, count above is exact): (0,4) (0,32) (0,149)
      BlindLabel Poisson Mom coll=7846 fire=1069 D_A=0.136248 info=150 distinct=3 | D_B=0.053333 cov=1.000 | refines=true | VoidWorkCount(150)
      BlindLabel Poisson Ene coll=7846 fire=1069 D_A=0.136248 info=150 distinct=3 | D_B=0.053333 cov=1.000 | refines=true | VoidWorkCount(150)
      BlindIndex Exact Occ coll=11175 fire=0 D_A=0.000000 info=150 distinct=1 | D_B=0.000000 cov=1.000 | refines=true | VoidVacuous("no transport: the chart is frozen")
      BlindIndex Exact Mom coll=11175 fire=0 D_A=0.000000 info=150 distinct=1 | D_B=0.000000 cov=1.000 | refines=true | VoidVacuous("no transport: the chart is frozen")
      BlindIndex Exact Ene coll=11175 fire=0 D_A=0.000000 info=150 distinct=1 | D_B=0.000000 cov=1.000 | refines=true | VoidVacuous("no transport: the chart is frozen")
      BlindIndex Poisson Occ coll=11175 fire=0 D_A=0.000000 info=150 distinct=1 | D_B=0.000000 cov=1.000 | refines=true | VoidVacuous("no transport: the chart is frozen")
      BlindIndex Poisson Mom coll=11175 fire=0 D_A=0.000000 info=150 distinct=1 | D_B=0.000000 cov=1.000 | refines=true | VoidVacuous("no transport: the chart is frozen")
      BlindIndex Poisson Ene coll=11175 fire=0 D_A=0.000000 info=150 distinct=1 | D_B=0.000000 cov=1.000 | refines=true | VoidVacuous("no transport: the chart is frozen")
      GlobalRelabel Exact Occ coll=2195 fire=1414 D_A=0.644191 info=150 distinct=9 | D_B=0.555556 cov=0.960 | refines=true | VoidWorkCount(150)
      GlobalRelabel Exact Mom coll=2195 fire=1414 D_A=0.644191 info=150 distinct=9 | D_B=0.555556 cov=0.960 | refines=true | VoidWorkCount(150)
      GlobalRelabel Exact Ene coll=2195 fire=1414 D_A=0.644191 info=150 distinct=9 | D_B=0.555556 cov=0.960 | refines=true | VoidWorkCount(150)
      GlobalRelabel Poisson Occ coll=3876 fire=1658 D_A=0.427761 info=150 distinct=3 | D_B=0.373333 cov=1.000 | refines=true | VoidWorkCount(150)
         witnesses (listing capped at 10, count above is exact): (0,9) (0,81) (9,81)
      GlobalRelabel Poisson Mom coll=3876 fire=1658 D_A=0.427761 info=150 distinct=3 | D_B=0.373333 cov=1.000 | refines=true | VoidWorkCount(150)
      GlobalRelabel Poisson Ene coll=3876 fire=1658 D_A=0.427761 info=150 distinct=3 | D_B=0.373333 cov=1.000 | refines=true | VoidWorkCount(150)
   grid 2x2x1 cells=4 occ=32.000 fluct=0.069 transport=0.9133 dn=5.66  G2 admissible: NO
      Spatial Exact Occ coll=74 fire=70 D_A=0.945946 info=85 distinct=99 | D_B=0.941176 cov=0.227 | refines=true | VoidWorkCount(85)
      Spatial Exact Mom coll=74 fire=70 D_A=0.945946 info=85 distinct=99 | D_B=0.941176 cov=0.227 | refines=true | VoidWorkCount(85)
      Spatial Exact Ene coll=74 fire=70 D_A=0.945946 info=85 distinct=99 | D_B=0.941176 cov=0.227 | refines=true | VoidWorkCount(85)
      Spatial Poisson Occ coll=1689 fire=1014 D_A=0.600355 info=144 distinct=17 | D_B=0.428571 cov=0.840 | refines=true | VoidWorkCount(144)
         witnesses (listing capped at 10, count above is exact): (13,27) (13,64) (13,115)
      Spatial Poisson Mom coll=1689 fire=1014 D_A=0.600355 info=144 distinct=17 | D_B=0.428571 cov=0.840 | refines=true | VoidWorkCount(144)
      Spatial Poisson Ene coll=1689 fire=1014 D_A=0.600355 info=144 distinct=17 | D_B=0.428571 cov=0.840 | refines=true | VoidWorkCount(144)
      BlindLabel Exact Occ coll=39 fire=33 D_A=0.846154 info=48 distinct=122 | D_B=0.600000 cov=0.067 | refines=true | VoidWorkCount(48)
      BlindLabel Exact Mom coll=39 fire=33 D_A=0.846154 info=48 distinct=122 | D_B=0.600000 cov=0.067 | refines=true | VoidWorkCount(48)
      BlindLabel Exact Ene coll=39 fire=33 D_A=0.846154 info=48 distinct=122 | D_B=0.600000 cov=0.067 | refines=true | VoidWorkCount(48)
      BlindLabel Poisson Occ coll=982 fire=602 D_A=0.613035 info=145 distinct=22 | D_B=0.450980 cov=0.680 | refines=true | VoidWorkCount(145)
         witnesses (listing capped at 10, count above is exact): (15,17) (15,21) (17,21)
      BlindLabel Poisson Mom coll=982 fire=602 D_A=0.613035 info=145 distinct=22 | D_B=0.450980 cov=0.680 | refines=true | VoidWorkCount(145)
      BlindLabel Poisson Ene coll=982 fire=602 D_A=0.613035 info=145 distinct=22 | D_B=0.450980 cov=0.680 | refines=true | VoidWorkCount(145)
      BlindIndex Exact Occ coll=11175 fire=0 D_A=0.000000 info=150 distinct=1 | D_B=0.000000 cov=1.000 | refines=true | VoidVacuous("no transport: the chart is frozen")
      BlindIndex Exact Mom coll=11175 fire=0 D_A=0.000000 info=150 distinct=1 | D_B=0.000000 cov=1.000 | refines=true | VoidVacuous("no transport: the chart is frozen")
      BlindIndex Exact Ene coll=11175 fire=0 D_A=0.000000 info=150 distinct=1 | D_B=0.000000 cov=1.000 | refines=true | VoidVacuous("no transport: the chart is frozen")
      BlindIndex Poisson Occ coll=11175 fire=0 D_A=0.000000 info=150 distinct=1 | D_B=0.000000 cov=1.000 | refines=true | VoidVacuous("no transport: the chart is frozen")
      BlindIndex Poisson Mom coll=11175 fire=0 D_A=0.000000 info=150 distinct=1 | D_B=0.000000 cov=1.000 | refines=true | VoidVacuous("no transport: the chart is frozen")
      BlindIndex Poisson Ene coll=11175 fire=0 D_A=0.000000 info=150 distinct=1 | D_B=0.000000 cov=1.000 | refines=true | VoidVacuous("no transport: the chart is frozen")
      GlobalRelabel Exact Occ coll=74 fire=70 D_A=0.945946 info=85 distinct=99 | D_B=1.000000 cov=0.227 | refines=true | VoidWorkCount(85)
      GlobalRelabel Exact Mom coll=74 fire=70 D_A=0.945946 info=85 distinct=99 | D_B=1.000000 cov=0.227 | refines=true | VoidWorkCount(85)
      GlobalRelabel Exact Ene coll=74 fire=70 D_A=0.945946 info=85 distinct=99 | D_B=1.000000 cov=0.227 | refines=true | VoidWorkCount(85)
      GlobalRelabel Poisson Occ coll=1689 fire=1014 D_A=0.600355 info=144 distinct=17 | D_B=0.476190 cov=0.840 | refines=true | VoidWorkCount(144)
         witnesses (listing capped at 10, count above is exact): (11,16) (11,18) (11,46)
      GlobalRelabel Poisson Mom coll=1689 fire=1014 D_A=0.600355 info=144 distinct=17 | D_B=0.476190 cov=0.840 | refines=true | VoidWorkCount(144)
      GlobalRelabel Poisson Ene coll=1689 fire=1014 D_A=0.600355 info=144 distinct=17 | D_B=0.476190 cov=0.840 | refines=true | VoidWorkCount(144)
   grid 2x2x2 cells=8 occ=16.000 fluct=0.110 transport=0.9933 dn=4.00  G2 admissible: NO
      Spatial Exact Occ coll=3 fire=3 D_A=1.000000 info=6 distinct=147 | D_B=n/a cov=0.000 | refines=true | VoidWorkCount(6)
      Spatial Exact Mom coll=3 fire=3 D_A=1.000000 info=6 distinct=147 | D_B=n/a cov=0.000 | refines=true | VoidWorkCount(6)
      Spatial Exact Ene coll=3 fire=3 D_A=1.000000 info=6 distinct=147 | D_B=n/a cov=0.000 | refines=true | VoidWorkCount(6)
      Spatial Poisson Occ coll=217 fire=181 D_A=0.834101 info=110 distinct=68 | D_B=0.846154 cov=0.347 | refines=true | VoidWorkCount(110)
         witnesses (listing capped at 10, count above is exact): (13,60) (13,61) (13,143)
      Spatial Poisson Mom coll=217 fire=181 D_A=0.834101 info=110 distinct=68 | D_B=0.846154 cov=0.347 | refines=true | VoidWorkCount(110)
      Spatial Poisson Ene coll=217 fire=181 D_A=0.834101 info=110 distinct=68 | D_B=0.846154 cov=0.347 | refines=true | VoidWorkCount(110)
      BlindLabel Exact Occ coll=3 fire=3 D_A=1.000000 info=6 distinct=147 | D_B=n/a cov=0.000 | refines=true | VoidWorkCount(6)
      BlindLabel Exact Mom coll=3 fire=3 D_A=1.000000 info=6 distinct=147 | D_B=n/a cov=0.000 | refines=true | VoidWorkCount(6)
      BlindLabel Exact Ene coll=3 fire=3 D_A=1.000000 info=6 distinct=147 | D_B=n/a cov=0.000 | refines=true | VoidWorkCount(6)
      BlindLabel Poisson Occ coll=177 fire=111 D_A=0.627119 info=114 distinct=72 | D_B=1.000000 cov=0.040 | refines=true | VoidWorkCount(114)
         witnesses (listing capped at 10, count above is exact): (8,10) (49,53) (98,99)
      BlindLabel Poisson Mom coll=177 fire=111 D_A=0.627119 info=114 distinct=72 | D_B=1.000000 cov=0.040 | refines=true | VoidWorkCount(114)
      BlindLabel Poisson Ene coll=177 fire=111 D_A=0.627119 info=114 distinct=72 | D_B=1.000000 cov=0.040 | refines=true | VoidWorkCount(114)
      BlindIndex Exact Occ coll=11175 fire=0 D_A=0.000000 info=150 distinct=1 | D_B=0.000000 cov=1.000 | refines=true | VoidVacuous("no transport: the chart is frozen")
      BlindIndex Exact Mom coll=11175 fire=0 D_A=0.000000 info=150 distinct=1 | D_B=0.000000 cov=1.000 | refines=true | VoidVacuous("no transport: the chart is frozen")
      BlindIndex Exact Ene coll=11175 fire=0 D_A=0.000000 info=150 distinct=1 | D_B=0.000000 cov=1.000 | refines=true | VoidVacuous("no transport: the chart is frozen")
      BlindIndex Poisson Occ coll=11175 fire=0 D_A=0.000000 info=150 distinct=1 | D_B=0.000000 cov=1.000 | refines=true | VoidVacuous("no transport: the chart is frozen")
      BlindIndex Poisson Mom coll=11175 fire=0 D_A=0.000000 info=150 distinct=1 | D_B=0.000000 cov=1.000 | refines=true | VoidVacuous("no transport: the chart is frozen")
      BlindIndex Poisson Ene coll=11175 fire=0 D_A=0.000000 info=150 distinct=1 | D_B=0.000000 cov=1.000 | refines=true | VoidVacuous("no transport: the chart is frozen")
      GlobalRelabel Exact Occ coll=3 fire=3 D_A=1.000000 info=6 distinct=147 | D_B=n/a cov=0.000 | refines=true | VoidWorkCount(6)
      GlobalRelabel Exact Mom coll=3 fire=3 D_A=1.000000 info=6 distinct=147 | D_B=n/a cov=0.000 | refines=true | VoidWorkCount(6)
      GlobalRelabel Exact Ene coll=3 fire=3 D_A=1.000000 info=6 distinct=147 | D_B=n/a cov=0.000 | refines=true | VoidWorkCount(6)
      GlobalRelabel Poisson Occ coll=217 fire=181 D_A=0.834101 info=110 distinct=68 | D_B=0.961538 cov=0.347 | refines=true | VoidWorkCount(110)
         witnesses (listing capped at 10, count above is exact): (50,98) (50,104) (50,105)
      GlobalRelabel Poisson Mom coll=217 fire=181 D_A=0.834101 info=110 distinct=68 | D_B=0.961538 cov=0.347 | refines=true | VoidWorkCount(110)
      GlobalRelabel Poisson Ene coll=217 fire=181 D_A=0.834101 info=110 distinct=68 | D_B=0.961538 cov=0.347 | refines=true | VoidWorkCount(110)
   grid 4x2x2 cells=16 occ=8.000 fluct=0.171 transport=0.9933 dn=2.83  G2 admissible: NO
      Spatial Exact Occ coll=1 fire=1 D_A=1.000000 info=2 distinct=149 | D_B=n/a cov=0.000 | refines=true | VoidWorkCount(2)
      Spatial Exact Mom coll=1 fire=1 D_A=1.000000 info=2 distinct=149 | D_B=n/a cov=0.000 | refines=true | VoidWorkCount(2)
      Spatial Exact Ene coll=1 fire=1 D_A=1.000000 info=2 distinct=149 | D_B=n/a cov=0.000 | refines=true | VoidWorkCount(2)
      Spatial Poisson Occ coll=17 fire=13 D_A=0.764706 info=23 distinct=137 | D_B=n/a cov=0.000 | refines=true | VoidWorkCount(23)
         witnesses (listing capped at 10, count above is exact): (16,17) (29,30) (36,37)
      Spatial Poisson Mom coll=17 fire=13 D_A=0.764706 info=23 distinct=137 | D_B=n/a cov=0.000 | refines=true | VoidWorkCount(23)
      Spatial Poisson Ene coll=17 fire=13 D_A=0.764706 info=23 distinct=137 | D_B=n/a cov=0.000 | refines=true | VoidWorkCount(23)
      BlindLabel Exact Occ coll=1 fire=1 D_A=1.000000 info=2 distinct=149 | D_B=n/a cov=0.000 | refines=true | VoidWorkCount(2)
      BlindLabel Exact Mom coll=1 fire=1 D_A=1.000000 info=2 distinct=149 | D_B=n/a cov=0.000 | refines=true | VoidWorkCount(2)
      BlindLabel Exact Ene coll=1 fire=1 D_A=1.000000 info=2 distinct=149 | D_B=n/a cov=0.000 | refines=true | VoidWorkCount(2)
      BlindLabel Poisson Occ coll=14 fire=14 D_A=1.000000 info=28 distinct=136 | D_B=n/a cov=0.000 | refines=true | VoidWorkCount(28)
         witnesses (listing capped at 10, count above is exact): (21,22) (24,25) (43,44)
      BlindLabel Poisson Mom coll=14 fire=14 D_A=1.000000 info=28 distinct=136 | D_B=n/a cov=0.000 | refines=true | VoidWorkCount(28)
      BlindLabel Poisson Ene coll=14 fire=14 D_A=1.000000 info=28 distinct=136 | D_B=n/a cov=0.000 | refines=true | VoidWorkCount(28)
      BlindIndex Exact Occ coll=11175 fire=0 D_A=0.000000 info=150 distinct=1 | D_B=0.000000 cov=1.000 | refines=true | VoidVacuous("no transport: the chart is frozen")
      BlindIndex Exact Mom coll=11175 fire=0 D_A=0.000000 info=150 distinct=1 | D_B=0.000000 cov=1.000 | refines=true | VoidVacuous("no transport: the chart is frozen")
      BlindIndex Exact Ene coll=11175 fire=0 D_A=0.000000 info=150 distinct=1 | D_B=0.000000 cov=1.000 | refines=true | VoidVacuous("no transport: the chart is frozen")
      BlindIndex Poisson Occ coll=11175 fire=0 D_A=0.000000 info=150 distinct=1 | D_B=0.000000 cov=1.000 | refines=true | VoidVacuous("no transport: the chart is frozen")
      BlindIndex Poisson Mom coll=11175 fire=0 D_A=0.000000 info=150 distinct=1 | D_B=0.000000 cov=1.000 | refines=true | VoidVacuous("no transport: the chart is frozen")
      BlindIndex Poisson Ene coll=11175 fire=0 D_A=0.000000 info=150 distinct=1 | D_B=0.000000 cov=1.000 | refines=true | VoidVacuous("no transport: the chart is frozen")
      GlobalRelabel Exact Occ coll=1 fire=1 D_A=1.000000 info=2 distinct=149 | D_B=n/a cov=0.000 | refines=true | VoidWorkCount(2)
      GlobalRelabel Exact Mom coll=1 fire=1 D_A=1.000000 info=2 distinct=149 | D_B=n/a cov=0.000 | refines=true | VoidWorkCount(2)
      GlobalRelabel Exact Ene coll=1 fire=1 D_A=1.000000 info=2 distinct=149 | D_B=n/a cov=0.000 | refines=true | VoidWorkCount(2)
      GlobalRelabel Poisson Occ coll=17 fire=13 D_A=0.764706 info=23 distinct=137 | D_B=n/a cov=0.000 | refines=true | VoidWorkCount(23)
         witnesses (listing capped at 10, count above is exact): (16,17) (29,30) (36,37)
      GlobalRelabel Poisson Mom coll=17 fire=13 D_A=0.764706 info=23 distinct=137 | D_B=n/a cov=0.000 | refines=true | VoidWorkCount(23)
      GlobalRelabel Poisson Ene coll=17 fire=13 D_A=0.764706 info=23 distinct=137 | D_B=n/a cov=0.000 | refines=true | VoidWorkCount(23)
   grid 4x4x2 cells=32 occ=4.000 fluct=0.275 transport=1.0000 dn=2.00  G2 admissible: NO
      Spatial Exact Occ coll=0 fire=0 D_A=n/a info=0 distinct=150 | D_B=n/a cov=0.000 | refines=true | VoidWorkCount(0)
      Spatial Exact Mom coll=0 fire=0 D_A=n/a info=0 distinct=150 | D_B=n/a cov=0.000 | refines=true | VoidWorkCount(0)
      Spatial Exact Ene coll=0 fire=0 D_A=n/a info=0 distinct=150 | D_B=n/a cov=0.000 | refines=true | VoidWorkCount(0)
      Spatial Poisson Occ coll=2 fire=2 D_A=1.000000 info=4 distinct=148 | D_B=n/a cov=0.000 | refines=true | VoidWorkCount(4)
         witnesses (listing capped at 10, count above is exact): (21,22) (47,48)
      Spatial Poisson Mom coll=2 fire=2 D_A=1.000000 info=4 distinct=148 | D_B=n/a cov=0.000 | refines=true | VoidWorkCount(4)
      Spatial Poisson Ene coll=2 fire=2 D_A=1.000000 info=4 distinct=148 | D_B=n/a cov=0.000 | refines=true | VoidWorkCount(4)
      BlindLabel Exact Occ coll=0 fire=0 D_A=n/a info=0 distinct=150 | D_B=n/a cov=0.000 | refines=true | VoidWorkCount(0)
      BlindLabel Exact Mom coll=0 fire=0 D_A=n/a info=0 distinct=150 | D_B=n/a cov=0.000 | refines=true | VoidWorkCount(0)
      BlindLabel Exact Ene coll=0 fire=0 D_A=n/a info=0 distinct=150 | D_B=n/a cov=0.000 | refines=true | VoidWorkCount(0)
      BlindLabel Poisson Occ coll=1 fire=1 D_A=1.000000 info=2 distinct=149 | D_B=n/a cov=0.000 | refines=true | VoidWorkCount(2)
         witnesses (listing capped at 10, count above is exact): (3,4)
      BlindLabel Poisson Mom coll=1 fire=1 D_A=1.000000 info=2 distinct=149 | D_B=n/a cov=0.000 | refines=true | VoidWorkCount(2)
      BlindLabel Poisson Ene coll=1 fire=1 D_A=1.000000 info=2 distinct=149 | D_B=n/a cov=0.000 | refines=true | VoidWorkCount(2)
      BlindIndex Exact Occ coll=11175 fire=0 D_A=0.000000 info=150 distinct=1 | D_B=0.000000 cov=1.000 | refines=true | VoidVacuous("no transport: the chart is frozen")
      BlindIndex Exact Mom coll=11175 fire=0 D_A=0.000000 info=150 distinct=1 | D_B=0.000000 cov=1.000 | refines=true | VoidVacuous("no transport: the chart is frozen")
      BlindIndex Exact Ene coll=11175 fire=0 D_A=0.000000 info=150 distinct=1 | D_B=0.000000 cov=1.000 | refines=true | VoidVacuous("no transport: the chart is frozen")
      BlindIndex Poisson Occ coll=11175 fire=0 D_A=0.000000 info=150 distinct=1 | D_B=0.000000 cov=1.000 | refines=true | VoidVacuous("no transport: the chart is frozen")
      BlindIndex Poisson Mom coll=11175 fire=0 D_A=0.000000 info=150 distinct=1 | D_B=0.000000 cov=1.000 | refines=true | VoidVacuous("no transport: the chart is frozen")
      BlindIndex Poisson Ene coll=11175 fire=0 D_A=0.000000 info=150 distinct=1 | D_B=0.000000 cov=1.000 | refines=true | VoidVacuous("no transport: the chart is frozen")
      GlobalRelabel Exact Occ coll=0 fire=0 D_A=n/a info=0 distinct=150 | D_B=n/a cov=0.000 | refines=true | VoidWorkCount(0)
      GlobalRelabel Exact Mom coll=0 fire=0 D_A=n/a info=0 distinct=150 | D_B=n/a cov=0.000 | refines=true | VoidWorkCount(0)
      GlobalRelabel Exact Ene coll=0 fire=0 D_A=n/a info=0 distinct=150 | D_B=n/a cov=0.000 | refines=true | VoidWorkCount(0)
      GlobalRelabel Poisson Occ coll=2 fire=2 D_A=1.000000 info=4 distinct=148 | D_B=n/a cov=0.000 | refines=true | VoidWorkCount(4)
         witnesses (listing capped at 10, count above is exact): (21,22) (47,48)
      GlobalRelabel Poisson Mom coll=2 fire=2 D_A=1.000000 info=4 distinct=148 | D_B=n/a cov=0.000 | refines=true | VoidWorkCount(4)
      GlobalRelabel Poisson Ene coll=2 fire=2 D_A=1.000000 info=4 distinct=148 | D_B=n/a cov=0.000 | refines=true | VoidWorkCount(4)
   grid 4x4x4 cells=64 occ=2.000 fluct=0.422 transport=1.0000 dn=1.41  G2 admissible: NO
      Spatial Exact Occ coll=0 fire=0 D_A=n/a info=0 distinct=150 | D_B=n/a cov=0.000 | refines=true | VoidWorkCount(0)
      Spatial Exact Mom coll=0 fire=0 D_A=n/a info=0 distinct=150 | D_B=n/a cov=0.000 | refines=true | VoidWorkCount(0)
      Spatial Exact Ene coll=0 fire=0 D_A=n/a info=0 distinct=150 | D_B=n/a cov=0.000 | refines=true | VoidWorkCount(0)
      Spatial Poisson Occ coll=0 fire=0 D_A=n/a info=0 distinct=150 | D_B=n/a cov=0.000 | refines=true | VoidWorkCount(0)
      Spatial Poisson Mom coll=0 fire=0 D_A=n/a info=0 distinct=150 | D_B=n/a cov=0.000 | refines=true | VoidWorkCount(0)
      Spatial Poisson Ene coll=0 fire=0 D_A=n/a info=0 distinct=150 | D_B=n/a cov=0.000 | refines=true | VoidWorkCount(0)
      BlindLabel Exact Occ coll=0 fire=0 D_A=n/a info=0 distinct=150 | D_B=n/a cov=0.000 | refines=true | VoidWorkCount(0)
      BlindLabel Exact Mom coll=0 fire=0 D_A=n/a info=0 distinct=150 | D_B=n/a cov=0.000 | refines=true | VoidWorkCount(0)
      BlindLabel Exact Ene coll=0 fire=0 D_A=n/a info=0 distinct=150 | D_B=n/a cov=0.000 | refines=true | VoidWorkCount(0)
      BlindLabel Poisson Occ coll=0 fire=0 D_A=n/a info=0 distinct=150 | D_B=n/a cov=0.000 | refines=true | VoidWorkCount(0)
      BlindLabel Poisson Mom coll=0 fire=0 D_A=n/a info=0 distinct=150 | D_B=n/a cov=0.000 | refines=true | VoidWorkCount(0)
      BlindLabel Poisson Ene coll=0 fire=0 D_A=n/a info=0 distinct=150 | D_B=n/a cov=0.000 | refines=true | VoidWorkCount(0)
      BlindIndex Exact Occ coll=11175 fire=0 D_A=0.000000 info=150 distinct=1 | D_B=0.000000 cov=1.000 | refines=true | VoidVacuous("no transport: the chart is frozen")
      BlindIndex Exact Mom coll=11175 fire=0 D_A=0.000000 info=150 distinct=1 | D_B=0.000000 cov=1.000 | refines=true | VoidVacuous("no transport: the chart is frozen")
      BlindIndex Exact Ene coll=11175 fire=0 D_A=0.000000 info=150 distinct=1 | D_B=0.000000 cov=1.000 | refines=true | VoidVacuous("no transport: the chart is frozen")
      BlindIndex Poisson Occ coll=11175 fire=0 D_A=0.000000 info=150 distinct=1 | D_B=0.000000 cov=1.000 | refines=true | VoidVacuous("no transport: the chart is frozen")
      BlindIndex Poisson Mom coll=11175 fire=0 D_A=0.000000 info=150 distinct=1 | D_B=0.000000 cov=1.000 | refines=true | VoidVacuous("no transport: the chart is frozen")
      BlindIndex Poisson Ene coll=11175 fire=0 D_A=0.000000 info=150 distinct=1 | D_B=0.000000 cov=1.000 | refines=true | VoidVacuous("no transport: the chart is frozen")
      GlobalRelabel Exact Occ coll=0 fire=0 D_A=n/a info=0 distinct=150 | D_B=n/a cov=0.000 | refines=true | VoidWorkCount(0)
      GlobalRelabel Exact Mom coll=0 fire=0 D_A=n/a info=0 distinct=150 | D_B=n/a cov=0.000 | refines=true | VoidWorkCount(0)
      GlobalRelabel Exact Ene coll=0 fire=0 D_A=n/a info=0 distinct=150 | D_B=n/a cov=0.000 | refines=true | VoidWorkCount(0)
      GlobalRelabel Poisson Occ coll=0 fire=0 D_A=n/a info=0 distinct=150 | D_B=n/a cov=0.000 | refines=true | VoidWorkCount(0)
      GlobalRelabel Poisson Mom coll=0 fire=0 D_A=n/a info=0 distinct=150 | D_B=n/a cov=0.000 | refines=true | VoidWorkCount(0)
      GlobalRelabel Poisson Ene coll=0 fire=0 D_A=n/a info=0 distinct=150 | D_B=n/a cov=0.000 | refines=true | VoidWorkCount(0)
   grid 8x4x4 cells=128 occ=1.000 fluct=0.710 transport=1.0000 dn=1.00  G2 admissible: NO
      Spatial Exact Occ coll=0 fire=0 D_A=n/a info=0 distinct=150 | D_B=n/a cov=0.000 | refines=true | VoidWorkCount(0)
      Spatial Exact Mom coll=0 fire=0 D_A=n/a info=0 distinct=150 | D_B=n/a cov=0.000 | refines=true | VoidWorkCount(0)
      Spatial Exact Ene coll=0 fire=0 D_A=n/a info=0 distinct=150 | D_B=n/a cov=0.000 | refines=true | VoidWorkCount(0)
      Spatial Poisson Occ coll=0 fire=0 D_A=n/a info=0 distinct=150 | D_B=n/a cov=0.000 | refines=true | VoidWorkCount(0)
      Spatial Poisson Mom coll=0 fire=0 D_A=n/a info=0 distinct=150 | D_B=n/a cov=0.000 | refines=true | VoidWorkCount(0)
      Spatial Poisson Ene coll=0 fire=0 D_A=n/a info=0 distinct=150 | D_B=n/a cov=0.000 | refines=true | VoidWorkCount(0)
      BlindLabel Exact Occ coll=0 fire=0 D_A=n/a info=0 distinct=150 | D_B=n/a cov=0.000 | refines=true | VoidWorkCount(0)
      BlindLabel Exact Mom coll=0 fire=0 D_A=n/a info=0 distinct=150 | D_B=n/a cov=0.000 | refines=true | VoidWorkCount(0)
      BlindLabel Exact Ene coll=0 fire=0 D_A=n/a info=0 distinct=150 | D_B=n/a cov=0.000 | refines=true | VoidWorkCount(0)
      BlindLabel Poisson Occ coll=0 fire=0 D_A=n/a info=0 distinct=150 | D_B=n/a cov=0.000 | refines=true | VoidWorkCount(0)
      BlindLabel Poisson Mom coll=0 fire=0 D_A=n/a info=0 distinct=150 | D_B=n/a cov=0.000 | refines=true | VoidWorkCount(0)
      BlindLabel Poisson Ene coll=0 fire=0 D_A=n/a info=0 distinct=150 | D_B=n/a cov=0.000 | refines=true | VoidWorkCount(0)
      BlindIndex Exact Occ coll=11175 fire=0 D_A=0.000000 info=150 distinct=1 | D_B=0.000000 cov=1.000 | refines=true | VoidVacuous("no transport: the chart is frozen")
      BlindIndex Exact Mom coll=11175 fire=0 D_A=0.000000 info=150 distinct=1 | D_B=0.000000 cov=1.000 | refines=true | VoidVacuous("no transport: the chart is frozen")
      BlindIndex Exact Ene coll=11175 fire=0 D_A=0.000000 info=150 distinct=1 | D_B=0.000000 cov=1.000 | refines=true | VoidVacuous("no transport: the chart is frozen")
      BlindIndex Poisson Occ coll=11175 fire=0 D_A=0.000000 info=150 distinct=1 | D_B=0.000000 cov=1.000 | refines=true | VoidVacuous("no transport: the chart is frozen")
      BlindIndex Poisson Mom coll=11175 fire=0 D_A=0.000000 info=150 distinct=1 | D_B=0.000000 cov=1.000 | refines=true | VoidVacuous("no transport: the chart is frozen")
      BlindIndex Poisson Ene coll=11175 fire=0 D_A=0.000000 info=150 distinct=1 | D_B=0.000000 cov=1.000 | refines=true | VoidVacuous("no transport: the chart is frozen")
      GlobalRelabel Exact Occ coll=0 fire=0 D_A=n/a info=0 distinct=150 | D_B=n/a cov=0.000 | refines=true | VoidWorkCount(0)
      GlobalRelabel Exact Mom coll=0 fire=0 D_A=n/a info=0 distinct=150 | D_B=n/a cov=0.000 | refines=true | VoidWorkCount(0)
      GlobalRelabel Exact Ene coll=0 fire=0 D_A=n/a info=0 distinct=150 | D_B=n/a cov=0.000 | refines=true | VoidWorkCount(0)
      GlobalRelabel Poisson Occ coll=0 fire=0 D_A=n/a info=0 distinct=150 | D_B=n/a cov=0.000 | refines=true | VoidWorkCount(0)
      GlobalRelabel Poisson Mom coll=0 fire=0 D_A=n/a info=0 distinct=150 | D_B=n/a cov=0.000 | refines=true | VoidWorkCount(0)
      GlobalRelabel Poisson Ene coll=0 fire=0 D_A=n/a info=0 distinct=150 | D_B=n/a cov=0.000 | refines=true | VoidWorkCount(0)

# RUNG2_AMENDMENT_1.md was in force for every grid above: derived ladder, 3D cells, density read exact AND Poisson-binned side by side

===== COST (PREREG G11, work units, never wall clock) =====
frames read:       906
chart evaluations: 173952
