# RUNG 2 — the fluid-element chart
# stakes: RUNG2_PREREG.md @ aee5317
# dp = 1.321126 au (frozen 1.3211)
# de = 0.000950043 Ha (frozen 0.0009500435)
# bars: admissible occ >= 100, cells >= 4, fluct <= 0.1; transport >= 0.05; informative >= 200; beta = 0.02; separation >= 0.05

===== ARM fenced (8 trajectories) =====

-- seed 0x0000000053415421  n=12 dims=2 frames=20000 box=34.6x20.8 species=[1, 8]
   G9a species/arity constant: true
   G9b |p| first=7.437171e-6 last=1.057619e1   G9c Ek first=8.283362e-2 last=9.525973e-3  [ledger leg UNDISCHARGED: the dump carries no forces]
   grid 1x1 cells=1 occ=12.000 fluct=0.000 transport=0.0000  G2 admissible: NO
      Spatial Occ coll=199970001 fire=0 D_A=0.000000 info=19999 distinct=1 | D_B=0.000000 cov=1.000 | refines=true | VoidVacuous("fewer than 2 cells: the fields are the invariants")
      Spatial Mom coll=23174762 fire=61793 D_A=0.002666 info=19890 distinct=313 | D_B=0.027848 cov=0.079 | refines=true | VoidVacuous("fewer than 2 cells: the fields are the invariants")
         witnesses (listing capped at 10, count above is exact): (12428,12622) (12428,12633) (12622,12633)
      Spatial Ene coll=2294637 fire=1910618 D_A=0.832645 info=19125 distinct=1643 | D_B=0.711423 cov=0.050 | refines=true | VoidVacuous("fewer than 2 cells: the fields are the invariants")
         witnesses (listing capped at 10, count above is exact): (9805,9818) (9805,9878) (9805,9968)
      Spatial G8 weak (monotone counts): true
      BlindLabel Occ coll=199970001 fire=0 D_A=0.000000 info=19999 distinct=1 | D_B=0.000000 cov=1.000 | refines=true | VoidVacuous("fewer than 2 cells: the fields are the invariants")
      BlindLabel Mom coll=23174762 fire=61793 D_A=0.002666 info=19890 distinct=313 | D_B=0.027848 cov=0.079 | refines=true | VoidVacuous("fewer than 2 cells: the fields are the invariants")
         witnesses (listing capped at 10, count above is exact): (13388,13531) (13388,13532) (13531,13532)
      BlindLabel Ene coll=2294637 fire=1910618 D_A=0.832645 info=19125 distinct=1643 | D_B=0.711423 cov=0.050 | refines=true | VoidVacuous("fewer than 2 cells: the fields are the invariants")
         witnesses (listing capped at 10, count above is exact): (4230,4248) (8397,8407) (8397,8422)
      BlindLabel G8 weak (monotone counts): true
      BlindIndex Occ coll=199970001 fire=0 D_A=0.000000 info=19999 distinct=1 | D_B=0.000000 cov=1.000 | refines=true | VoidVacuous("fewer than 2 cells: the fields are the invariants")
      BlindIndex Mom coll=23174762 fire=61793 D_A=0.002666 info=19890 distinct=313 | D_B=0.027848 cov=0.079 | refines=true | VoidVacuous("fewer than 2 cells: the fields are the invariants")
         witnesses (listing capped at 10, count above is exact): (104,105) (133,142) (8363,8364)
      BlindIndex Ene coll=2294637 fire=1910618 D_A=0.832645 info=19125 distinct=1643 | D_B=0.711423 cov=0.050 | refines=true | VoidVacuous("fewer than 2 cells: the fields are the invariants")
         witnesses (listing capped at 10, count above is exact): (8679,8680) (8679,8687) (8679,8703)
      BlindIndex G8 weak (monotone counts): true
      GlobalRelabel Occ coll=199970001 fire=0 D_A=0.000000 info=19999 distinct=1 | D_B=0.000000 cov=1.000 | refines=true | VoidVacuous("fewer than 2 cells: the fields are the invariants")
      GlobalRelabel Mom coll=23174762 fire=61793 D_A=0.002666 info=19890 distinct=313 | D_B=0.027848 cov=0.079 | refines=true | VoidVacuous("fewer than 2 cells: the fields are the invariants")
         witnesses (listing capped at 10, count above is exact): (8892,9222) (13011,13129) (13011,13228)
      GlobalRelabel Ene coll=2294637 fire=1910618 D_A=0.832645 info=19125 distinct=1643 | D_B=0.711423 cov=0.050 | refines=true | VoidVacuous("fewer than 2 cells: the fields are the invariants")
         witnesses (listing capped at 10, count above is exact): (19585,19673) (19585,19674) (19585,19746)
      GlobalRelabel G8 weak (monotone counts): true
   grid 2x1 cells=2 occ=6.000 fluct=0.388 transport=0.0044  G2 admissible: NO
      Spatial Occ coll=40243097 fire=169651 D_A=0.004216 info=19999 distinct=12 | D_B=0.003369 cov=0.505 | refines=true | VoidVacuous("no transport: the chart is frozen")
         witnesses (listing capped at 10, count above is exact): (2307,2309) (3326,3331) (3326,9053)
      Spatial Mom coll=4178887 fire=46802 D_A=0.011200 info=19171 distinct=1752 | D_B=0.003472 cov=0.029 | refines=true | VoidVacuous("no transport: the chart is frozen")
         witnesses (listing capped at 10, count above is exact): (2376,2650) (2376,2911) (2376,3029)
      Spatial Ene coll=202669 fire=170695 D_A=0.842235 info=15846 distinct=6064 | D_B=0.817518 cov=0.027 | refines=true | VoidVacuous("no transport: the chart is frozen")
         witnesses (listing capped at 10, count above is exact): (4347,4374) (4347,4385) (4347,4386)
      Spatial G8 weak (monotone counts): true
      BlindLabel Occ coll=56675917 fire=300530 D_A=0.005303 info=19999 distinct=7 | D_B=0.005024 cov=0.975 | refines=true | VoidVacuous("no transport: the chart is frozen")
         witnesses (listing capped at 10, count above is exact): (0,37) (0,2306) (37,2306)
      BlindLabel Mom coll=38041 fire=33819 D_A=0.889014 info=13569 distinct=10270 | D_B=0.984962 cov=0.013 | refines=true | VoidVacuous("no transport: the chart is frozen")
         witnesses (listing capped at 10, count above is exact): (1179,1293) (1179,1729) (1293,1729)
      BlindLabel Ene coll=1983 fire=1943 D_A=0.979829 info=2595 distinct=18542 | D_B=1.000000 cov=0.001 | refines=true | VoidVacuous("no transport: the chart is frozen")
         witnesses (listing capped at 10, count above is exact): (934,999) (1305,1797) (3405,3608)
      BlindLabel G8 weak (monotone counts): true
      BlindIndex Occ coll=199970001 fire=0 D_A=0.000000 info=19999 distinct=1 | D_B=0.000000 cov=1.000 | refines=true | VoidVacuous("no transport: the chart is frozen")
      BlindIndex Mom coll=40217 fire=39233 D_A=0.975533 info=13616 distinct=9923 | D_B=0.993151 cov=0.029 | refines=true | VoidVacuous("no transport: the chart is frozen")
         witnesses (listing capped at 10, count above is exact): (1149,1691) (1149,2719) (1149,4678)
      BlindIndex Ene coll=1911 fire=1898 D_A=0.993197 info=2742 distinct=18482 | D_B=1.000000 cov=0.001 | refines=true | VoidVacuous("no transport: the chart is frozen")
         witnesses (listing capped at 10, count above is exact): (1669,3386) (2583,3556) (3141,3689)
      BlindIndex G8 weak (monotone counts): true
      GlobalRelabel Occ coll=40243097 fire=169651 D_A=0.004216 info=19999 distinct=12 | D_B=0.003369 cov=0.505 | refines=true | VoidVacuous("no transport: the chart is frozen")
         witnesses (listing capped at 10, count above is exact): (2307,2309) (2307,3325) (2309,3325)
      GlobalRelabel Mom coll=4178887 fire=46802 D_A=0.011200 info=19171 distinct=1752 | D_B=0.003472 cov=0.029 | refines=true | VoidVacuous("no transport: the chart is frozen")
         witnesses (listing capped at 10, count above is exact): (758,839) (758,1283) (758,1446)
      GlobalRelabel Ene coll=202669 fire=170695 D_A=0.842235 info=15846 distinct=6064 | D_B=0.817518 cov=0.027 | refines=true | VoidVacuous("no transport: the chart is frozen")
         witnesses (listing capped at 10, count above is exact): (9330,9336) (9330,9338) (9330,9362)
      GlobalRelabel G8 weak (monotone counts): true
   grid 2x2 cells=4 occ=3.000 fluct=0.757 transport=0.0077  G2 admissible: NO
      Spatial Occ coll=19136076 fire=109328 D_A=0.005713 info=19998 distinct=51 | D_B=0.006941 cov=0.202 | refines=true | VoidVacuous("no transport: the chart is frozen")
         witnesses (listing capped at 10, count above is exact): (1,37) (6461,6548) (6461,8095)
      Spatial Mom coll=2842655 fire=35744 D_A=0.012574 info=17331 distinct=4323 | D_B=0.003484 cov=0.029 | refines=true | VoidVacuous("no transport: the chart is frozen")
         witnesses (listing capped at 10, count above is exact): (554,687) (554,740) (554,925)
      Spatial Ene coll=110554 fire=95161 D_A=0.860765 info=12256 distinct=9818 | D_B=0.901515 cov=0.026 | refines=true | VoidVacuous("no transport: the chart is frozen")
         witnesses (listing capped at 10, count above is exact): (11263,11343) (11263,11366) (11263,11456)
      Spatial G8 weak (monotone counts): true
      BlindLabel Occ coll=23679151 fire=146977 D_A=0.006207 info=19998 distinct=46 | D_B=0.008151 cov=0.307 | refines=true | VoidVacuous("no transport: the chart is frozen")
         witnesses (listing capped at 10, count above is exact): (9054,9093) (9054,9128) (9094,9123)
      BlindLabel Mom coll=948 fire=917 D_A=0.967300 info=1485 distinct=19205 | D_B=1.000000 cov=0.001 | refines=true | VoidVacuous("no transport: the chart is frozen")
         witnesses (listing capped at 10, count above is exact): (737,1700) (737,1808) (1070,1151)
      BlindLabel Ene coll=48 fire=47 D_A=0.979167 info=82 distinct=19956 | D_B=n/a cov=0.000 | refines=true | VoidVacuous("no transport: the chart is frozen")
         witnesses (listing capped at 10, count above is exact): (2505,2578) (9811,9812) (9870,9871)
      BlindLabel G8 weak (monotone counts): true
      BlindIndex Occ coll=199970001 fire=0 D_A=0.000000 info=19999 distinct=1 | D_B=0.000000 cov=1.000 | refines=true | VoidVacuous("no transport: the chart is frozen")
      BlindIndex Mom coll=134 fire=131 D_A=0.977612 info=259 distinct=19868 | D_B=n/a cov=0.000 | refines=true | VoidVacuous("no transport: the chart is frozen")
         witnesses (listing capped at 10, count above is exact): (1106,1565) (2422,2973) (2644,3049)
      BlindIndex Ene coll=13 fire=13 D_A=1.000000 info=26 distinct=19986 | D_B=n/a cov=0.000 | refines=true | VoidVacuous("no transport: the chart is frozen")
         witnesses (listing capped at 10, count above is exact): (2422,2973) (3613,3694) (3622,3703)
      BlindIndex G8 weak (monotone counts): true
      GlobalRelabel Occ coll=19136076 fire=109328 D_A=0.005713 info=19998 distinct=51 | D_B=0.006941 cov=0.202 | refines=true | VoidVacuous("no transport: the chart is frozen")
         witnesses (listing capped at 10, count above is exact): (1818,1819) (1818,2306) (1819,2306)
      GlobalRelabel Mom coll=2842655 fire=35744 D_A=0.012574 info=17331 distinct=4323 | D_B=0.003484 cov=0.029 | refines=true | VoidVacuous("no transport: the chart is frozen")
         witnesses (listing capped at 10, count above is exact): (88,90) (718,864) (718,945)
      GlobalRelabel Ene coll=110554 fire=95161 D_A=0.860765 info=12256 distinct=9818 | D_B=0.893939 cov=0.026 | refines=true | VoidVacuous("no transport: the chart is frozen")
         witnesses (listing capped at 10, count above is exact): (4781,4799) (12154,12155) (12154,12159)
      GlobalRelabel G8 weak (monotone counts): true
   grid 4x2 cells=8 occ=1.500 fluct=1.122 transport=0.0132  G2 admissible: NO
      Spatial Occ coll=8481252 fire=61762 D_A=0.007282 info=19996 distinct=139 | D_B=0.002967 cov=0.034 | refines=true | VoidVacuous("no transport: the chart is frozen")
         witnesses (listing capped at 10, count above is exact): (9054,9093) (9734,9761) (13058,13079)
      Spatial Mom coll=894778 fire=30520 D_A=0.034109 info=15288 distinct=6864 | D_B=0.882353 cov=0.009 | refines=true | VoidVacuous("no transport: the chart is frozen")
         witnesses (listing capped at 10, count above is exact): (759,797) (759,824) (759,905)
      Spatial Ene coll=37693 fire=32751 D_A=0.868888 info=7479 distinct=14285 | D_B=n/a cov=0.000 | refines=true | VoidVacuous("no transport: the chart is frozen")
         witnesses (listing capped at 10, count above is exact): (5307,5323) (5307,5357) (5307,5404)
      Spatial G8 weak (monotone counts): true
      BlindLabel Occ coll=8599908 fire=62074 D_A=0.007218 info=19996 distinct=151 | D_B=0.002967 cov=0.034 | refines=true | VoidVacuous("no transport: the chart is frozen")
         witnesses (listing capped at 10, count above is exact): (10336,10428) (10557,10618) (10899,10935)
      BlindLabel Mom coll=23 fire=23 D_A=1.000000 info=46 distinct=19976 | D_B=n/a cov=0.000 | refines=true | VoidVacuous("no transport: the chart is frozen")
         witnesses (listing capped at 10, count above is exact): (2,3) (12845,12846) (12973,12974)
      BlindLabel Ene coll=5 fire=5 D_A=1.000000 info=10 distinct=19994 | D_B=n/a cov=0.000 | refines=true | VoidVacuous("no transport: the chart is frozen")
         witnesses (listing capped at 10, count above is exact): (6,7) (12973,12974) (15020,15021)
      BlindLabel G8 weak (monotone counts): true
      BlindIndex Occ coll=199970001 fire=0 D_A=0.000000 info=19999 distinct=1 | D_B=0.000000 cov=1.000 | refines=true | VoidVacuous("no transport: the chart is frozen")
      BlindIndex Mom coll=8 fire=8 D_A=1.000000 info=16 distinct=19991 | D_B=n/a cov=0.000 | refines=true | VoidVacuous("no transport: the chart is frozen")
         witnesses (listing capped at 10, count above is exact): (0,1) (3,4) (6,7)
      BlindIndex Ene coll=0 fire=0 D_A=n/a info=0 distinct=19999 | D_B=n/a cov=0.000 | refines=true | VoidVacuous("no transport: the chart is frozen")
      BlindIndex G8 weak (monotone counts): true
      GlobalRelabel Occ coll=8481252 fire=61762 D_A=0.007282 info=19996 distinct=139 | D_B=0.002967 cov=0.034 | refines=true | VoidVacuous("no transport: the chart is frozen")
         witnesses (listing capped at 10, count above is exact): (1818,1819) (1818,2306) (1819,2306)
      GlobalRelabel Mom coll=894778 fire=30520 D_A=0.034109 info=15288 distinct=6864 | D_B=0.823529 cov=0.009 | refines=true | VoidVacuous("no transport: the chart is frozen")
         witnesses (listing capped at 10, count above is exact): (2458,2884) (8028,8043) (13276,13310)
      GlobalRelabel Ene coll=37693 fire=32751 D_A=0.868888 info=7479 distinct=14285 | D_B=n/a cov=0.000 | refines=true | VoidVacuous("no transport: the chart is frozen")
         witnesses (listing capped at 10, count above is exact): (8344,8346) (11772,11789) (11772,11800)
      GlobalRelabel G8 weak (monotone counts): true
   grid 6x4 cells=24 occ=0.500 fluct=1.782 transport=0.0452  G2 admissible: NO
      Spatial Occ coll=2866514 fire=93506 D_A=0.032620 info=19982 distinct=422 | D_B=0.142857 cov=0.001 | refines=true | VoidVacuous("no transport: the chart is frozen")
         witnesses (listing capped at 10, count above is exact): (3939,4088) (10100,10105) (10833,10835)
      Spatial Mom coll=4434 fire=2719 D_A=0.613216 info=2356 distinct=18505 | D_B=0.428571 cov=0.001 | refines=true | VoidVacuous("no transport: the chart is frozen")
         witnesses (listing capped at 10, count above is exact): (3800,3827) (10652,10791) (11522,11524)
      Spatial Ene coll=325 fire=305 D_A=0.938462 info=420 distinct=19762 | D_B=0.714286 cov=0.001 | refines=true | VoidVacuous("no transport: the chart is frozen")
         witnesses (listing capped at 10, count above is exact): (9970,9987) (10310,10471) (11964,11965)
      Spatial G8 weak (monotone counts): true
      BlindLabel Occ coll=2846032 fire=91948 D_A=0.032307 info=19982 distinct=444 | D_B=0.142857 cov=0.001 | refines=true | VoidVacuous("no transport: the chart is frozen")
         witnesses (listing capped at 10, count above is exact): (8586,8588) (9563,9578) (11423,11427)
      BlindLabel Mom coll=16 fire=14 D_A=0.875000 info=26 distinct=19985 | D_B=n/a cov=0.000 | refines=true | VoidVacuous("no transport: the chart is frozen")
         witnesses (listing capped at 10, count above is exact): (2,4) (2028,2109) (8721,8722)
      BlindLabel Ene coll=2 fire=2 D_A=1.000000 info=4 distinct=19997 | D_B=n/a cov=0.000 | refines=true | VoidVacuous("no transport: the chart is frozen")
         witnesses (listing capped at 10, count above is exact): (17489,17490) (18226,18227)
      BlindLabel G8 weak (monotone counts): true
      BlindIndex Occ coll=199970001 fire=0 D_A=0.000000 info=19999 distinct=1 | D_B=0.000000 cov=1.000 | refines=true | VoidVacuous("no transport: the chart is frozen")
      BlindIndex Mom coll=3 fire=3 D_A=1.000000 info=6 distinct=19996 | D_B=n/a cov=0.000 | refines=true | VoidVacuous("no transport: the chart is frozen")
         witnesses (listing capped at 10, count above is exact): (3,4) (6,7) (8,9)
      BlindIndex Ene coll=0 fire=0 D_A=n/a info=0 distinct=19999 | D_B=n/a cov=0.000 | refines=true | VoidVacuous("no transport: the chart is frozen")
      BlindIndex G8 weak (monotone counts): true
      GlobalRelabel Occ coll=2866514 fire=93506 D_A=0.032620 info=19982 distinct=422 | D_B=0.142857 cov=0.001 | refines=true | VoidVacuous("no transport: the chart is frozen")
         witnesses (listing capped at 10, count above is exact): (7967,7970) (7967,8052) (7970,8052)
      GlobalRelabel Mom coll=4434 fire=2719 D_A=0.613216 info=2356 distinct=18505 | D_B=0.428571 cov=0.001 | refines=true | VoidVacuous("no transport: the chart is frozen")
         witnesses (listing capped at 10, count above is exact): (10331,10396) (10331,10409) (10331,10434)
      GlobalRelabel Ene coll=325 fire=305 D_A=0.938462 info=420 distinct=19762 | D_B=0.714286 cov=0.001 | refines=true | VoidVacuous("no transport: the chart is frozen")
         witnesses (listing capped at 10, count above is exact): (9870,9953) (9882,9946) (9882,9983)
      GlobalRelabel G8 weak (monotone counts): true

-- seed 0x0000000053415422  n=12 dims=2 frames=20000 box=34.6x20.8 species=[1, 8]
   G9a species/arity constant: true
   G9b |p| first=2.879544e-6 last=4.765666e0   G9c Ek first=8.893363e-2 last=9.009887e-3  [ledger leg UNDISCHARGED: the dump carries no forces]
   grid 1x1 cells=1 occ=12.000 fluct=0.000 transport=0.0000  G2 admissible: NO
      Spatial Occ coll=199970001 fire=0 D_A=0.000000 info=19999 distinct=1 | D_B=0.000000 cov=1.000 | refines=true | VoidVacuous("fewer than 2 cells: the fields are the invariants")
      Spatial Mom coll=20695741 fire=58307 D_A=0.002817 info=19918 distinct=265 | D_B=0.450563 cov=0.080 | refines=true | VoidVacuous("fewer than 2 cells: the fields are the invariants")
         witnesses (listing capped at 10, count above is exact): (32,36) (32,16603) (36,16603)
      Spatial Ene coll=1882175 fire=1619870 D_A=0.860637 info=19263 distinct=1503 | D_B=0.865169 cov=0.027 | refines=true | VoidVacuous("fewer than 2 cells: the fields are the invariants")
         witnesses (listing capped at 10, count above is exact): (7524,7570) (7524,7573) (7570,7573)
      Spatial G8 weak (monotone counts): true
      BlindLabel Occ coll=199970001 fire=0 D_A=0.000000 info=19999 distinct=1 | D_B=0.000000 cov=1.000 | refines=true | VoidVacuous("fewer than 2 cells: the fields are the invariants")
      BlindLabel Mom coll=20695741 fire=58307 D_A=0.002817 info=19918 distinct=265 | D_B=0.450563 cov=0.080 | refines=true | VoidVacuous("fewer than 2 cells: the fields are the invariants")
         witnesses (listing capped at 10, count above is exact): (133,139) (283,306) (283,315)
      BlindLabel Ene coll=1882175 fire=1619870 D_A=0.860637 info=19263 distinct=1503 | D_B=0.865169 cov=0.027 | refines=true | VoidVacuous("fewer than 2 cells: the fields are the invariants")
         witnesses (listing capped at 10, count above is exact): (6396,6436) (6396,6541) (6396,6598)
      BlindLabel G8 weak (monotone counts): true
      BlindIndex Occ coll=199970001 fire=0 D_A=0.000000 info=19999 distinct=1 | D_B=0.000000 cov=1.000 | refines=true | VoidVacuous("fewer than 2 cells: the fields are the invariants")
      BlindIndex Mom coll=20695741 fire=58307 D_A=0.002817 info=19918 distinct=265 | D_B=0.450563 cov=0.080 | refines=true | VoidVacuous("fewer than 2 cells: the fields are the invariants")
         witnesses (listing capped at 10, count above is exact): (13082,13089) (14693,14826) (15503,15504)
      BlindIndex Ene coll=1882175 fire=1619870 D_A=0.860637 info=19263 distinct=1503 | D_B=0.865169 cov=0.027 | refines=true | VoidVacuous("fewer than 2 cells: the fields are the invariants")
         witnesses (listing capped at 10, count above is exact): (525,554) (525,578) (525,581)
      BlindIndex G8 weak (monotone counts): true
      GlobalRelabel Occ coll=199970001 fire=0 D_A=0.000000 info=19999 distinct=1 | D_B=0.000000 cov=1.000 | refines=true | VoidVacuous("fewer than 2 cells: the fields are the invariants")
      GlobalRelabel Mom coll=20695741 fire=58307 D_A=0.002817 info=19918 distinct=265 | D_B=0.450563 cov=0.080 | refines=true | VoidVacuous("fewer than 2 cells: the fields are the invariants")
         witnesses (listing capped at 10, count above is exact): (133,139) (182,183) (182,199)
      GlobalRelabel Ene coll=1882175 fire=1619870 D_A=0.860637 info=19263 distinct=1503 | D_B=0.865169 cov=0.027 | refines=true | VoidVacuous("fewer than 2 cells: the fields are the invariants")
         witnesses (listing capped at 10, count above is exact): (14923,14933) (14923,14967) (14923,14979)
      GlobalRelabel G8 weak (monotone counts): true
   grid 2x1 cells=2 occ=6.000 fluct=0.384 transport=0.0057  G2 admissible: NO
      Spatial Occ coll=44015867 fire=200552 D_A=0.004556 info=19999 distinct=13 | D_B=0.015260 cov=0.210 | refines=true | VoidVacuous("no transport: the chart is frozen")
         witnesses (listing capped at 10, count above is exact): (4561,4564) (4561,4726) (4564,4726)
      Spatial Mom coll=5874477 fire=49374 D_A=0.008405 info=19605 distinct=1060 | D_B=0.017241 cov=0.006 | refines=true | VoidVacuous("no transport: the chart is frozen")
         witnesses (listing capped at 10, count above is exact): (4218,4560) (4218,4567) (4560,4567)
      Spatial Ene coll=172313 fire=151594 D_A=0.879760 info=16792 distinct=5411 | D_B=0.933333 cov=0.002 | refines=true | VoidVacuous("no transport: the chart is frozen")
         witnesses (listing capped at 10, count above is exact): (1647,1735) (1647,1812) (1647,1877)
      Spatial G8 weak (monotone counts): true
      BlindLabel Occ coll=52043129 fire=510295 D_A=0.009805 info=19999 distinct=7 | D_B=0.012277 cov=0.448 | refines=true | VoidVacuous("no transport: the chart is frozen")
         witnesses (listing capped at 10, count above is exact): (99,4560) (99,12398) (99,12574)
      BlindLabel Mom coll=54912 fire=53134 D_A=0.967621 info=12424 distinct=10800 | D_B=1.000000 cov=0.001 | refines=true | VoidVacuous("no transport: the chart is frozen")
         witnesses (listing capped at 10, count above is exact): (454,694) (454,854) (454,1169)
      BlindLabel Ene coll=1132 fire=1118 D_A=0.987633 info=1901 distinct=18994 | D_B=n/a cov=0.000 | refines=true | VoidVacuous("no transport: the chart is frozen")
         witnesses (listing capped at 10, count above is exact): (846,2039) (991,1624) (991,1900)
      BlindLabel G8 weak (monotone counts): true
      BlindIndex Occ coll=199970001 fire=0 D_A=0.000000 info=19999 distinct=1 | D_B=0.000000 cov=1.000 | refines=true | VoidVacuous("no transport: the chart is frozen")
      BlindIndex Mom coll=83690 fire=82155 D_A=0.981659 info=15033 distinct=8310 | D_B=1.000000 cov=0.003 | refines=true | VoidVacuous("no transport: the chart is frozen")
         witnesses (listing capped at 10, count above is exact): (8268,8427) (8268,8461) (8268,8778)
      BlindIndex Ene coll=1732 fire=1720 D_A=0.993072 info=2759 distinct=18518 | D_B=1.000000 cov=0.000 | refines=true | VoidVacuous("no transport: the chart is frozen")
         witnesses (listing capped at 10, count above is exact): (1677,2983) (2735,2906) (4073,5497)
      BlindIndex G8 weak (monotone counts): true
      GlobalRelabel Occ coll=44015867 fire=200552 D_A=0.004556 info=19999 distinct=13 | D_B=0.015260 cov=0.210 | refines=true | VoidVacuous("no transport: the chart is frozen")
         witnesses (listing capped at 10, count above is exact): (99,4560) (99,11621) (4727,4729)
      GlobalRelabel Mom coll=5874477 fire=49374 D_A=0.008405 info=19605 distinct=1060 | D_B=0.017241 cov=0.006 | refines=true | VoidVacuous("no transport: the chart is frozen")
         witnesses (listing capped at 10, count above is exact): (12639,12664) (12639,12665) (12639,12668)
      GlobalRelabel Ene coll=172313 fire=151594 D_A=0.879760 info=16792 distinct=5411 | D_B=0.933333 cov=0.002 | refines=true | VoidVacuous("no transport: the chart is frozen")
         witnesses (listing capped at 10, count above is exact): (12361,12385) (12361,12396) (12361,12401)
      GlobalRelabel G8 weak (monotone counts): true
   grid 2x2 cells=4 occ=3.000 fluct=0.622 transport=0.0117  G2 admissible: NO
      Spatial Occ coll=17071830 fire=161685 D_A=0.009471 info=19998 distinct=77 | D_B=0.007740 cov=0.065 | refines=true | VoidVacuous("no transport: the chart is frozen")
         witnesses (listing capped at 10, count above is exact): (4063,4066) (4063,4560) (4066,4560)
      Spatial Mom coll=1259659 fire=87622 D_A=0.069560 info=18519 distinct=2747 | D_B=0.017241 cov=0.006 | refines=true | VoidVacuous("no transport: the chart is frozen")
         witnesses (listing capped at 10, count above is exact): (578,579) (578,689) (578,763)
      Spatial Ene coll=45131 fire=35873 D_A=0.794864 info=10769 distinct=11858 | D_B=1.000000 cov=0.000 | refines=true | VoidVacuous("no transport: the chart is frozen")
         witnesses (listing capped at 10, count above is exact): (7757,7774) (7757,7814) (7757,7843)
      Spatial G8 weak (monotone counts): true
      BlindLabel Occ coll=18180566 fire=189342 D_A=0.010415 info=19998 distinct=64 | D_B=0.323590 cov=0.195 | refines=true | VoidVacuous("no transport: the chart is frozen")
         witnesses (listing capped at 10, count above is exact): (3925,3968) (3925,10426) (3925,10781)
      BlindLabel Mom coll=243 fire=214 D_A=0.880658 info=404 distinct=19789 | D_B=n/a cov=0.000 | refines=true | VoidVacuous("no transport: the chart is frozen")
         witnesses (listing capped at 10, count above is exact): (1440,1441) (1925,2758) (3091,3229)
      BlindLabel Ene coll=24 fire=24 D_A=1.000000 info=48 distinct=19975 | D_B=n/a cov=0.000 | refines=true | VoidVacuous("no transport: the chart is frozen")
         witnesses (listing capped at 10, count above is exact): (14010,14011) (15477,15478) (15543,15544)
      BlindLabel G8 weak (monotone counts): true
      BlindIndex Occ coll=199970001 fire=0 D_A=0.000000 info=19999 distinct=1 | D_B=0.000000 cov=1.000 | refines=true | VoidVacuous("no transport: the chart is frozen")
      BlindIndex Mom coll=187 fire=184 D_A=0.983957 info=365 distinct=19815 | D_B=n/a cov=0.000 | refines=true | VoidVacuous("no transport: the chart is frozen")
         witnesses (listing capped at 10, count above is exact): (693,755) (854,1409) (1355,1508)
      BlindIndex Ene coll=29 fire=29 D_A=1.000000 info=58 distinct=19970 | D_B=n/a cov=0.000 | refines=true | VoidVacuous("no transport: the chart is frozen")
         witnesses (listing capped at 10, count above is exact): (15091,15092) (15699,15700) (16448,16449)
      BlindIndex G8 weak (monotone counts): true
      GlobalRelabel Occ coll=17071830 fire=161685 D_A=0.009471 info=19998 distinct=77 | D_B=0.478328 cov=0.065 | refines=true | VoidVacuous("no transport: the chart is frozen")
         witnesses (listing capped at 10, count above is exact): (99,181) (11632,11677) (12154,12231)
      GlobalRelabel Mom coll=1259659 fire=87622 D_A=0.069560 info=18519 distinct=2747 | D_B=0.017241 cov=0.006 | refines=true | VoidVacuous("no transport: the chart is frozen")
         witnesses (listing capped at 10, count above is exact): (8055,8071) (8055,8079) (8071,8079)
      GlobalRelabel Ene coll=45131 fire=35873 D_A=0.794864 info=10769 distinct=11858 | D_B=1.000000 cov=0.000 | refines=true | VoidVacuous("no transport: the chart is frozen")
         witnesses (listing capped at 10, count above is exact): (5062,5086) (9779,9820) (16031,16033)
      GlobalRelabel G8 weak (monotone counts): true
   grid 4x2 cells=8 occ=1.500 fluct=0.936 transport=0.0295  G2 admissible: NO
      Spatial Occ coll=6011976 fire=137628 D_A=0.022892 info=19995 distinct=203 | D_B=0.003067 cov=0.033 | refines=true | VoidVacuous("no transport: the chart is frozen")
         witnesses (listing capped at 10, count above is exact): (182,193) (182,214) (193,214)
      Spatial Mom coll=465721 fire=25891 D_A=0.055593 info=12439 distinct=9569 | D_B=0.017241 cov=0.006 | refines=true | VoidVacuous("no transport: the chart is frozen")
         witnesses (listing capped at 10, count above is exact): (4159,4256) (8739,8761) (11084,11085)
      Spatial Ene coll=8788 fire=6854 D_A=0.779927 info=4076 distinct=17282 | D_B=1.000000 cov=0.000 | refines=true | VoidVacuous("no transport: the chart is frozen")
         witnesses (listing capped at 10, count above is exact): (4897,5066) (4897,5182) (4897,5187)
      Spatial G8 weak (monotone counts): true
      BlindLabel Occ coll=5780552 fire=130411 D_A=0.022560 info=19993 distinct=209 | D_B=0.003067 cov=0.033 | refines=true | VoidVacuous("no transport: the chart is frozen")
         witnesses (listing capped at 10, count above is exact): (0,3) (13207,13346) (13796,14025)
      BlindLabel Mom coll=41 fire=41 D_A=1.000000 info=82 distinct=19958 | D_B=n/a cov=0.000 | refines=true | VoidVacuous("no transport: the chart is frozen")
         witnesses (listing capped at 10, count above is exact): (13309,13310) (14222,14223) (14761,14762)
      BlindLabel Ene coll=8 fire=8 D_A=1.000000 info=16 distinct=19991 | D_B=n/a cov=0.000 | refines=true | VoidVacuous("no transport: the chart is frozen")
         witnesses (listing capped at 10, count above is exact): (14222,14223) (14339,14340) (14523,14524)
      BlindLabel G8 weak (monotone counts): true
      BlindIndex Occ coll=199970001 fire=0 D_A=0.000000 info=19999 distinct=1 | D_B=0.000000 cov=1.000 | refines=true | VoidVacuous("no transport: the chart is frozen")
      BlindIndex Mom coll=19 fire=19 D_A=1.000000 info=38 distinct=19980 | D_B=n/a cov=0.000 | refines=true | VoidVacuous("no transport: the chart is frozen")
         witnesses (listing capped at 10, count above is exact): (9,10) (15,16) (15743,15744)
      BlindIndex Ene coll=3 fire=3 D_A=1.000000 info=6 distinct=19996 | D_B=n/a cov=0.000 | refines=true | VoidVacuous("no transport: the chart is frozen")
         witnesses (listing capped at 10, count above is exact): (15887,15888) (18155,18156) (18568,18569)
      BlindIndex G8 weak (monotone counts): true
      GlobalRelabel Occ coll=6011976 fire=137628 D_A=0.022892 info=19995 distinct=203 | D_B=0.003067 cov=0.033 | refines=true | VoidVacuous("no transport: the chart is frozen")
         witnesses (listing capped at 10, count above is exact): (16212,16227) (16212,16274) (16212,16286)
      GlobalRelabel Mom coll=465721 fire=25891 D_A=0.055593 info=12439 distinct=9569 | D_B=0.017241 cov=0.006 | refines=true | VoidVacuous("no transport: the chart is frozen")
         witnesses (listing capped at 10, count above is exact): (3020,3053) (3020,3168) (3020,3198)
      GlobalRelabel Ene coll=8788 fire=6854 D_A=0.779927 info=4076 distinct=17282 | D_B=1.000000 cov=0.000 | refines=true | VoidVacuous("no transport: the chart is frozen")
         witnesses (listing capped at 10, count above is exact): (5739,5880) (12249,12253) (19226,19233)
      GlobalRelabel G8 weak (monotone counts): true
   grid 6x4 cells=24 occ=0.500 fluct=1.770 transport=0.0657  G2 admissible: NO
      Spatial Occ coll=1901228 fire=255130 D_A=0.134192 info=19974 distinct=523 | D_B=0.084746 cov=0.006 | refines=true | NotClosed
         witnesses (listing capped at 10, count above is exact): (8,21) (12408,12413) (12710,12717)
      Spatial Mom coll=111866 fire=9577 D_A=0.085611 info=5177 distinct=16278 | D_B=n/a cov=0.000 | refines=true | NotClosed
         witnesses (listing capped at 10, count above is exact): (2588,2596) (3834,3850) (3834,3858)
      Spatial Ene coll=520 fire=507 D_A=0.975000 info=715 distinct=19599 | D_B=n/a cov=0.000 | refines=true | NotClosed
         witnesses (listing capped at 10, count above is exact): (3268,3296) (3346,3414) (3539,3628)
      Spatial G8 weak (monotone counts): true
      BlindLabel Occ coll=1894530 fire=254658 D_A=0.134418 info=19973 distinct=528 | D_B=0.084746 cov=0.006 | refines=true | NotClosed
         witnesses (listing capped at 10, count above is exact): (8426,8427) (8426,8465) (8427,8465)
      BlindLabel Mom coll=11 fire=10 D_A=0.909091 info=19 distinct=19989 | D_B=n/a cov=0.000 | refines=true | VoidWorkCount(19)
         witnesses (listing capped at 10, count above is exact): (5,6) (9,10) (11,12)
      BlindLabel Ene coll=2 fire=2 D_A=1.000000 info=4 distinct=19997 | D_B=n/a cov=0.000 | refines=true | VoidWorkCount(4)
         witnesses (listing capped at 10, count above is exact): (11,12) (18512,18513)
      BlindLabel G8 weak (monotone counts): true
      BlindIndex Occ coll=199970001 fire=0 D_A=0.000000 info=19999 distinct=1 | D_B=0.000000 cov=1.000 | refines=true | VoidVacuous("no transport: the chart is frozen")
      BlindIndex Mom coll=5 fire=5 D_A=1.000000 info=10 distinct=19994 | D_B=n/a cov=0.000 | refines=true | VoidVacuous("no transport: the chart is frozen")
         witnesses (listing capped at 10, count above is exact): (2,3) (7,8) (13,14)
      BlindIndex Ene coll=0 fire=0 D_A=n/a info=0 distinct=19999 | D_B=n/a cov=0.000 | refines=true | VoidVacuous("no transport: the chart is frozen")
      BlindIndex G8 weak (monotone counts): true
      GlobalRelabel Occ coll=1901228 fire=255130 D_A=0.134192 info=19974 distinct=523 | D_B=0.084746 cov=0.006 | refines=true | NotClosed
         witnesses (listing capped at 10, count above is exact): (5293,5294) (5293,5300) (5294,5300)
      GlobalRelabel Mom coll=111866 fire=9577 D_A=0.085611 info=5177 distinct=16278 | D_B=n/a cov=0.000 | refines=true | NotClosed
         witnesses (listing capped at 10, count above is exact): (605,782) (605,803) (605,805)
      GlobalRelabel Ene coll=520 fire=507 D_A=0.975000 info=715 distinct=19599 | D_B=n/a cov=0.000 | refines=true | NotClosed
         witnesses (listing capped at 10, count above is exact): (1900,2296) (3228,3272) (3369,3370)
      GlobalRelabel G8 weak (monotone counts): true

-- seed 0x0000000053415423  n=12 dims=2 frames=20000 box=34.6x20.8 species=[1, 8]
   G9a species/arity constant: true
   G9b |p| first=5.318598e-6 last=2.106085e1   G9c Ek first=1.353756e-1 last=1.145784e-2  [ledger leg UNDISCHARGED: the dump carries no forces]
   grid 1x1 cells=1 occ=12.000 fluct=0.000 transport=0.0000  G2 admissible: NO
      Spatial Occ coll=199970001 fire=0 D_A=0.000000 info=19999 distinct=1 | D_B=0.000000 cov=1.000 | refines=true | VoidVacuous("fewer than 2 cells: the fields are the invariants")
      Spatial Mom coll=2037393 fire=89368 D_A=0.043864 info=19841 distinct=496 | D_B=0.134666 cov=0.115 | refines=true | VoidVacuous("fewer than 2 cells: the fields are the invariants")
         witnesses (listing capped at 10, count above is exact): (85,86) (2501,2502) (6159,6164)
      Spatial Ene coll=398203 fire=278074 D_A=0.698322 info=18574 distinct=2856 | D_B=0.892231 cov=0.080 | refines=true | VoidVacuous("fewer than 2 cells: the fields are the invariants")
         witnesses (listing capped at 10, count above is exact): (3535,3843) (3535,3844) (3535,3877)
      Spatial G8 weak (monotone counts): true
      BlindLabel Occ coll=199970001 fire=0 D_A=0.000000 info=19999 distinct=1 | D_B=0.000000 cov=1.000 | refines=true | VoidVacuous("fewer than 2 cells: the fields are the invariants")
      BlindLabel Mom coll=2037393 fire=89368 D_A=0.043864 info=19841 distinct=496 | D_B=0.134666 cov=0.115 | refines=true | VoidVacuous("fewer than 2 cells: the fields are the invariants")
         witnesses (listing capped at 10, count above is exact): (1530,13978) (2151,2153) (2151,2407)
      BlindLabel Ene coll=398203 fire=278074 D_A=0.698322 info=18574 distinct=2856 | D_B=0.892231 cov=0.080 | refines=true | VoidVacuous("fewer than 2 cells: the fields are the invariants")
         witnesses (listing capped at 10, count above is exact): (1934,1951) (1934,1952) (1934,1961)
      BlindLabel G8 weak (monotone counts): true
      BlindIndex Occ coll=199970001 fire=0 D_A=0.000000 info=19999 distinct=1 | D_B=0.000000 cov=1.000 | refines=true | VoidVacuous("fewer than 2 cells: the fields are the invariants")
      BlindIndex Mom coll=2037393 fire=89368 D_A=0.043864 info=19841 distinct=496 | D_B=0.134666 cov=0.115 | refines=true | VoidVacuous("fewer than 2 cells: the fields are the invariants")
         witnesses (listing capped at 10, count above is exact): (195,9524) (2695,2863) (4678,4686)
      BlindIndex Ene coll=398203 fire=278074 D_A=0.698322 info=18574 distinct=2856 | D_B=0.892231 cov=0.080 | refines=true | VoidVacuous("fewer than 2 cells: the fields are the invariants")
         witnesses (listing capped at 10, count above is exact): (1610,1637) (6368,6407) (6368,6517)
      BlindIndex G8 weak (monotone counts): true
      GlobalRelabel Occ coll=199970001 fire=0 D_A=0.000000 info=19999 distinct=1 | D_B=0.000000 cov=1.000 | refines=true | VoidVacuous("fewer than 2 cells: the fields are the invariants")
      GlobalRelabel Mom coll=2037393 fire=89368 D_A=0.043864 info=19841 distinct=496 | D_B=0.134666 cov=0.115 | refines=true | VoidVacuous("fewer than 2 cells: the fields are the invariants")
         witnesses (listing capped at 10, count above is exact): (1533,1545) (2864,2875) (8120,14290)
      GlobalRelabel Ene coll=398203 fire=278074 D_A=0.698322 info=18574 distinct=2856 | D_B=0.892231 cov=0.080 | refines=true | VoidVacuous("fewer than 2 cells: the fields are the invariants")
         witnesses (listing capped at 10, count above is exact): (1562,1571) (1562,1580) (1562,1627)
      GlobalRelabel G8 weak (monotone counts): true
   grid 2x1 cells=2 occ=6.000 fluct=0.260 transport=0.0044  G2 admissible: NO
      Spatial Occ coll=31744315 fire=139240 D_A=0.004386 info=19999 distinct=17 | D_B=0.044393 cov=0.732 | refines=true | VoidVacuous("no transport: the chart is frozen")
         witnesses (listing capped at 10, count above is exact): (639,656) (639,1101) (639,13217)
      Spatial Mom coll=1118902 fire=44742 D_A=0.039987 info=18853 distinct=2109 | D_B=0.095238 cov=0.004 | refines=true | VoidVacuous("no transport: the chart is frozen")
         witnesses (listing capped at 10, count above is exact): (4965,4970) (4965,4984) (4970,4984)
      Spatial Ene coll=150369 fire=116698 D_A=0.776078 info=15328 distinct=6872 | D_B=0.815789 cov=0.004 | refines=true | VoidVacuous("no transport: the chart is frozen")
         witnesses (listing capped at 10, count above is exact): (6616,6648) (8933,8934) (8933,8940)
      Spatial G8 weak (monotone counts): true
      BlindLabel Occ coll=40261785 fire=188496 D_A=0.004682 info=19999 distinct=15 | D_B=0.023890 cov=0.942 | refines=true | VoidVacuous("no transport: the chart is frozen")
         witnesses (listing capped at 10, count above is exact): (0,20) (1102,1180) (1102,13191)
      BlindLabel Mom coll=26465 fire=21721 D_A=0.820744 info=10528 distinct=13019 | D_B=1.000000 cov=0.003 | refines=true | VoidVacuous("no transport: the chart is frozen")
         witnesses (listing capped at 10, count above is exact): (883,899) (883,955) (899,955)
      BlindLabel Ene coll=1574 fire=1537 D_A=0.976493 info=2306 distinct=18737 | D_B=1.000000 cov=0.000 | refines=true | VoidVacuous("no transport: the chart is frozen")
         witnesses (listing capped at 10, count above is exact): (931,971) (7490,7596) (8723,8816)
      BlindLabel G8 weak (monotone counts): true
      BlindIndex Occ coll=199970001 fire=0 D_A=0.000000 info=19999 distinct=1 | D_B=0.000000 cov=1.000 | refines=true | VoidVacuous("no transport: the chart is frozen")
      BlindIndex Mom coll=14460 fire=13146 D_A=0.909129 info=11043 distinct=12823 | D_B=0.974619 cov=0.020 | refines=true | VoidVacuous("no transport: the chart is frozen")
         witnesses (listing capped at 10, count above is exact): (6613,6736) (11926,11952) (11926,11953)
      BlindIndex Ene coll=1625 fire=1571 D_A=0.966769 info=2482 distinct=18652 | D_B=1.000000 cov=0.001 | refines=true | VoidVacuous("no transport: the chart is frozen")
         witnesses (listing capped at 10, count above is exact): (6622,6685) (9139,9140) (10873,11466)
      BlindIndex G8 weak (monotone counts): true
      GlobalRelabel Occ coll=31744315 fire=139240 D_A=0.004386 info=19999 distinct=17 | D_B=0.044393 cov=0.732 | refines=true | VoidVacuous("no transport: the chart is frozen")
         witnesses (listing capped at 10, count above is exact): (639,656) (639,1101) (639,13217)
      GlobalRelabel Mom coll=1118902 fire=44742 D_A=0.039987 info=18853 distinct=2109 | D_B=0.095238 cov=0.004 | refines=true | VoidVacuous("no transport: the chart is frozen")
         witnesses (listing capped at 10, count above is exact): (1599,1618) (1599,1690) (1618,1690)
      GlobalRelabel Ene coll=150369 fire=116698 D_A=0.776078 info=15328 distinct=6872 | D_B=0.815789 cov=0.004 | refines=true | VoidVacuous("no transport: the chart is frozen")
         witnesses (listing capped at 10, count above is exact): (3069,3077) (3999,4019) (6159,6171)
      GlobalRelabel G8 weak (monotone counts): true
   grid 2x2 cells=4 occ=3.000 fluct=0.555 transport=0.0106  G2 admissible: NO
      Spatial Occ coll=5329705 fire=49267 D_A=0.009244 info=19998 distinct=112 | D_B=0.008216 cov=0.085 | refines=true | VoidVacuous("no transport: the chart is frozen")
         witnesses (listing capped at 10, count above is exact): (3198,3203) (3198,3447) (3204,3211)
      Spatial Mom coll=649507 fire=37004 D_A=0.056972 info=17408 distinct=3949 | D_B=0.200000 cov=0.001 | refines=true | VoidVacuous("no transport: the chart is frozen")
         witnesses (listing capped at 10, count above is exact): (756,761) (756,767) (756,781)
      Spatial Ene coll=57780 fire=48382 D_A=0.837349 info=12464 distinct=10091 | D_B=0.800000 cov=0.001 | refines=true | VoidVacuous("no transport: the chart is frozen")
         witnesses (listing capped at 10, count above is exact): (6441,6472) (6441,6516) (6441,6522)
      Spatial G8 weak (monotone counts): true
      BlindLabel Occ coll=4954396 fire=47058 D_A=0.009498 info=19998 distinct=118 | D_B=0.012115 cov=0.091 | refines=true | VoidVacuous("no transport: the chart is frozen")
         witnesses (listing capped at 10, count above is exact): (31,33) (31,54) (33,54)
      BlindLabel Mom coll=707 fire=660 D_A=0.933522 info=1158 distinct=19389 | D_B=1.000000 cov=0.000 | refines=true | VoidVacuous("no transport: the chart is frozen")
         witnesses (listing capped at 10, count above is exact): (2400,2401) (2942,2982) (3286,3288)
      BlindLabel Ene coll=72 fire=72 D_A=1.000000 info=144 distinct=19927 | D_B=n/a cov=0.000 | refines=true | VoidVacuous("no transport: the chart is frozen")
         witnesses (listing capped at 10, count above is exact): (7846,7847) (8707,8708) (9585,9586)
      BlindLabel G8 weak (monotone counts): true
      BlindIndex Occ coll=199970001 fire=0 D_A=0.000000 info=19999 distinct=1 | D_B=0.000000 cov=1.000 | refines=true | VoidVacuous("no transport: the chart is frozen")
      BlindIndex Mom coll=251 fire=246 D_A=0.980080 info=484 distinct=19754 | D_B=n/a cov=0.000 | refines=true | VoidVacuous("no transport: the chart is frozen")
         witnesses (listing capped at 10, count above is exact): (6403,6466) (7589,7590) (8669,8670)
      BlindIndex Ene coll=35 fire=35 D_A=1.000000 info=70 distinct=19964 | D_B=n/a cov=0.000 | refines=true | VoidVacuous("no transport: the chart is frozen")
         witnesses (listing capped at 10, count above is exact): (9495,9496) (10626,10657) (11708,11709)
      BlindIndex G8 weak (monotone counts): true
      GlobalRelabel Occ coll=5329705 fire=49267 D_A=0.009244 info=19998 distinct=112 | D_B=0.008216 cov=0.085 | refines=true | VoidVacuous("no transport: the chart is frozen")
         witnesses (listing capped at 10, count above is exact): (84,87) (84,121) (84,129)
      GlobalRelabel Mom coll=649507 fire=37004 D_A=0.056972 info=17408 distinct=3949 | D_B=0.200000 cov=0.001 | refines=true | VoidVacuous("no transport: the chart is frozen")
         witnesses (listing capped at 10, count above is exact): (974,977) (974,985) (974,999)
      GlobalRelabel Ene coll=57780 fire=48382 D_A=0.837349 info=12464 distinct=10091 | D_B=0.800000 cov=0.001 | refines=true | VoidVacuous("no transport: the chart is frozen")
         witnesses (listing capped at 10, count above is exact): (1166,1167) (1166,1171) (1167,1171)
      GlobalRelabel G8 weak (monotone counts): true
   grid 4x2 cells=8 occ=1.500 fluct=0.865 transport=0.0195  G2 admissible: NO
      Spatial Occ coll=2186417 fire=33804 D_A=0.015461 info=19992 distinct=271 | D_B=0.200000 cov=0.001 | refines=true | VoidVacuous("no transport: the chart is frozen")
         witnesses (listing capped at 10, count above is exact): (6362,6370) (7597,7709) (9617,9665)
      Spatial Mom coll=331345 fire=30369 D_A=0.091654 info=15072 distinct=6854 | D_B=0.200000 cov=0.001 | refines=true | VoidVacuous("no transport: the chart is frozen")
         witnesses (listing capped at 10, count above is exact): (775,777) (2522,2523) (4734,4737)
      Spatial Ene coll=26024 fire=21854 D_A=0.839763 info=8563 distinct=13739 | D_B=n/a cov=0.000 | refines=true | VoidVacuous("no transport: the chart is frozen")
         witnesses (listing capped at 10, count above is exact): (13344,13348) (13344,13349) (13348,13349)
      Spatial G8 weak (monotone counts): true
      BlindLabel Occ coll=2174350 fire=33852 D_A=0.015569 info=19992 distinct=274 | D_B=0.060606 cov=0.003 | refines=true | VoidVacuous("no transport: the chart is frozen")
         witnesses (listing capped at 10, count above is exact): (1181,1183) (1181,1528) (1183,1528)
      BlindLabel Mom coll=82 fire=79 D_A=0.963415 info=150 distinct=19922 | D_B=n/a cov=0.000 | refines=true | VoidVacuous("no transport: the chart is frozen")
         witnesses (listing capped at 10, count above is exact): (0,1) (4750,4751) (7277,7287)
      BlindLabel Ene coll=10 fire=10 D_A=1.000000 info=20 distinct=19989 | D_B=n/a cov=0.000 | refines=true | VoidVacuous("no transport: the chart is frozen")
         witnesses (listing capped at 10, count above is exact): (4756,4771) (5639,5703) (11328,11329)
      BlindLabel G8 weak (monotone counts): true
      BlindIndex Occ coll=199970001 fire=0 D_A=0.000000 info=19999 distinct=1 | D_B=0.000000 cov=1.000 | refines=true | VoidVacuous("no transport: the chart is frozen")
      BlindIndex Mom coll=29 fire=29 D_A=1.000000 info=58 distinct=19970 | D_B=n/a cov=0.000 | refines=true | VoidVacuous("no transport: the chart is frozen")
         witnesses (listing capped at 10, count above is exact): (0,1) (2,3) (7983,7984)
      BlindIndex Ene coll=5 fire=5 D_A=1.000000 info=10 distinct=19994 | D_B=n/a cov=0.000 | refines=true | VoidVacuous("no transport: the chart is frozen")
         witnesses (listing capped at 10, count above is exact): (9086,9087) (10713,10714) (11796,11797)
      BlindIndex G8 weak (monotone counts): true
      GlobalRelabel Occ coll=2186417 fire=33804 D_A=0.015461 info=19992 distinct=271 | D_B=0.200000 cov=0.001 | refines=true | VoidVacuous("no transport: the chart is frozen")
         witnesses (listing capped at 10, count above is exact): (1920,2024) (5057,5061) (5057,5156)
      GlobalRelabel Mom coll=331345 fire=30369 D_A=0.091654 info=15072 distinct=6854 | D_B=0.200000 cov=0.001 | refines=true | VoidVacuous("no transport: the chart is frozen")
         witnesses (listing capped at 10, count above is exact): (732,745) (732,746) (732,974)
      GlobalRelabel Ene coll=26024 fire=21854 D_A=0.839763 info=8563 distinct=13739 | D_B=n/a cov=0.000 | refines=true | VoidVacuous("no transport: the chart is frozen")
         witnesses (listing capped at 10, count above is exact): (6071,6080) (6071,6082) (6080,6082)
      GlobalRelabel G8 weak (monotone counts): true
   grid 6x4 cells=24 occ=0.500 fluct=1.683 transport=0.0506  G2 admissible: NO
      Spatial Occ coll=748318 fire=37073 D_A=0.049542 info=19957 distinct=724 | D_B=0.200000 cov=0.001 | refines=true | NotClosed
         witnesses (listing capped at 10, count above is exact): (1116,1180) (5157,5258) (5370,5373)
      Spatial Mom coll=32250 fire=8021 D_A=0.248713 info=5886 distinct=15732 | D_B=1.000000 cov=0.000 | refines=true | NotClosed
         witnesses (listing capped at 10, count above is exact): (1425,1462) (1425,1463) (1462,1463)
      Spatial Ene coll=3166 fire=2798 D_A=0.883765 info=2080 distinct=18670 | D_B=n/a cov=0.000 | refines=true | NotClosed
         witnesses (listing capped at 10, count above is exact): (2780,2784) (10389,10390) (10519,10520)
      Spatial G8 weak (monotone counts): true
      BlindLabel Occ coll=741939 fire=36453 D_A=0.049132 info=19953 distinct=740 | D_B=0.200000 cov=0.001 | refines=true | NotClosed
         witnesses (listing capped at 10, count above is exact): (13461,13472) (13461,13473) (13472,13473)
      BlindLabel Mom coll=19 fire=19 D_A=1.000000 info=38 distinct=19980 | D_B=n/a cov=0.000 | refines=true | VoidWorkCount(38)
         witnesses (listing capped at 10, count above is exact): (2358,2359) (2784,2785) (8935,8936)
      BlindLabel Ene coll=1 fire=1 D_A=1.000000 info=2 distinct=19998 | D_B=n/a cov=0.000 | refines=true | VoidWorkCount(2)
         witnesses (listing capped at 10, count above is exact): (2784,2785)
      BlindLabel G8 weak (monotone counts): true
      BlindIndex Occ coll=199970001 fire=0 D_A=0.000000 info=19999 distinct=1 | D_B=0.000000 cov=1.000 | refines=true | VoidVacuous("no transport: the chart is frozen")
      BlindIndex Mom coll=7 fire=7 D_A=1.000000 info=14 distinct=19992 | D_B=n/a cov=0.000 | refines=true | VoidVacuous("no transport: the chart is frozen")
         witnesses (listing capped at 10, count above is exact): (7896,7897) (10336,10337) (13007,13008)
      BlindIndex Ene coll=0 fire=0 D_A=n/a info=0 distinct=19999 | D_B=n/a cov=0.000 | refines=true | VoidVacuous("no transport: the chart is frozen")
      BlindIndex G8 weak (monotone counts): true
      GlobalRelabel Occ coll=748318 fire=37073 D_A=0.049542 info=19957 distinct=724 | D_B=0.200000 cov=0.001 | refines=true | NotClosed
         witnesses (listing capped at 10, count above is exact): (88,89) (2020,2024) (5457,5460)
      GlobalRelabel Mom coll=32250 fire=8021 D_A=0.248713 info=5886 distinct=15732 | D_B=1.000000 cov=0.000 | refines=true | NotClosed
         witnesses (listing capped at 10, count above is exact): (2896,2898) (3031,3032) (3967,3968)
      GlobalRelabel Ene coll=3166 fire=2798 D_A=0.883765 info=2080 distinct=18670 | D_B=n/a cov=0.000 | refines=true | NotClosed
         witnesses (listing capped at 10, count above is exact): (2720,2728) (2720,2737) (2720,2748)
      GlobalRelabel G8 weak (monotone counts): true

-- seed 0x0000000053415424  n=12 dims=2 frames=20000 box=34.6x20.8 species=[1, 8]
   G9a species/arity constant: true
   G9b |p| first=3.764916e-6 last=1.673894e1   G9c Ek first=1.032070e-1 last=1.185896e-2  [ledger leg UNDISCHARGED: the dump carries no forces]
   grid 1x1 cells=1 occ=12.000 fluct=0.000 transport=0.0000  G2 admissible: NO
      Spatial Occ coll=199970001 fire=0 D_A=0.000000 info=19999 distinct=1 | D_B=0.000000 cov=1.000 | refines=true | VoidVacuous("fewer than 2 cells: the fields are the invariants")
      Spatial Mom coll=2642176 fire=61978 D_A=0.023457 info=19896 distinct=387 | D_B=0.737343 cov=0.231 | refines=true | VoidVacuous("fewer than 2 cells: the fields are the invariants")
         witnesses (listing capped at 10, count above is exact): (722,1453) (722,1622) (1453,1622)
      Spatial Ene coll=550278 fire=380464 D_A=0.691403 info=19082 distinct=2034 | D_B=0.942416 cov=0.071 | refines=true | VoidVacuous("fewer than 2 cells: the fields are the invariants")
         witnesses (listing capped at 10, count above is exact): (269,273) (7358,7371) (7358,7372)
      Spatial G8 weak (monotone counts): true
      BlindLabel Occ coll=199970001 fire=0 D_A=0.000000 info=19999 distinct=1 | D_B=0.000000 cov=1.000 | refines=true | VoidVacuous("fewer than 2 cells: the fields are the invariants")
      BlindLabel Mom coll=2642176 fire=61978 D_A=0.023457 info=19896 distinct=387 | D_B=0.737343 cov=0.231 | refines=true | VoidVacuous("fewer than 2 cells: the fields are the invariants")
         witnesses (listing capped at 10, count above is exact): (7960,8136) (7960,8323) (8136,8323)
      BlindLabel Ene coll=550278 fire=380464 D_A=0.691403 info=19082 distinct=2034 | D_B=0.942416 cov=0.071 | refines=true | VoidVacuous("fewer than 2 cells: the fields are the invariants")
         witnesses (listing capped at 10, count above is exact): (2933,2935) (2933,2936) (2933,2946)
      BlindLabel G8 weak (monotone counts): true
      BlindIndex Occ coll=199970001 fire=0 D_A=0.000000 info=19999 distinct=1 | D_B=0.000000 cov=1.000 | refines=true | VoidVacuous("fewer than 2 cells: the fields are the invariants")
      BlindIndex Mom coll=2642176 fire=61978 D_A=0.023457 info=19896 distinct=387 | D_B=0.737343 cov=0.231 | refines=true | VoidVacuous("fewer than 2 cells: the fields are the invariants")
         witnesses (listing capped at 10, count above is exact): (2160,2161) (5518,5522) (5518,14981)
      BlindIndex Ene coll=550278 fire=380464 D_A=0.691403 info=19082 distinct=2034 | D_B=0.942416 cov=0.071 | refines=true | VoidVacuous("fewer than 2 cells: the fields are the invariants")
         witnesses (listing capped at 10, count above is exact): (4803,4813) (4803,4841) (4803,4948)
      BlindIndex G8 weak (monotone counts): true
      GlobalRelabel Occ coll=199970001 fire=0 D_A=0.000000 info=19999 distinct=1 | D_B=0.000000 cov=1.000 | refines=true | VoidVacuous("fewer than 2 cells: the fields are the invariants")
      GlobalRelabel Mom coll=2642176 fire=61978 D_A=0.023457 info=19896 distinct=387 | D_B=0.737343 cov=0.231 | refines=true | VoidVacuous("fewer than 2 cells: the fields are the invariants")
         witnesses (listing capped at 10, count above is exact): (259,309) (259,8931) (259,9941)
      GlobalRelabel Ene coll=550278 fire=380464 D_A=0.691403 info=19082 distinct=2034 | D_B=0.942416 cov=0.071 | refines=true | VoidVacuous("fewer than 2 cells: the fields are the invariants")
         witnesses (listing capped at 10, count above is exact): (5472,5702) (5472,5718) (5472,5729)
      GlobalRelabel G8 weak (monotone counts): true
   grid 2x1 cells=2 occ=6.000 fluct=0.201 transport=0.0044  G2 admissible: NO
      Spatial Occ coll=71657287 fire=323177 D_A=0.004510 info=19999 distinct=14 | D_B=0.003385 cov=0.886 | refines=true | VoidVacuous("no transport: the chart is frozen")
         witnesses (listing capped at 10, count above is exact): (0,28) (0,41) (28,41)
      Spatial Mom coll=1765717 fire=40019 D_A=0.022664 info=19287 distinct=1522 | D_B=0.026316 cov=0.004 | refines=true | VoidVacuous("no transport: the chart is frozen")
         witnesses (listing capped at 10, count above is exact): (16791,16792) (16791,16819) (16792,16819)
      Spatial Ene coll=153148 fire=123749 D_A=0.808035 info=16697 distinct=5725 | D_B=0.760000 cov=0.003 | refines=true | VoidVacuous("no transport: the chart is frozen")
         witnesses (listing capped at 10, count above is exact): (4850,4878) (4850,4905) (4850,4917)
      Spatial G8 weak (monotone counts): true
      BlindLabel Occ coll=136744680 fire=617215 D_A=0.004514 info=19999 distinct=7 | D_B=0.003832 cov=0.913 | refines=true | VoidVacuous("no transport: the chart is frozen")
         witnesses (listing capped at 10, count above is exact): (29,35) (29,2761) (29,10389)
      BlindLabel Mom coll=10307 fire=9671 D_A=0.938294 info=9878 distinct=13881 | D_B=1.000000 cov=0.005 | refines=true | VoidVacuous("no transport: the chart is frozen")
         witnesses (listing capped at 10, count above is exact): (1205,1361) (1205,1583) (1361,1583)
      BlindLabel Ene coll=879 fire=865 D_A=0.984073 info=1492 distinct=19215 | D_B=1.000000 cov=0.000 | refines=true | VoidVacuous("no transport: the chart is frozen")
         witnesses (listing capped at 10, count above is exact): (6279,6332) (8574,8575) (10551,10579)
      BlindLabel G8 weak (monotone counts): true
      BlindIndex Occ coll=199970001 fire=0 D_A=0.000000 info=19999 distinct=1 | D_B=0.000000 cov=1.000 | refines=true | VoidVacuous("no transport: the chart is frozen")
      BlindIndex Mom coll=22444 fire=21063 D_A=0.938469 info=13351 distinct=10735 | D_B=0.982609 cov=0.011 | refines=true | VoidVacuous("no transport: the chart is frozen")
         witnesses (listing capped at 10, count above is exact): (2788,2807) (2788,2820) (2788,2857)
      BlindIndex Ene coll=1877 fire=1843 D_A=0.981886 info=2923 distinct=18414 | D_B=1.000000 cov=0.001 | refines=true | VoidVacuous("no transport: the chart is frozen")
         witnesses (listing capped at 10, count above is exact): (2984,3088) (8948,8968) (9383,9782)
      BlindIndex G8 weak (monotone counts): true
      GlobalRelabel Occ coll=71657287 fire=323177 D_A=0.004510 info=19999 distinct=14 | D_B=0.003385 cov=0.886 | refines=true | VoidVacuous("no transport: the chart is frozen")
         witnesses (listing capped at 10, count above is exact): (5784,5830) (5784,6063) (10859,10860)
      GlobalRelabel Mom coll=1765717 fire=40019 D_A=0.022664 info=19287 distinct=1522 | D_B=0.026316 cov=0.004 | refines=true | VoidVacuous("no transport: the chart is frozen")
         witnesses (listing capped at 10, count above is exact): (4736,4738) (17006,17033) (17006,17100)
      GlobalRelabel Ene coll=153148 fire=123749 D_A=0.808035 info=16697 distinct=5725 | D_B=0.760000 cov=0.003 | refines=true | VoidVacuous("no transport: the chart is frozen")
         witnesses (listing capped at 10, count above is exact): (3377,3378) (3377,3390) (3377,3399)
      GlobalRelabel G8 weak (monotone counts): true
   grid 2x2 cells=4 occ=3.000 fluct=0.459 transport=0.0131  G2 admissible: NO
      Spatial Occ coll=9618217 fire=98580 D_A=0.010249 info=19996 distinct=106 | D_B=0.066225 cov=0.347 | refines=true | VoidVacuous("no transport: the chart is frozen")
         witnesses (listing capped at 10, count above is exact): (2,4) (2,14338) (4,14338)
      Spatial Mom coll=926798 fire=31546 D_A=0.034038 info=17923 distinct=3487 | D_B=n/a cov=0.000 | refines=true | VoidVacuous("no transport: the chart is frozen")
         witnesses (listing capped at 10, count above is exact): (9,10) (9299,9313) (12635,12656)
      Spatial Ene coll=55703 fire=46658 D_A=0.837621 info=12395 distinct=10450 | D_B=n/a cov=0.000 | refines=true | VoidVacuous("no transport: the chart is frozen")
         witnesses (listing capped at 10, count above is exact): (12313,12314) (12313,12317) (12313,12339)
      Spatial G8 weak (monotone counts): true
      BlindLabel Occ coll=8576622 fire=103073 D_A=0.012018 info=19998 distinct=103 | D_B=0.007916 cov=0.038 | refines=true | VoidVacuous("no transport: the chart is frozen")
         witnesses (listing capped at 10, count above is exact): (231,235) (231,252) (11295,11994)
      BlindLabel Mom coll=1306 fire=1251 D_A=0.957887 info=1450 distinct=19160 | D_B=n/a cov=0.000 | refines=true | VoidVacuous("no transport: the chart is frozen")
         witnesses (listing capped at 10, count above is exact): (596,628) (3114,3145) (3114,3153)
      BlindLabel Ene coll=61 fire=61 D_A=1.000000 info=122 distinct=19938 | D_B=n/a cov=0.000 | refines=true | VoidVacuous("no transport: the chart is frozen")
         witnesses (listing capped at 10, count above is exact): (2523,2651) (3755,3757) (3786,3798)
      BlindLabel G8 weak (monotone counts): true
      BlindIndex Occ coll=199970001 fire=0 D_A=0.000000 info=19999 distinct=1 | D_B=0.000000 cov=1.000 | refines=true | VoidVacuous("no transport: the chart is frozen")
      BlindIndex Mom coll=126 fire=122 D_A=0.968254 info=241 distinct=19877 | D_B=n/a cov=0.000 | refines=true | VoidVacuous("no transport: the chart is frozen")
         witnesses (listing capped at 10, count above is exact): (2,5) (5527,5528) (7477,7478)
      BlindIndex Ene coll=15 fire=15 D_A=1.000000 info=30 distinct=19984 | D_B=n/a cov=0.000 | refines=true | VoidVacuous("no transport: the chart is frozen")
         witnesses (listing capped at 10, count above is exact): (9734,9761) (10405,10406) (10745,10771)
      BlindIndex G8 weak (monotone counts): true
      GlobalRelabel Occ coll=9618217 fire=98580 D_A=0.010249 info=19996 distinct=106 | D_B=0.012669 cov=0.347 | refines=true | VoidVacuous("no transport: the chart is frozen")
         witnesses (listing capped at 10, count above is exact): (2170,2193) (3828,3841) (5163,5346)
      GlobalRelabel Mom coll=926798 fire=31546 D_A=0.034038 info=17923 distinct=3487 | D_B=n/a cov=0.000 | refines=true | VoidVacuous("no transport: the chart is frozen")
         witnesses (listing capped at 10, count above is exact): (10431,10438) (10431,10458) (10431,10484)
      GlobalRelabel Ene coll=55703 fire=46658 D_A=0.837621 info=12395 distinct=10450 | D_B=n/a cov=0.000 | refines=true | VoidVacuous("no transport: the chart is frozen")
         witnesses (listing capped at 10, count above is exact): (1107,1127) (1107,1163) (6394,6434)
      GlobalRelabel G8 weak (monotone counts): true
   grid 4x2 cells=8 occ=1.500 fluct=0.782 transport=0.0247  G2 admissible: NO
      Spatial Occ coll=2095190 fire=46392 D_A=0.022142 info=19990 distinct=293 | D_B=0.125000 cov=0.002 | refines=true | VoidVacuous("no transport: the chart is frozen")
         witnesses (listing capped at 10, count above is exact): (6033,6063) (8075,8125) (8075,8187)
      Spatial Mom coll=343779 fire=22200 D_A=0.064576 info=13990 distinct=8126 | D_B=n/a cov=0.000 | refines=true | VoidVacuous("no transport: the chart is frozen")
         witnesses (listing capped at 10, count above is exact): (13124,13145) (13124,13161) (13124,13173)
      Spatial Ene coll=14060 fire=11917 D_A=0.847582 info=6323 distinct=15648 | D_B=n/a cov=0.000 | refines=true | VoidVacuous("no transport: the chart is frozen")
         witnesses (listing capped at 10, count above is exact): (13673,13680) (13673,13681) (13673,13684)
      Spatial G8 weak (monotone counts): true
      BlindLabel Occ coll=1996000 fire=42227 D_A=0.021156 info=19990 distinct=314 | D_B=0.071429 cov=0.001 | refines=true | VoidVacuous("no transport: the chart is frozen")
         witnesses (listing capped at 10, count above is exact): (43,46) (4942,5136) (6195,6263)
      BlindLabel Mom coll=35 fire=35 D_A=1.000000 info=70 distinct=19964 | D_B=n/a cov=0.000 | refines=true | VoidVacuous("no transport: the chart is frozen")
         witnesses (listing capped at 10, count above is exact): (0,1) (5301,5302) (9985,9986)
      BlindLabel Ene coll=5 fire=5 D_A=1.000000 info=10 distinct=19994 | D_B=n/a cov=0.000 | refines=true | VoidVacuous("no transport: the chart is frozen")
         witnesses (listing capped at 10, count above is exact): (11608,11609) (11902,11903) (17731,17732)
      BlindLabel G8 weak (monotone counts): true
      BlindIndex Occ coll=199970001 fire=0 D_A=0.000000 info=19999 distinct=1 | D_B=0.000000 cov=1.000 | refines=true | VoidVacuous("no transport: the chart is frozen")
      BlindIndex Mom coll=9 fire=9 D_A=1.000000 info=18 distinct=19990 | D_B=n/a cov=0.000 | refines=true | VoidVacuous("no transport: the chart is frozen")
         witnesses (listing capped at 10, count above is exact): (6,7) (10018,10019) (11417,11418)
      BlindIndex Ene coll=1 fire=1 D_A=1.000000 info=2 distinct=19998 | D_B=n/a cov=0.000 | refines=true | VoidVacuous("no transport: the chart is frozen")
         witnesses (listing capped at 10, count above is exact): (10018,10019)
      BlindIndex G8 weak (monotone counts): true
      GlobalRelabel Occ coll=2095190 fire=46392 D_A=0.022142 info=19990 distinct=293 | D_B=0.125000 cov=0.002 | refines=true | VoidVacuous("no transport: the chart is frozen")
         witnesses (listing capped at 10, count above is exact): (179,184) (179,14534) (184,14534)
      GlobalRelabel Mom coll=343779 fire=22200 D_A=0.064576 info=13990 distinct=8126 | D_B=n/a cov=0.000 | refines=true | VoidVacuous("no transport: the chart is frozen")
         witnesses (listing capped at 10, count above is exact): (17,18) (11957,11958) (15141,15143)
      GlobalRelabel Ene coll=14060 fire=11917 D_A=0.847582 info=6323 distinct=15648 | D_B=n/a cov=0.000 | refines=true | VoidVacuous("no transport: the chart is frozen")
         witnesses (listing capped at 10, count above is exact): (3022,3038) (3022,3054) (6904,6984)
      GlobalRelabel G8 weak (monotone counts): true
   grid 6x4 cells=24 occ=0.500 fluct=1.661 transport=0.0521  G2 admissible: NO
      Spatial Occ coll=771140 fire=35201 D_A=0.045648 info=19953 distinct=749 | D_B=0.071429 cov=0.001 | refines=true | NotClosed
         witnesses (listing capped at 10, count above is exact): (3099,3111) (3099,3117) (3111,3117)
      Spatial Mom coll=39065 fire=6651 D_A=0.170255 info=5169 distinct=16187 | D_B=n/a cov=0.000 | refines=true | NotClosed
         witnesses (listing capped at 10, count above is exact): (1236,1263) (2568,2657) (3921,3923)
      Spatial Ene coll=1909 fire=1690 D_A=0.885280 info=1536 distinct=19043 | D_B=n/a cov=0.000 | refines=true | NotClosed
         witnesses (listing capped at 10, count above is exact): (2805,2825) (6687,6688) (6818,6819)
      Spatial G8 weak (monotone counts): true
      BlindLabel Occ coll=679210 fire=30033 D_A=0.044218 info=19950 distinct=793 | D_B=0.071429 cov=0.001 | refines=true | NotClosed
         witnesses (listing capped at 10, count above is exact): (3876,3897) (8251,8257) (11599,11634)
      BlindLabel Mom coll=5 fire=5 D_A=1.000000 info=10 distinct=19994 | D_B=n/a cov=0.000 | refines=true | VoidWorkCount(10)
         witnesses (listing capped at 10, count above is exact): (3,4) (7,8) (6262,6263)
      BlindLabel Ene coll=1 fire=1 D_A=1.000000 info=2 distinct=19998 | D_B=n/a cov=0.000 | refines=true | VoidWorkCount(2)
         witnesses (listing capped at 10, count above is exact): (17959,17960)
      BlindLabel G8 weak (monotone counts): true
      BlindIndex Occ coll=199970001 fire=0 D_A=0.000000 info=19999 distinct=1 | D_B=0.000000 cov=1.000 | refines=true | VoidVacuous("no transport: the chart is frozen")
      BlindIndex Mom coll=4 fire=4 D_A=1.000000 info=8 distinct=19995 | D_B=n/a cov=0.000 | refines=true | VoidVacuous("no transport: the chart is frozen")
         witnesses (listing capped at 10, count above is exact): (3,4) (8052,8053) (12942,12943)
      BlindIndex Ene coll=1 fire=1 D_A=1.000000 info=2 distinct=19998 | D_B=n/a cov=0.000 | refines=true | VoidVacuous("no transport: the chart is frozen")
         witnesses (listing capped at 10, count above is exact): (17959,17960)
      BlindIndex G8 weak (monotone counts): true
      GlobalRelabel Occ coll=771140 fire=35201 D_A=0.045648 info=19953 distinct=749 | D_B=0.071429 cov=0.001 | refines=true | NotClosed
         witnesses (listing capped at 10, count above is exact): (1851,1970) (3301,3362) (5331,5341)
      GlobalRelabel Mom coll=39065 fire=6651 D_A=0.170255 info=5169 distinct=16187 | D_B=n/a cov=0.000 | refines=true | NotClosed
         witnesses (listing capped at 10, count above is exact): (723,752) (3991,3992) (4243,4245)
      GlobalRelabel Ene coll=1909 fire=1690 D_A=0.885280 info=1536 distinct=19043 | D_B=n/a cov=0.000 | refines=true | NotClosed
         witnesses (listing capped at 10, count above is exact): (2939,2940) (2939,2956) (2940,2956)
      GlobalRelabel G8 weak (monotone counts): true

-- seed 0x0000000053415425  n=12 dims=2 frames=20000 box=34.6x20.8 species=[1, 8]
   G9a species/arity constant: true
   G9b |p| first=4.716478e-6 last=7.150867e0   G9c Ek first=9.639806e-2 last=1.127678e-2  [ledger leg UNDISCHARGED: the dump carries no forces]
   grid 1x1 cells=1 occ=12.000 fluct=0.000 transport=0.0000  G2 admissible: NO
      Spatial Occ coll=199970001 fire=0 D_A=0.000000 info=19999 distinct=1 | D_B=0.000000 cov=1.000 | refines=true | VoidVacuous("fewer than 2 cells: the fields are the invariants")
      Spatial Mom coll=2573866 fire=63602 D_A=0.024711 info=19854 distinct=477 | D_B=0.100629 cov=0.016 | refines=true | VoidVacuous("fewer than 2 cells: the fields are the invariants")
         witnesses (listing capped at 10, count above is exact): (60,62) (60,78) (62,78)
      Spatial Ene coll=359206 fire=271969 D_A=0.757139 info=18809 distinct=2689 | D_B=0.920000 cov=0.015 | refines=true | VoidVacuous("fewer than 2 cells: the fields are the invariants")
         witnesses (listing capped at 10, count above is exact): (188,239) (206,245) (7120,7122)
      Spatial G8 weak (monotone counts): true
      BlindLabel Occ coll=199970001 fire=0 D_A=0.000000 info=19999 distinct=1 | D_B=0.000000 cov=1.000 | refines=true | VoidVacuous("fewer than 2 cells: the fields are the invariants")
      BlindLabel Mom coll=2573866 fire=63602 D_A=0.024711 info=19854 distinct=477 | D_B=0.100629 cov=0.016 | refines=true | VoidVacuous("fewer than 2 cells: the fields are the invariants")
         witnesses (listing capped at 10, count above is exact): (6624,6669) (6624,6683) (6669,6683)
      BlindLabel Ene coll=359206 fire=271969 D_A=0.757139 info=18809 distinct=2689 | D_B=0.920000 cov=0.015 | refines=true | VoidVacuous("fewer than 2 cells: the fields are the invariants")
         witnesses (listing capped at 10, count above is exact): (2788,2789) (2788,2798) (2788,2805)
      BlindLabel G8 weak (monotone counts): true
      BlindIndex Occ coll=199970001 fire=0 D_A=0.000000 info=19999 distinct=1 | D_B=0.000000 cov=1.000 | refines=true | VoidVacuous("fewer than 2 cells: the fields are the invariants")
      BlindIndex Mom coll=2573866 fire=63602 D_A=0.024711 info=19854 distinct=477 | D_B=0.100629 cov=0.016 | refines=true | VoidVacuous("fewer than 2 cells: the fields are the invariants")
         witnesses (listing capped at 10, count above is exact): (50,52) (2851,2865) (4174,8258)
      BlindIndex Ene coll=359206 fire=271969 D_A=0.757139 info=18809 distinct=2689 | D_B=0.920000 cov=0.015 | refines=true | VoidVacuous("fewer than 2 cells: the fields are the invariants")
         witnesses (listing capped at 10, count above is exact): (341,364) (1210,1343) (1210,1380)
      BlindIndex G8 weak (monotone counts): true
      GlobalRelabel Occ coll=199970001 fire=0 D_A=0.000000 info=19999 distinct=1 | D_B=0.000000 cov=1.000 | refines=true | VoidVacuous("fewer than 2 cells: the fields are the invariants")
      GlobalRelabel Mom coll=2573866 fire=63602 D_A=0.024711 info=19854 distinct=477 | D_B=0.100629 cov=0.016 | refines=true | VoidVacuous("fewer than 2 cells: the fields are the invariants")
         witnesses (listing capped at 10, count above is exact): (4183,4190) (4183,4193) (6670,6672)
      GlobalRelabel Ene coll=359206 fire=271969 D_A=0.757139 info=18809 distinct=2689 | D_B=0.920000 cov=0.015 | refines=true | VoidVacuous("fewer than 2 cells: the fields are the invariants")
         witnesses (listing capped at 10, count above is exact): (11410,11411) (11410,11419) (11410,11445)
      GlobalRelabel G8 weak (monotone counts): true
   grid 2x1 cells=2 occ=6.000 fluct=0.344 transport=0.0079  G2 admissible: NO
      Spatial Occ coll=47019266 fire=135523 D_A=0.002882 info=19999 distinct=25 | D_B=0.002356 cov=0.340 | refines=true | VoidVacuous("no transport: the chart is frozen")
         witnesses (listing capped at 10, count above is exact): (10729,10858) (10859,10862) (10859,11013)
      Spatial Mom coll=1484341 fire=51384 D_A=0.034617 info=18082 distinct=3118 | D_B=0.347826 cov=0.002 | refines=true | VoidVacuous("no transport: the chart is frozen")
         witnesses (listing capped at 10, count above is exact): (4179,4227) (6630,6631) (8331,8332)
      Spatial Ene coll=93171 fire=79586 D_A=0.854193 info=13724 distinct=8789 | D_B=1.000000 cov=0.002 | refines=true | VoidVacuous("no transport: the chart is frozen")
         witnesses (listing capped at 10, count above is exact): (6163,6191) (6163,6206) (6191,6206)
      Spatial G8 weak (monotone counts): true
      BlindLabel Occ coll=49194809 fire=217788 D_A=0.004427 info=19999 distinct=15 | D_B=0.007382 cov=0.610 | refines=true | VoidVacuous("no transport: the chart is frozen")
         witnesses (listing capped at 10, count above is exact): (0,71) (0,12032) (0,17379)
      BlindLabel Mom coll=10129 fire=9671 D_A=0.954783 info=9511 distinct=14095 | D_B=1.000000 cov=0.001 | refines=true | VoidVacuous("no transport: the chart is frozen")
         witnesses (listing capped at 10, count above is exact): (5061,5124) (5061,5475) (5124,5475)
      BlindLabel Ene coll=563 fire=561 D_A=0.996448 info=1043 distinct=19464 | D_B=n/a cov=0.000 | refines=true | VoidVacuous("no transport: the chart is frozen")
         witnesses (listing capped at 10, count above is exact): (3136,3140) (11422,11423) (12856,12859)
      BlindLabel G8 weak (monotone counts): true
      BlindIndex Occ coll=199970001 fire=0 D_A=0.000000 info=19999 distinct=1 | D_B=0.000000 cov=1.000 | refines=true | VoidVacuous("no transport: the chart is frozen")
      BlindIndex Mom coll=21867 fire=17813 D_A=0.814606 info=12326 distinct=11614 | D_B=0.960000 cov=0.005 | refines=true | VoidVacuous("no transport: the chart is frozen")
         witnesses (listing capped at 10, count above is exact): (39,41) (898,919) (7613,7652)
      BlindIndex Ene coll=1956 fire=1915 D_A=0.979039 info=2859 distinct=18433 | D_B=n/a cov=0.000 | refines=true | VoidVacuous("no transport: the chart is frozen")
         witnesses (listing capped at 10, count above is exact): (2364,2420) (5870,5871) (13328,13352)
      BlindIndex G8 weak (monotone counts): true
      GlobalRelabel Occ coll=47019266 fire=135523 D_A=0.002882 info=19999 distinct=25 | D_B=0.002356 cov=0.340 | refines=true | VoidVacuous("no transport: the chart is frozen")
         witnesses (listing capped at 10, count above is exact): (72,865) (6954,6956) (6954,9108)
      GlobalRelabel Mom coll=1484341 fire=51384 D_A=0.034617 info=18082 distinct=3118 | D_B=0.347826 cov=0.002 | refines=true | VoidVacuous("no transport: the chart is frozen")
         witnesses (listing capped at 10, count above is exact): (15858,15874) (15858,15894) (15858,15895)
      GlobalRelabel Ene coll=93171 fire=79586 D_A=0.854193 info=13724 distinct=8789 | D_B=1.000000 cov=0.002 | refines=true | VoidVacuous("no transport: the chart is frozen")
         witnesses (listing capped at 10, count above is exact): (3481,3567) (13613,13661) (13613,13663)
      GlobalRelabel G8 weak (monotone counts): true
   grid 2x2 cells=4 occ=3.000 fluct=0.650 transport=0.0153  G2 admissible: NO
      Spatial Occ coll=8162961 fire=92736 D_A=0.011361 info=19997 distinct=126 | D_B=0.002776 cov=0.144 | refines=true | VoidVacuous("no transport: the chart is frozen")
         witnesses (listing capped at 10, count above is exact): (7255,7360) (13645,13679) (13645,14286)
      Spatial Mom coll=987618 fire=31625 D_A=0.032021 info=15296 distinct=6426 | D_B=0.800000 cov=0.001 | refines=true | VoidVacuous("no transport: the chart is frozen")
         witnesses (listing capped at 10, count above is exact): (6680,6683) (8520,8567) (8781,8801)
      Spatial Ene coll=34875 fire=30405 D_A=0.871828 info=8944 distinct=13172 | D_B=n/a cov=0.000 | refines=true | VoidVacuous("no transport: the chart is frozen")
         witnesses (listing capped at 10, count above is exact): (3739,3762) (9349,9363) (9349,9371)
      Spatial G8 weak (monotone counts): true
      BlindLabel Occ coll=8076284 fire=85950 D_A=0.010642 info=19996 distinct=134 | D_B=0.004124 cov=0.145 | refines=true | VoidVacuous("no transport: the chart is frozen")
         witnesses (listing capped at 10, count above is exact): (61,64) (8897,8899) (9583,9617)
      BlindLabel Mom coll=2377 fire=2052 D_A=0.863273 info=1185 distinct=19245 | D_B=n/a cov=0.000 | refines=true | VoidVacuous("no transport: the chart is frozen")
         witnesses (listing capped at 10, count above is exact): (11383,11384) (11575,11576) (13627,13628)
      BlindLabel Ene coll=74 fire=73 D_A=0.986486 info=139 distinct=19928 | D_B=n/a cov=0.000 | refines=true | VoidVacuous("no transport: the chart is frozen")
         witnesses (listing capped at 10, count above is exact): (5,6) (368,396) (368,449)
      BlindLabel G8 weak (monotone counts): true
      BlindIndex Occ coll=199970001 fire=0 D_A=0.000000 info=19999 distinct=1 | D_B=0.000000 cov=1.000 | refines=true | VoidVacuous("no transport: the chart is frozen")
      BlindIndex Mom coll=788 fire=728 D_A=0.923858 info=1353 distinct=19290 | D_B=n/a cov=0.000 | refines=true | VoidVacuous("no transport: the chart is frozen")
         witnesses (listing capped at 10, count above is exact): (242,248) (1590,1778) (2303,2465)
      BlindIndex Ene coll=54 fire=54 D_A=1.000000 info=108 distinct=19945 | D_B=n/a cov=0.000 | refines=true | VoidVacuous("no transport: the chart is frozen")
         witnesses (listing capped at 10, count above is exact): (2664,2688) (5973,5974) (11904,11905)
      BlindIndex G8 weak (monotone counts): true
      GlobalRelabel Occ coll=8162961 fire=92736 D_A=0.011361 info=19997 distinct=126 | D_B=0.002776 cov=0.144 | refines=true | VoidVacuous("no transport: the chart is frozen")
         witnesses (listing capped at 10, count above is exact): (5645,5648) (5645,5795) (5648,5795)
      GlobalRelabel Mom coll=987618 fire=31625 D_A=0.032021 info=15296 distinct=6426 | D_B=0.800000 cov=0.001 | refines=true | VoidVacuous("no transport: the chart is frozen")
         witnesses (listing capped at 10, count above is exact): (445,459) (729,731) (4194,4198)
      GlobalRelabel Ene coll=34875 fire=30405 D_A=0.871828 info=8944 distinct=13172 | D_B=n/a cov=0.000 | refines=true | VoidVacuous("no transport: the chart is frozen")
         witnesses (listing capped at 10, count above is exact): (5301,5362) (5301,5379) (5301,5389)
      GlobalRelabel G8 weak (monotone counts): true
   grid 4x2 cells=8 occ=1.500 fluct=1.017 transport=0.0284  G2 admissible: NO
      Spatial Occ coll=2985959 fire=120495 D_A=0.040354 info=19993 distinct=252 | D_B=0.004057 cov=0.049 | refines=true | VoidVacuous("no transport: the chart is frozen")
         witnesses (listing capped at 10, count above is exact): (10453,10455) (10453,10511) (10512,10519)
      Spatial Mom coll=364715 fire=39852 D_A=0.109269 info=12864 distinct=9196 | D_B=1.000000 cov=0.000 | refines=true | VoidVacuous("no transport: the chart is frozen")
         witnesses (listing capped at 10, count above is exact): (4438,4460) (6365,6369) (10089,10111)
      Spatial Ene coll=9913 fire=8973 D_A=0.905175 info=5257 distinct=16456 | D_B=n/a cov=0.000 | refines=true | VoidVacuous("no transport: the chart is frozen")
         witnesses (listing capped at 10, count above is exact): (2522,2766) (5444,5507) (14121,14169)
      Spatial G8 weak (monotone counts): true
      BlindLabel Occ coll=2612479 fire=89306 D_A=0.034184 info=19990 distinct=264 | D_B=0.004057 cov=0.049 | refines=true | VoidVacuous("no transport: the chart is frozen")
         witnesses (listing capped at 10, count above is exact): (596,786) (4610,4611) (6270,6357)
      BlindLabel Mom coll=59 fire=58 D_A=0.983051 info=112 distinct=19942 | D_B=n/a cov=0.000 | refines=true | VoidVacuous("no transport: the chart is frozen")
         witnesses (listing capped at 10, count above is exact): (3,4) (7205,7226) (7205,7247)
      BlindLabel Ene coll=5 fire=5 D_A=1.000000 info=10 distinct=19994 | D_B=n/a cov=0.000 | refines=true | VoidVacuous("no transport: the chart is frozen")
         witnesses (listing capped at 10, count above is exact): (11594,11595) (15546,15547) (18701,18702)
      BlindLabel G8 weak (monotone counts): true
      BlindIndex Occ coll=199970001 fire=0 D_A=0.000000 info=19999 distinct=1 | D_B=0.000000 cov=1.000 | refines=true | VoidVacuous("no transport: the chart is frozen")
      BlindIndex Mom coll=19 fire=18 D_A=0.947368 info=35 distinct=19981 | D_B=n/a cov=0.000 | refines=true | VoidVacuous("no transport: the chart is frozen")
         witnesses (listing capped at 10, count above is exact): (0,2) (3,6) (1450,1505)
      BlindIndex Ene coll=0 fire=0 D_A=n/a info=0 distinct=19999 | D_B=n/a cov=0.000 | refines=true | VoidVacuous("no transport: the chart is frozen")
      BlindIndex G8 weak (monotone counts): true
      GlobalRelabel Occ coll=2985959 fire=120495 D_A=0.040354 info=19993 distinct=252 | D_B=0.004057 cov=0.049 | refines=true | VoidVacuous("no transport: the chart is frozen")
         witnesses (listing capped at 10, count above is exact): (6529,6531) (8023,8024) (8023,8037)
      GlobalRelabel Mom coll=364715 fire=39852 D_A=0.109269 info=12864 distinct=9196 | D_B=1.000000 cov=0.000 | refines=true | VoidVacuous("no transport: the chart is frozen")
         witnesses (listing capped at 10, count above is exact): (4227,4231) (5594,5595) (6464,6465)
      GlobalRelabel Ene coll=9913 fire=8973 D_A=0.905175 info=5257 distinct=16456 | D_B=n/a cov=0.000 | refines=true | VoidVacuous("no transport: the chart is frozen")
         witnesses (listing capped at 10, count above is exact): (4644,4780) (17285,17306) (17285,17317)
      GlobalRelabel G8 weak (monotone counts): true
   grid 6x4 cells=24 occ=0.500 fluct=1.850 transport=0.0508  G2 admissible: NO
      Spatial Occ coll=900752 fire=39615 D_A=0.043980 info=19966 distinct=623 | D_B=0.333333 cov=0.000 | refines=true | NotClosed
         witnesses (listing capped at 10, count above is exact): (8133,8142) (9190,9218) (13206,13209)
      Spatial Mom coll=86959 fire=17344 D_A=0.199450 info=5422 distinct=15890 | D_B=n/a cov=0.000 | refines=true | NotClosed
         witnesses (listing capped at 10, count above is exact): (6159,6188) (6159,6232) (6159,6256)
      Spatial Ene coll=1068 fire=1010 D_A=0.945693 info=1205 distinct=19290 | D_B=n/a cov=0.000 | refines=true | NotClosed
         witnesses (listing capped at 10, count above is exact): (1911,1929) (1911,1982) (1911,1993)
      Spatial G8 weak (monotone counts): true
      BlindLabel Occ coll=872232 fire=37501 D_A=0.042994 info=19964 distinct=646 | D_B=0.333333 cov=0.000 | refines=true | NotClosed
         witnesses (listing capped at 10, count above is exact): (271,316) (5146,5151) (5146,5250)
      BlindLabel Mom coll=5 fire=5 D_A=1.000000 info=10 distinct=19994 | D_B=n/a cov=0.000 | refines=true | VoidWorkCount(10)
         witnesses (listing capped at 10, count above is exact): (3,4) (5,6) (17942,17944)
      BlindLabel Ene coll=0 fire=0 D_A=n/a info=0 distinct=19999 | D_B=n/a cov=0.000 | refines=true | VoidWorkCount(0)
      BlindLabel G8 weak (monotone counts): true
      BlindIndex Occ coll=199970001 fire=0 D_A=0.000000 info=19999 distinct=1 | D_B=0.000000 cov=1.000 | refines=true | VoidVacuous("no transport: the chart is frozen")
      BlindIndex Mom coll=13 fire=10 D_A=0.769231 info=18 distinct=19989 | D_B=n/a cov=0.000 | refines=true | VoidVacuous("no transport: the chart is frozen")
         witnesses (listing capped at 10, count above is exact): (1,4) (1450,1505) (3660,3740)
      BlindIndex Ene coll=0 fire=0 D_A=n/a info=0 distinct=19999 | D_B=n/a cov=0.000 | refines=true | VoidVacuous("no transport: the chart is frozen")
      BlindIndex G8 weak (monotone counts): true
      GlobalRelabel Occ coll=900752 fire=39615 D_A=0.043980 info=19966 distinct=623 | D_B=0.333333 cov=0.000 | refines=true | NotClosed
         witnesses (listing capped at 10, count above is exact): (92,96) (5607,5609) (9608,9617)
      GlobalRelabel Mom coll=86959 fire=17344 D_A=0.199450 info=5422 distinct=15890 | D_B=n/a cov=0.000 | refines=true | NotClosed
         witnesses (listing capped at 10, count above is exact): (199,203) (282,283) (6472,6474)
      GlobalRelabel Ene coll=1068 fire=1010 D_A=0.945693 info=1205 distinct=19290 | D_B=n/a cov=0.000 | refines=true | NotClosed
         witnesses (listing capped at 10, count above is exact): (1314,1319) (1433,1443) (1916,1999)
      GlobalRelabel G8 weak (monotone counts): true

-- seed 0x0000000053415426  n=12 dims=2 frames=20000 box=34.6x20.8 species=[1, 8]
   G9a species/arity constant: true
   G9b |p| first=2.532607e-6 last=1.140098e1   G9c Ek first=6.722313e-2 last=9.832297e-3  [ledger leg UNDISCHARGED: the dump carries no forces]
   grid 1x1 cells=1 occ=12.000 fluct=0.000 transport=0.0000  G2 admissible: NO
      Spatial Occ coll=199970001 fire=0 D_A=0.000000 info=19999 distinct=1 | D_B=0.000000 cov=1.000 | refines=true | VoidVacuous("fewer than 2 cells: the fields are the invariants")
      Spatial Mom coll=3762585 fire=70541 D_A=0.018748 info=19928 distinct=333 | D_B=0.124108 cov=0.182 | refines=true | VoidVacuous("fewer than 2 cells: the fields are the invariants")
         witnesses (listing capped at 10, count above is exact): (89,91) (5034,5055) (11020,11218)
      Spatial Ene coll=464429 fire=317138 D_A=0.682856 info=18931 distinct=2329 | D_B=0.827273 cov=0.033 | refines=true | VoidVacuous("fewer than 2 cells: the fields are the invariants")
         witnesses (listing capped at 10, count above is exact): (9526,9528) (13102,18601) (13102,18604)
      Spatial G8 weak (monotone counts): true
      BlindLabel Occ coll=199970001 fire=0 D_A=0.000000 info=19999 distinct=1 | D_B=0.000000 cov=1.000 | refines=true | VoidVacuous("fewer than 2 cells: the fields are the invariants")
      BlindLabel Mom coll=3762585 fire=70541 D_A=0.018748 info=19928 distinct=333 | D_B=0.124108 cov=0.182 | refines=true | VoidVacuous("fewer than 2 cells: the fields are the invariants")
         witnesses (listing capped at 10, count above is exact): (1943,1956) (5143,5185) (7460,7560)
      BlindLabel Ene coll=464429 fire=317138 D_A=0.682856 info=18931 distinct=2329 | D_B=0.827273 cov=0.033 | refines=true | VoidVacuous("fewer than 2 cells: the fields are the invariants")
         witnesses (listing capped at 10, count above is exact): (7221,7242) (7221,7364) (7221,7383)
      BlindLabel G8 weak (monotone counts): true
      BlindIndex Occ coll=199970001 fire=0 D_A=0.000000 info=19999 distinct=1 | D_B=0.000000 cov=1.000 | refines=true | VoidVacuous("fewer than 2 cells: the fields are the invariants")
      BlindIndex Mom coll=3762585 fire=70541 D_A=0.018748 info=19928 distinct=333 | D_B=0.124108 cov=0.182 | refines=true | VoidVacuous("fewer than 2 cells: the fields are the invariants")
         witnesses (listing capped at 10, count above is exact): (187,191) (187,14381) (191,14381)
      BlindIndex Ene coll=464429 fire=317138 D_A=0.682856 info=18931 distinct=2329 | D_B=0.827273 cov=0.033 | refines=true | VoidVacuous("fewer than 2 cells: the fields are the invariants")
         witnesses (listing capped at 10, count above is exact): (738,748) (6813,6814) (6813,6817)
      BlindIndex G8 weak (monotone counts): true
      GlobalRelabel Occ coll=199970001 fire=0 D_A=0.000000 info=19999 distinct=1 | D_B=0.000000 cov=1.000 | refines=true | VoidVacuous("fewer than 2 cells: the fields are the invariants")
      GlobalRelabel Mom coll=3762585 fire=70541 D_A=0.018748 info=19928 distinct=333 | D_B=0.124108 cov=0.182 | refines=true | VoidVacuous("fewer than 2 cells: the fields are the invariants")
         witnesses (listing capped at 10, count above is exact): (70,77) (70,87) (77,87)
      GlobalRelabel Ene coll=464429 fire=317138 D_A=0.682856 info=18931 distinct=2329 | D_B=0.827273 cov=0.033 | refines=true | VoidVacuous("fewer than 2 cells: the fields are the invariants")
         witnesses (listing capped at 10, count above is exact): (2121,2191) (2121,2193) (4686,4688)
      GlobalRelabel G8 weak (monotone counts): true
   grid 2x1 cells=2 occ=6.000 fluct=0.508 transport=0.0035  G2 admissible: NO
      Spatial Occ coll=29304941 fire=85659 D_A=0.002923 info=19999 distinct=19 | D_B=0.038961 cov=0.008 | refines=true | VoidVacuous("no transport: the chart is frozen")
         witnesses (listing capped at 10, count above is exact): (4552,4819) (10158,10188) (10656,10657)
      Spatial Mom coll=2151933 fire=34829 D_A=0.016185 info=18620 distinct=2154 | D_B=1.000000 cov=0.000 | refines=true | VoidVacuous("no transport: the chart is frozen")
         witnesses (listing capped at 10, count above is exact): (1854,1857) (1878,1884) (4250,4266)
      Spatial Ene coll=187059 fire=132911 D_A=0.710530 info=16091 distinct=5789 | D_B=n/a cov=0.000 | refines=true | VoidVacuous("no transport: the chart is frozen")
         witnesses (listing capped at 10, count above is exact): (1341,1350) (3471,3494) (3471,3495)
      Spatial G8 weak (monotone counts): true
      BlindLabel Occ coll=42026883 fire=205099 D_A=0.004880 info=19999 distinct=11 | D_B=0.004115 cov=0.705 | refines=true | VoidVacuous("no transport: the chart is frozen")
         witnesses (listing capped at 10, count above is exact): (116,2777) (116,11044) (2777,11044)
      BlindLabel Mom coll=6875 fire=6362 D_A=0.925382 info=7766 distinct=15400 | D_B=1.000000 cov=0.002 | refines=true | VoidVacuous("no transport: the chart is frozen")
         witnesses (listing capped at 10, count above is exact): (27,29) (4078,4185) (12530,12638)
      BlindLabel Ene coll=768 fire=741 D_A=0.964844 info=1338 distinct=19300 | D_B=n/a cov=0.000 | refines=true | VoidVacuous("no transport: the chart is frozen")
         witnesses (listing capped at 10, count above is exact): (13670,13671) (14438,14574) (14469,14471)
      BlindLabel G8 weak (monotone counts): true
      BlindIndex Occ coll=199970001 fire=0 D_A=0.000000 info=19999 distinct=1 | D_B=0.000000 cov=1.000 | refines=true | VoidVacuous("no transport: the chart is frozen")
      BlindIndex Mom coll=28503 fire=25577 D_A=0.897344 info=11537 distinct=12020 | D_B=1.000000 cov=0.018 | refines=true | VoidVacuous("no transport: the chart is frozen")
         witnesses (listing capped at 10, count above is exact): (577,710) (5690,5691) (5781,5785)
      BlindIndex Ene coll=1562 fire=1509 D_A=0.966069 info=2434 distinct=18682 | D_B=1.000000 cov=0.001 | refines=true | VoidVacuous("no transport: the chart is frozen")
         witnesses (listing capped at 10, count above is exact): (1777,6609) (2129,2158) (2256,2593)
      BlindIndex G8 weak (monotone counts): true
      GlobalRelabel Occ coll=29304941 fire=85659 D_A=0.002923 info=19999 distinct=19 | D_B=0.038961 cov=0.008 | refines=true | VoidVacuous("no transport: the chart is frozen")
         witnesses (listing capped at 10, count above is exact): (0,115) (0,2860) (115,2860)
      GlobalRelabel Mom coll=2151933 fire=34829 D_A=0.016185 info=18620 distinct=2154 | D_B=1.000000 cov=0.000 | refines=true | VoidVacuous("no transport: the chart is frozen")
         witnesses (listing capped at 10, count above is exact): (1844,2022) (1844,2054) (2022,2054)
      GlobalRelabel Ene coll=187059 fire=132911 D_A=0.710530 info=16091 distinct=5789 | D_B=n/a cov=0.000 | refines=true | VoidVacuous("no transport: the chart is frozen")
         witnesses (listing capped at 10, count above is exact): (1830,1832) (3293,3334) (3785,3841)
      GlobalRelabel G8 weak (monotone counts): true
   grid 2x2 cells=4 occ=3.000 fluct=0.727 transport=0.0098  G2 admissible: NO
      Spatial Occ coll=11954725 fire=51480 D_A=0.004306 info=19997 distinct=97 | D_B=0.030303 cov=0.003 | refines=true | VoidVacuous("no transport: the chart is frozen")
         witnesses (listing capped at 10, count above is exact): (3,64) (4820,4837) (4864,8134)
      Spatial Mom coll=1631843 fire=27110 D_A=0.016613 info=15526 distinct=5919 | D_B=1.000000 cov=0.000 | refines=true | VoidVacuous("no transport: the chart is frozen")
         witnesses (listing capped at 10, count above is exact): (264,265) (8257,8277) (8787,8849)
      Spatial Ene coll=82904 fire=60078 D_A=0.724669 info=11196 distinct=10909 | D_B=n/a cov=0.000 | refines=true | VoidVacuous("no transport: the chart is frozen")
         witnesses (listing capped at 10, count above is exact): (5464,5502) (5464,5591) (5464,5620)
      Spatial G8 weak (monotone counts): true
      BlindLabel Occ coll=10951926 fire=42137 D_A=0.003847 info=19998 distinct=114 | D_B=0.018692 cov=0.011 | refines=true | VoidVacuous("no transport: the chart is frozen")
         witnesses (listing capped at 10, count above is exact): (2781,2860) (4810,4819) (4810,4863)
      BlindLabel Mom coll=4179 fire=3976 D_A=0.951424 info=2177 distinct=18488 | D_B=n/a cov=0.000 | refines=true | VoidVacuous("no transport: the chart is frozen")
         witnesses (listing capped at 10, count above is exact): (960,1057) (960,1501) (960,1584)
      BlindLabel Ene coll=100 fire=97 D_A=0.970000 info=182 distinct=19905 | D_B=n/a cov=0.000 | refines=true | VoidVacuous("no transport: the chart is frozen")
         witnesses (listing capped at 10, count above is exact): (1132,1579) (2096,2430) (11439,11440)
      BlindLabel G8 weak (monotone counts): true
      BlindIndex Occ coll=199970001 fire=0 D_A=0.000000 info=19999 distinct=1 | D_B=0.000000 cov=1.000 | refines=true | VoidVacuous("no transport: the chart is frozen")
      BlindIndex Mom coll=348 fire=314 D_A=0.902299 info=603 distinct=19687 | D_B=n/a cov=0.000 | refines=true | VoidVacuous("no transport: the chart is frozen")
         witnesses (listing capped at 10, count above is exact): (1640,1667) (4083,4084) (11847,11848)
      BlindIndex Ene coll=52 fire=51 D_A=0.980769 info=101 distinct=19948 | D_B=n/a cov=0.000 | refines=true | VoidVacuous("no transport: the chart is frozen")
         witnesses (listing capped at 10, count above is exact): (12641,12642) (12983,12984) (14384,14385)
      BlindIndex G8 weak (monotone counts): true
      GlobalRelabel Occ coll=11954725 fire=51480 D_A=0.004306 info=19997 distinct=97 | D_B=0.030303 cov=0.003 | refines=true | VoidVacuous("no transport: the chart is frozen")
         witnesses (listing capped at 10, count above is exact): (277,2687) (2688,2768) (2688,2777)
      GlobalRelabel Mom coll=1631843 fire=27110 D_A=0.016613 info=15526 distinct=5919 | D_B=1.000000 cov=0.000 | refines=true | VoidVacuous("no transport: the chart is frozen")
         witnesses (listing capped at 10, count above is exact): (269,270) (5093,5113) (8790,8791)
      GlobalRelabel Ene coll=82904 fire=60078 D_A=0.724669 info=11196 distinct=10909 | D_B=n/a cov=0.000 | refines=true | VoidVacuous("no transport: the chart is frozen")
         witnesses (listing capped at 10, count above is exact): (11074,11133) (11230,11231) (11230,11234)
      GlobalRelabel G8 weak (monotone counts): true
   grid 4x2 cells=8 occ=1.500 fluct=1.029 transport=0.0175  G2 admissible: NO
      Spatial Occ coll=8230261 fire=54905 D_A=0.006671 info=19995 distinct=214 | D_B=0.030303 cov=0.003 | refines=true | VoidVacuous("no transport: the chart is frozen")
         witnesses (listing capped at 10, count above is exact): (116,131) (4653,4739) (4653,4801)
      Spatial Mom coll=522849 fire=19362 D_A=0.037032 info=11920 distinct=10000 | D_B=1.000000 cov=0.000 | refines=true | VoidVacuous("no transport: the chart is frozen")
         witnesses (listing capped at 10, count above is exact): (727,1067) (727,1081) (10490,10506)
      Spatial Ene coll=39272 fire=32451 D_A=0.826314 info=6822 distinct=14658 | D_B=n/a cov=0.000 | refines=true | VoidVacuous("no transport: the chart is frozen")
         witnesses (listing capped at 10, count above is exact): (6757,6761) (6757,6784) (6757,6801)
      Spatial G8 weak (monotone counts): true
      BlindLabel Occ coll=8117759 fire=49800 D_A=0.006135 info=19995 distinct=234 | D_B=0.037736 cov=0.005 | refines=true | VoidVacuous("no transport: the chart is frozen")
         witnesses (listing capped at 10, count above is exact): (2769,2772) (4501,4539) (4823,4831)
      BlindLabel Mom coll=33 fire=32 D_A=0.969697 info=63 distinct=19967 | D_B=n/a cov=0.000 | refines=true | VoidVacuous("no transport: the chart is frozen")
         witnesses (listing capped at 10, count above is exact): (8,10) (6329,6330) (13821,13822)
      BlindLabel Ene coll=3 fire=3 D_A=1.000000 info=6 distinct=19996 | D_B=n/a cov=0.000 | refines=true | VoidVacuous("no transport: the chart is frozen")
         witnesses (listing capped at 10, count above is exact): (15922,15923) (16925,16926) (17001,17002)
      BlindLabel G8 weak (monotone counts): true
      BlindIndex Occ coll=199970001 fire=0 D_A=0.000000 info=19999 distinct=1 | D_B=0.000000 cov=1.000 | refines=true | VoidVacuous("no transport: the chart is frozen")
      BlindIndex Mom coll=19 fire=18 D_A=0.947368 info=35 distinct=19981 | D_B=n/a cov=0.000 | refines=true | VoidVacuous("no transport: the chart is frozen")
         witnesses (listing capped at 10, count above is exact): (2156,2157) (13546,13547) (13689,13690)
      BlindIndex Ene coll=4 fire=4 D_A=1.000000 info=8 distinct=19995 | D_B=n/a cov=0.000 | refines=true | VoidVacuous("no transport: the chart is frozen")
         witnesses (listing capped at 10, count above is exact): (2,3) (13819,13820) (16567,16568)
      BlindIndex G8 weak (monotone counts): true
      GlobalRelabel Occ coll=8230261 fire=54905 D_A=0.006671 info=19995 distinct=214 | D_B=0.030303 cov=0.003 | refines=true | VoidVacuous("no transport: the chart is frozen")
         witnesses (listing capped at 10, count above is exact): (29,51) (29,55) (51,55)
      GlobalRelabel Mom coll=522849 fire=19362 D_A=0.037032 info=11920 distinct=10000 | D_B=1.000000 cov=0.000 | refines=true | VoidVacuous("no transport: the chart is frozen")
         witnesses (listing capped at 10, count above is exact): (2461,2572) (8832,8833) (14912,14913)
      GlobalRelabel Ene coll=39272 fire=32451 D_A=0.826314 info=6822 distinct=14658 | D_B=n/a cov=0.000 | refines=true | VoidVacuous("no transport: the chart is frozen")
         witnesses (listing capped at 10, count above is exact): (5198,5210) (8228,8229) (15106,15108)
      GlobalRelabel G8 weak (monotone counts): true
   grid 6x4 cells=24 occ=0.500 fluct=1.881 transport=0.0518  G2 admissible: NO
      Spatial Occ coll=1772508 fire=72002 D_A=0.040622 info=19969 distinct=576 | D_B=0.030303 cov=0.003 | refines=true | NotClosed
         witnesses (listing capped at 10, count above is exact): (3,5) (3897,3920) (10910,10916)
      Spatial Mom coll=11256 fire=6238 D_A=0.554193 info=4210 distinct=17177 | D_B=n/a cov=0.000 | refines=true | NotClosed
         witnesses (listing capped at 10, count above is exact): (8930,8950) (8930,8962) (8950,8962)
      Spatial Ene coll=1433 fire=1268 D_A=0.884857 info=1388 distinct=19175 | D_B=n/a cov=0.000 | refines=true | NotClosed
         witnesses (listing capped at 10, count above is exact): (2984,2985) (10838,10879) (14901,14902)
      Spatial G8 weak (monotone counts): true
      BlindLabel Occ coll=1762094 fire=71668 D_A=0.040672 info=19968 distinct=590 | D_B=0.030303 cov=0.003 | refines=true | NotClosed
         witnesses (listing capped at 10, count above is exact): (241,246) (241,276) (246,276)
      BlindLabel Mom coll=22 fire=22 D_A=1.000000 info=44 distinct=19977 | D_B=n/a cov=0.000 | refines=true | VoidWorkCount(44)
         witnesses (listing capped at 10, count above is exact): (6,7) (2263,2264) (13412,13413)
      BlindLabel Ene coll=7 fire=7 D_A=1.000000 info=14 distinct=19992 | D_B=n/a cov=0.000 | refines=true | VoidWorkCount(14)
         witnesses (listing capped at 10, count above is exact): (6,7) (16775,16776) (17045,17046)
      BlindLabel G8 weak (monotone counts): true
      BlindIndex Occ coll=199970001 fire=0 D_A=0.000000 info=19999 distinct=1 | D_B=0.000000 cov=1.000 | refines=true | VoidVacuous("no transport: the chart is frozen")
      BlindIndex Mom coll=5 fire=4 D_A=0.800000 info=7 distinct=19995 | D_B=n/a cov=0.000 | refines=true | VoidVacuous("no transport: the chart is frozen")
         witnesses (listing capped at 10, count above is exact): (1,2) (5,7) (16903,16904)
      BlindIndex Ene coll=2 fire=2 D_A=1.000000 info=4 distinct=19997 | D_B=n/a cov=0.000 | refines=true | VoidVacuous("no transport: the chart is frozen")
         witnesses (listing capped at 10, count above is exact): (6,7) (16903,16904)
      BlindIndex G8 weak (monotone counts): true
      GlobalRelabel Occ coll=1772508 fire=72002 D_A=0.040622 info=19969 distinct=576 | D_B=0.030303 cov=0.003 | refines=true | NotClosed
         witnesses (listing capped at 10, count above is exact): (65,67) (4031,4089) (8135,8142)
      GlobalRelabel Mom coll=11256 fire=6238 D_A=0.554193 info=4210 distinct=17177 | D_B=n/a cov=0.000 | refines=true | NotClosed
         witnesses (listing capped at 10, count above is exact): (2953,2970) (2957,2966) (2957,3004)
      GlobalRelabel Ene coll=1433 fire=1268 D_A=0.884857 info=1388 distinct=19175 | D_B=n/a cov=0.000 | refines=true | NotClosed
         witnesses (listing capped at 10, count above is exact): (2394,2449) (2394,2504) (2394,2560)
      GlobalRelabel G8 weak (monotone counts): true

-- seed 0x0000000053415427  n=12 dims=2 frames=20000 box=34.6x20.8 species=[1, 8]
   G9a species/arity constant: true
   G9b |p| first=5.785303e-6 last=1.760457e1   G9c Ek first=8.623680e-2 last=1.244059e-2  [ledger leg UNDISCHARGED: the dump carries no forces]
   grid 1x1 cells=1 occ=12.000 fluct=0.000 transport=0.0000  G2 admissible: NO
      Spatial Occ coll=199970001 fire=0 D_A=0.000000 info=19999 distinct=1 | D_B=0.000000 cov=1.000 | refines=true | VoidVacuous("fewer than 2 cells: the fields are the invariants")
      Spatial Mom coll=3073050 fire=92522 D_A=0.030108 info=19881 distinct=430 | D_B=0.340235 cov=0.145 | refines=true | VoidVacuous("fewer than 2 cells: the fields are the invariants")
         witnesses (listing capped at 10, count above is exact): (1407,1408) (1437,1438) (1514,1519)
      Spatial Ene coll=426266 fire=320044 D_A=0.750808 info=18650 distinct=2685 | D_B=0.841480 cov=0.076 | refines=true | VoidVacuous("fewer than 2 cells: the fields are the invariants")
         witnesses (listing capped at 10, count above is exact): (19303,19312) (19303,19315) (19303,19364)
      Spatial G8 weak (monotone counts): true
      BlindLabel Occ coll=199970001 fire=0 D_A=0.000000 info=19999 distinct=1 | D_B=0.000000 cov=1.000 | refines=true | VoidVacuous("fewer than 2 cells: the fields are the invariants")
      BlindLabel Mom coll=3073050 fire=92522 D_A=0.030108 info=19881 distinct=430 | D_B=0.340235 cov=0.145 | refines=true | VoidVacuous("fewer than 2 cells: the fields are the invariants")
         witnesses (listing capped at 10, count above is exact): (35,38) (110,123) (110,2061)
      BlindLabel Ene coll=426266 fire=320044 D_A=0.750808 info=18650 distinct=2685 | D_B=0.841480 cov=0.076 | refines=true | VoidVacuous("fewer than 2 cells: the fields are the invariants")
         witnesses (listing capped at 10, count above is exact): (18465,18542) (18465,18543) (18465,18557)
      BlindLabel G8 weak (monotone counts): true
      BlindIndex Occ coll=199970001 fire=0 D_A=0.000000 info=19999 distinct=1 | D_B=0.000000 cov=1.000 | refines=true | VoidVacuous("fewer than 2 cells: the fields are the invariants")
      BlindIndex Mom coll=3073050 fire=92522 D_A=0.030108 info=19881 distinct=430 | D_B=0.340235 cov=0.145 | refines=true | VoidVacuous("fewer than 2 cells: the fields are the invariants")
         witnesses (listing capped at 10, count above is exact): (1472,1475) (1656,1704) (7004,7023)
      BlindIndex Ene coll=426266 fire=320044 D_A=0.750808 info=18650 distinct=2685 | D_B=0.841480 cov=0.076 | refines=true | VoidVacuous("fewer than 2 cells: the fields are the invariants")
         witnesses (listing capped at 10, count above is exact): (2818,2871) (2818,2921) (2818,2925)
      BlindIndex G8 weak (monotone counts): true
      GlobalRelabel Occ coll=199970001 fire=0 D_A=0.000000 info=19999 distinct=1 | D_B=0.000000 cov=1.000 | refines=true | VoidVacuous("fewer than 2 cells: the fields are the invariants")
      GlobalRelabel Mom coll=3073050 fire=92522 D_A=0.030108 info=19881 distinct=430 | D_B=0.340235 cov=0.145 | refines=true | VoidVacuous("fewer than 2 cells: the fields are the invariants")
         witnesses (listing capped at 10, count above is exact): (16119,16120) (17520,17534) (17520,17662)
      GlobalRelabel Ene coll=426266 fire=320044 D_A=0.750808 info=18650 distinct=2685 | D_B=0.841480 cov=0.076 | refines=true | VoidVacuous("fewer than 2 cells: the fields are the invariants")
         witnesses (listing capped at 10, count above is exact): (489,490) (489,499) (489,503)
      GlobalRelabel G8 weak (monotone counts): true
   grid 2x1 cells=2 occ=6.000 fluct=0.338 transport=0.0028  G2 admissible: NO
      Spatial Occ coll=43450413 fire=132347 D_A=0.003046 info=19999 distinct=11 | D_B=0.003569 cov=0.616 | refines=true | VoidVacuous("no transport: the chart is frozen")
         witnesses (listing capped at 10, count above is exact): (24,26) (24,2820) (24,16462)
      Spatial Mom coll=2080942 fire=58530 D_A=0.028127 info=19089 distinct=1725 | D_B=0.004926 cov=0.020 | refines=true | VoidVacuous("no transport: the chart is frozen")
         witnesses (listing capped at 10, count above is exact): (2752,2800) (3377,3382) (3377,3428)
      Spatial Ene coll=219381 fire=173185 D_A=0.789426 info=16224 distinct=5910 | D_B=0.818182 cov=0.020 | refines=true | VoidVacuous("no transport: the chart is frozen")
         witnesses (listing capped at 10, count above is exact): (4419,4437) (4419,4438) (4419,4447)
      Spatial G8 weak (monotone counts): true
      BlindLabel Occ coll=84791549 fire=353561 D_A=0.004170 info=19999 distinct=9 | D_B=0.003489 cov=0.917 | refines=true | VoidVacuous("no transport: the chart is frozen")
         witnesses (listing capped at 10, count above is exact): (24,26) (24,2929) (24,16462)
      BlindLabel Mom coll=10165 fire=9411 D_A=0.925824 info=7929 distinct=15072 | D_B=1.000000 cov=0.002 | refines=true | VoidVacuous("no transport: the chart is frozen")
         witnesses (listing capped at 10, count above is exact): (505,513) (8576,9041) (12981,13091)
      BlindLabel Ene coll=669 fire=663 D_A=0.991031 info=1157 distinct=19392 | D_B=n/a cov=0.000 | refines=true | VoidVacuous("no transport: the chart is frozen")
         witnesses (listing capped at 10, count above is exact): (649,681) (678,734) (873,881)
      BlindLabel G8 weak (monotone counts): true
      BlindIndex Occ coll=199970001 fire=0 D_A=0.000000 info=19999 distinct=1 | D_B=0.000000 cov=1.000 | refines=true | VoidVacuous("no transport: the chart is frozen")
      BlindIndex Mom coll=16040 fire=15216 D_A=0.948628 info=11349 distinct=12516 | D_B=1.000000 cov=0.014 | refines=true | VoidVacuous("no transport: the chart is frozen")
         witnesses (listing capped at 10, count above is exact): (477,494) (477,548) (477,1232)
      BlindIndex Ene coll=1184 fire=1156 D_A=0.976351 info=1815 distinct=19016 | D_B=1.000000 cov=0.000 | refines=true | VoidVacuous("no transport: the chart is frozen")
         witnesses (listing capped at 10, count above is exact): (5878,5951) (11755,11756) (13562,13563)
      BlindIndex G8 weak (monotone counts): true
      GlobalRelabel Occ coll=43450413 fire=132347 D_A=0.003046 info=19999 distinct=11 | D_B=0.003569 cov=0.616 | refines=true | VoidVacuous("no transport: the chart is frozen")
         witnesses (listing capped at 10, count above is exact): (24,26) (2821,2872) (2821,2992)
      GlobalRelabel Mom coll=2080942 fire=58530 D_A=0.028127 info=19089 distinct=1725 | D_B=0.004926 cov=0.020 | refines=true | VoidVacuous("no transport: the chart is frozen")
         witnesses (listing capped at 10, count above is exact): (1432,1434) (2592,2660) (7003,7005)
      GlobalRelabel Ene coll=219381 fire=173185 D_A=0.789426 info=16224 distinct=5910 | D_B=0.818182 cov=0.020 | refines=true | VoidVacuous("no transport: the chart is frozen")
         witnesses (listing capped at 10, count above is exact): (658,833) (658,874) (4426,4458)
      GlobalRelabel G8 weak (monotone counts): true
   grid 2x2 cells=4 occ=3.000 fluct=0.641 transport=0.0161  G2 admissible: NO
      Spatial Occ coll=7107934 fire=247845 D_A=0.034869 info=19999 distinct=89 | D_B=0.014235 cov=0.028 | refines=true | VoidVacuous("no transport: the chart is frozen")
         witnesses (listing capped at 10, count above is exact): (12699,12776) (13386,13465) (14727,14801)
      Spatial Mom coll=598518 fire=50927 D_A=0.085089 info=15732 distinct=6025 | D_B=0.928571 cov=0.004 | refines=true | VoidVacuous("no transport: the chart is frozen")
         witnesses (listing capped at 10, count above is exact): (6225,6249) (6954,6956) (6954,6965)
      Spatial Ene coll=63115 fire=51955 D_A=0.823180 info=9653 distinct=12374 | D_B=1.000000 cov=0.001 | refines=true | VoidVacuous("no transport: the chart is frozen")
         witnesses (listing capped at 10, count above is exact): (2278,2295) (3582,3608) (18595,18627)
      Spatial G8 weak (monotone counts): true
      BlindLabel Occ coll=7994452 fire=287641 D_A=0.035980 info=19999 distinct=79 | D_B=0.009662 cov=0.103 | refines=true | VoidVacuous("no transport: the chart is frozen")
         witnesses (listing capped at 10, count above is exact): (2873,2929) (8270,8286) (8270,8407)
      BlindLabel Mom coll=389 fire=383 D_A=0.984576 info=698 distinct=19637 | D_B=n/a cov=0.000 | refines=true | VoidVacuous("no transport: the chart is frozen")
         witnesses (listing capped at 10, count above is exact): (975,976) (1127,1151) (1817,1818)
      BlindLabel Ene coll=38 fire=38 D_A=1.000000 info=76 distinct=19961 | D_B=n/a cov=0.000 | refines=true | VoidVacuous("no transport: the chart is frozen")
         witnesses (listing capped at 10, count above is exact): (1718,1719) (1749,1908) (4766,4767)
      BlindLabel G8 weak (monotone counts): true
      BlindIndex Occ coll=199970001 fire=0 D_A=0.000000 info=19999 distinct=1 | D_B=0.000000 cov=1.000 | refines=true | VoidVacuous("no transport: the chart is frozen")
      BlindIndex Mom coll=223 fire=218 D_A=0.977578 info=408 distinct=19789 | D_B=n/a cov=0.000 | refines=true | VoidVacuous("no transport: the chart is frozen")
         witnesses (listing capped at 10, count above is exact): (680,738) (680,761) (711,781)
      BlindIndex Ene coll=23 fire=23 D_A=1.000000 info=46 distinct=19976 | D_B=n/a cov=0.000 | refines=true | VoidVacuous("no transport: the chart is frozen")
         witnesses (listing capped at 10, count above is exact): (12,13) (1784,1785) (1932,1989)
      BlindIndex G8 weak (monotone counts): true
      GlobalRelabel Occ coll=7107934 fire=247845 D_A=0.034869 info=19999 distinct=89 | D_B=0.014235 cov=0.028 | refines=true | VoidVacuous("no transport: the chart is frozen")
         witnesses (listing capped at 10, count above is exact): (13386,13465) (14250,14254) (14250,14663)
      GlobalRelabel Mom coll=598518 fire=50927 D_A=0.085089 info=15732 distinct=6025 | D_B=0.904762 cov=0.004 | refines=true | VoidVacuous("no transport: the chart is frozen")
         witnesses (listing capped at 10, count above is exact): (8621,8648) (11360,11365) (13852,13856)
      GlobalRelabel Ene coll=63115 fire=51955 D_A=0.823180 info=9653 distinct=12374 | D_B=1.000000 cov=0.001 | refines=true | VoidVacuous("no transport: the chart is frozen")
         witnesses (listing capped at 10, count above is exact): (4064,4065) (10218,10220) (10218,10326)
      GlobalRelabel G8 weak (monotone counts): true
   grid 4x2 cells=8 occ=1.500 fluct=1.043 transport=0.0223  G2 admissible: NO
      Spatial Occ coll=2592658 fire=99902 D_A=0.038533 info=19998 distinct=202 | D_B=0.011905 cov=0.008 | refines=true | VoidVacuous("no transport: the chart is frozen")
         witnesses (listing capped at 10, count above is exact): (2709,2820) (3926,3956) (6315,6343)
      Spatial Mom coll=236219 fire=29539 D_A=0.125049 info=12678 distinct=9645 | D_B=0.942857 cov=0.004 | refines=true | VoidVacuous("no transport: the chart is frozen")
         witnesses (listing capped at 10, count above is exact): (1811,1835) (4251,4253) (6748,6762)
      Spatial Ene coll=20947 fire=17795 D_A=0.849525 info=6017 distinct=15647 | D_B=1.000000 cov=0.001 | refines=true | VoidVacuous("no transport: the chart is frozen")
         witnesses (listing capped at 10, count above is exact): (2876,2890) (2876,2914) (2890,2914)
      Spatial G8 weak (monotone counts): true
      BlindLabel Occ coll=2619494 fire=94536 D_A=0.036089 info=19998 distinct=210 | D_B=0.011905 cov=0.008 | refines=true | VoidVacuous("no transport: the chart is frozen")
         witnesses (listing capped at 10, count above is exact): (6951,6954) (13646,13663) (14727,14801)
      BlindLabel Mom coll=70 fire=67 D_A=0.957143 info=128 distinct=19933 | D_B=n/a cov=0.000 | refines=true | VoidVacuous("no transport: the chart is frozen")
         witnesses (listing capped at 10, count above is exact): (14,16) (1964,1989) (6078,6079)
      BlindLabel Ene coll=6 fire=6 D_A=1.000000 info=12 distinct=19993 | D_B=n/a cov=0.000 | refines=true | VoidVacuous("no transport: the chart is frozen")
         witnesses (listing capped at 10, count above is exact): (1775,1776) (1900,1901) (1964,1989)
      BlindLabel G8 weak (monotone counts): true
      BlindIndex Occ coll=199970001 fire=0 D_A=0.000000 info=19999 distinct=1 | D_B=0.000000 cov=1.000 | refines=true | VoidVacuous("no transport: the chart is frozen")
      BlindIndex Mom coll=14 fire=13 D_A=0.928571 info=25 distinct=19986 | D_B=n/a cov=0.000 | refines=true | VoidVacuous("no transport: the chart is frozen")
         witnesses (listing capped at 10, count above is exact): (0,2) (3,4) (14,15)
      BlindIndex Ene coll=3 fire=3 D_A=1.000000 info=6 distinct=19996 | D_B=n/a cov=0.000 | refines=true | VoidVacuous("no transport: the chart is frozen")
         witnesses (listing capped at 10, count above is exact): (1549,1550) (2029,2030) (16859,16860)
      BlindIndex G8 weak (monotone counts): true
      GlobalRelabel Occ coll=2592658 fire=99902 D_A=0.038533 info=19998 distinct=202 | D_B=0.011905 cov=0.008 | refines=true | VoidVacuous("no transport: the chart is frozen")
         witnesses (listing capped at 10, count above is exact): (3437,3650) (5865,5867) (5865,5884)
      GlobalRelabel Mom coll=236219 fire=29539 D_A=0.125049 info=12678 distinct=9645 | D_B=0.942857 cov=0.004 | refines=true | VoidVacuous("no transport: the chart is frozen")
         witnesses (listing capped at 10, count above is exact): (6138,6153) (6138,6157) (6138,6175)
      GlobalRelabel Ene coll=20947 fire=17795 D_A=0.849525 info=6017 distinct=15647 | D_B=1.000000 cov=0.001 | refines=true | VoidVacuous("no transport: the chart is frozen")
         witnesses (listing capped at 10, count above is exact): (4281,4301) (4281,4302) (4281,4313)
      GlobalRelabel G8 weak (monotone counts): true
   grid 6x4 cells=24 occ=0.500 fluct=1.835 transport=0.0494  G2 admissible: NO
      Spatial Occ coll=901199 fire=51101 D_A=0.056703 info=19970 distinct=579 | D_B=0.011905 cov=0.008 | refines=true | VoidVacuous("no transport: the chart is frozen")
         witnesses (listing capped at 10, count above is exact): (3246,3258) (3246,3300) (3258,3300)
      Spatial Mom coll=19072 fire=7336 D_A=0.384648 info=4686 distinct=16679 | D_B=0.888889 cov=0.001 | refines=true | VoidVacuous("no transport: the chart is frozen")
         witnesses (listing capped at 10, count above is exact): (1075,1092) (5000,5001) (5000,5028)
      Spatial Ene coll=1256 fire=1004 D_A=0.799363 info=1135 distinct=19331 | D_B=n/a cov=0.000 | refines=true | VoidVacuous("no transport: the chart is frozen")
         witnesses (listing capped at 10, count above is exact): (1862,1871) (1898,1931) (3045,3065)
      Spatial G8 weak (monotone counts): true
      BlindLabel Occ coll=882426 fire=49092 D_A=0.055633 info=19967 distinct=602 | D_B=0.011905 cov=0.008 | refines=true | VoidVacuous("no transport: the chart is frozen")
         witnesses (listing capped at 10, count above is exact): (1572,1613) (1888,1891) (2709,2716)
      BlindLabel Mom coll=8 fire=8 D_A=1.000000 info=16 distinct=19991 | D_B=n/a cov=0.000 | refines=true | VoidVacuous("no transport: the chart is frozen")
         witnesses (listing capped at 10, count above is exact): (0,1) (2,3) (12,13)
      BlindLabel Ene coll=1 fire=1 D_A=1.000000 info=2 distinct=19998 | D_B=n/a cov=0.000 | refines=true | VoidVacuous("no transport: the chart is frozen")
         witnesses (listing capped at 10, count above is exact): (5859,5860)
      BlindLabel G8 weak (monotone counts): true
      BlindIndex Occ coll=199970001 fire=0 D_A=0.000000 info=19999 distinct=1 | D_B=0.000000 cov=1.000 | refines=true | VoidVacuous("no transport: the chart is frozen")
      BlindIndex Mom coll=11 fire=9 D_A=0.818182 info=16 distinct=19990 | D_B=n/a cov=0.000 | refines=true | VoidVacuous("no transport: the chart is frozen")
         witnesses (listing capped at 10, count above is exact): (1,3) (8,9) (12,13)
      BlindIndex Ene coll=0 fire=0 D_A=n/a info=0 distinct=19999 | D_B=n/a cov=0.000 | refines=true | VoidVacuous("no transport: the chart is frozen")
      BlindIndex G8 weak (monotone counts): true
      GlobalRelabel Occ coll=901199 fire=51101 D_A=0.056703 info=19970 distinct=579 | D_B=0.011905 cov=0.008 | refines=true | VoidVacuous("no transport: the chart is frozen")
         witnesses (listing capped at 10, count above is exact): (4612,4702) (5081,5151) (5389,5395)
      GlobalRelabel Mom coll=19072 fire=7336 D_A=0.384648 info=4686 distinct=16679 | D_B=0.888889 cov=0.001 | refines=true | VoidVacuous("no transport: the chart is frozen")
         witnesses (listing capped at 10, count above is exact): (353,362) (353,370) (362,370)
      GlobalRelabel Ene coll=1256 fire=1004 D_A=0.799363 info=1135 distinct=19331 | D_B=n/a cov=0.000 | refines=true | VoidVacuous("no transport: the chart is frozen")
         witnesses (listing capped at 10, count above is exact): (1612,1613) (2908,2916) (2908,2929)
      GlobalRelabel G8 weak (monotone counts): true

-- seed 0x0000000053415428  n=12 dims=2 frames=20000 box=34.6x20.8 species=[1, 8]
   G9a species/arity constant: true
   G9b |p| first=5.241461e-6 last=3.540879e0   G9c Ek first=1.100838e-1 last=9.447950e-3  [ledger leg UNDISCHARGED: the dump carries no forces]
   grid 1x1 cells=1 occ=12.000 fluct=0.000 transport=0.0000  G2 admissible: NO
      Spatial Occ coll=199970001 fire=0 D_A=0.000000 info=19999 distinct=1 | D_B=0.000000 cov=1.000 | refines=true | VoidVacuous("fewer than 2 cells: the fields are the invariants")
      Spatial Mom coll=6134318 fire=73746 D_A=0.012022 info=19908 distinct=342 | D_B=0.142472 cov=0.371 | refines=true | VoidVacuous("fewer than 2 cells: the fields are the invariants")
         witnesses (listing capped at 10, count above is exact): (7801,7802) (7801,7810) (7801,7960)
      Spatial Ene coll=501181 fire=408507 D_A=0.815089 info=18848 distinct=2461 | D_B=0.856894 cov=0.286 | refines=true | VoidVacuous("fewer than 2 cells: the fields are the invariants")
         witnesses (listing capped at 10, count above is exact): (647,658) (647,663) (647,741)
      Spatial G8 weak (monotone counts): true
      BlindLabel Occ coll=199970001 fire=0 D_A=0.000000 info=19999 distinct=1 | D_B=0.000000 cov=1.000 | refines=true | VoidVacuous("fewer than 2 cells: the fields are the invariants")
      BlindLabel Mom coll=6134318 fire=73746 D_A=0.012022 info=19908 distinct=342 | D_B=0.142472 cov=0.371 | refines=true | VoidVacuous("fewer than 2 cells: the fields are the invariants")
         witnesses (listing capped at 10, count above is exact): (2888,3198) (2888,3792) (3198,3792)
      BlindLabel Ene coll=501181 fire=408507 D_A=0.815089 info=18848 distinct=2461 | D_B=0.856894 cov=0.286 | refines=true | VoidVacuous("fewer than 2 cells: the fields are the invariants")
         witnesses (listing capped at 10, count above is exact): (4261,4273) (4261,7524) (4261,7527)
      BlindLabel G8 weak (monotone counts): true
      BlindIndex Occ coll=199970001 fire=0 D_A=0.000000 info=19999 distinct=1 | D_B=0.000000 cov=1.000 | refines=true | VoidVacuous("fewer than 2 cells: the fields are the invariants")
      BlindIndex Mom coll=6134318 fire=73746 D_A=0.012022 info=19908 distinct=342 | D_B=0.142472 cov=0.371 | refines=true | VoidVacuous("fewer than 2 cells: the fields are the invariants")
         witnesses (listing capped at 10, count above is exact): (157,164) (157,175) (164,175)
      BlindIndex Ene coll=501181 fire=408507 D_A=0.815089 info=18848 distinct=2461 | D_B=0.856894 cov=0.286 | refines=true | VoidVacuous("fewer than 2 cells: the fields are the invariants")
         witnesses (listing capped at 10, count above is exact): (3347,3413) (3347,3424) (3347,3555)
      BlindIndex G8 weak (monotone counts): true
      GlobalRelabel Occ coll=199970001 fire=0 D_A=0.000000 info=19999 distinct=1 | D_B=0.000000 cov=1.000 | refines=true | VoidVacuous("fewer than 2 cells: the fields are the invariants")
      GlobalRelabel Mom coll=6134318 fire=73746 D_A=0.012022 info=19908 distinct=342 | D_B=0.142472 cov=0.371 | refines=true | VoidVacuous("fewer than 2 cells: the fields are the invariants")
         witnesses (listing capped at 10, count above is exact): (156,9770) (156,9780) (6618,6619)
      GlobalRelabel Ene coll=501181 fire=408507 D_A=0.815089 info=18848 distinct=2461 | D_B=0.856894 cov=0.286 | refines=true | VoidVacuous("fewer than 2 cells: the fields are the invariants")
         witnesses (listing capped at 10, count above is exact): (1433,1434) (1433,1440) (1433,1457)
      GlobalRelabel G8 weak (monotone counts): true
   grid 2x1 cells=2 occ=6.000 fluct=0.284 transport=0.0061  G2 admissible: NO
      Spatial Occ coll=55309827 fire=478185 D_A=0.008646 info=19999 distinct=12 | D_B=0.008770 cov=0.798 | refines=true | VoidVacuous("no transport: the chart is frozen")
         witnesses (listing capped at 10, count above is exact): (0,17) (0,1425) (0,2879)
      Spatial Mom coll=1283677 fire=44144 D_A=0.034389 info=18589 distinct=2779 | D_B=0.972222 cov=0.004 | refines=true | VoidVacuous("no transport: the chart is frozen")
         witnesses (listing capped at 10, count above is exact): (9263,9340) (9351,9418) (9908,9930)
      Spatial Ene coll=87510 fire=70262 D_A=0.802903 info=13820 distinct=8719 | D_B=1.000000 cov=0.003 | refines=true | VoidVacuous("no transport: the chart is frozen")
         witnesses (listing capped at 10, count above is exact): (4854,4894) (4854,5321) (4854,5325)
      Spatial G8 weak (monotone counts): true
      BlindLabel Occ coll=71506949 fire=317215 D_A=0.004436 info=19999 distinct=12 | D_B=0.005085 cov=0.767 | refines=true | VoidVacuous("no transport: the chart is frozen")
         witnesses (listing capped at 10, count above is exact): (0,17) (0,2367) (0,2879)
      BlindLabel Mom coll=9611 fire=9174 D_A=0.954531 info=9463 distinct=14202 | D_B=0.965278 cov=0.014 | refines=true | VoidVacuous("no transport: the chart is frozen")
         witnesses (listing capped at 10, count above is exact): (3598,3695) (3598,3759) (3598,4002)
      BlindLabel Ene coll=538 fire=526 D_A=0.977695 info=961 distinct=19502 | D_B=1.000000 cov=0.001 | refines=true | VoidVacuous("no transport: the chart is frozen")
         witnesses (listing capped at 10, count above is exact): (1365,1795) (8424,8425) (11276,11277)
      BlindLabel G8 weak (monotone counts): true
      BlindIndex Occ coll=199970001 fire=0 D_A=0.000000 info=19999 distinct=1 | D_B=0.000000 cov=1.000 | refines=true | VoidVacuous("no transport: the chart is frozen")
      BlindIndex Mom coll=17134 fire=16288 D_A=0.950624 info=11792 distinct=12181 | D_B=0.986441 cov=0.118 | refines=true | VoidVacuous("no transport: the chart is frozen")
         witnesses (listing capped at 10, count above is exact): (524,833) (524,1004) (524,1288)
      BlindIndex Ene coll=847 fire=826 D_A=0.975207 info=1456 distinct=19236 | D_B=1.000000 cov=0.002 | refines=true | VoidVacuous("no transport: the chart is frozen")
         witnesses (listing capped at 10, count above is exact): (2454,2521) (10127,10195) (12903,12913)
      BlindIndex G8 weak (monotone counts): true
      GlobalRelabel Occ coll=55309827 fire=478185 D_A=0.008646 info=19999 distinct=12 | D_B=0.008770 cov=0.798 | refines=true | VoidVacuous("no transport: the chart is frozen")
         witnesses (listing capped at 10, count above is exact): (1552,1553) (1552,10489) (1553,10489)
      GlobalRelabel Mom coll=1283677 fire=44144 D_A=0.034389 info=18589 distinct=2779 | D_B=0.972222 cov=0.004 | refines=true | VoidVacuous("no transport: the chart is frozen")
         witnesses (listing capped at 10, count above is exact): (17784,18268) (17784,19441) (18268,19441)
      GlobalRelabel Ene coll=87510 fire=70262 D_A=0.802903 info=13820 distinct=8719 | D_B=1.000000 cov=0.003 | refines=true | VoidVacuous("no transport: the chart is frozen")
         witnesses (listing capped at 10, count above is exact): (2217,2234) (2217,2245) (2217,2314)
      GlobalRelabel G8 weak (monotone counts): true
   grid 2x2 cells=4 occ=3.000 fluct=0.636 transport=0.0153  G2 admissible: NO
      Spatial Occ coll=7237501 fire=128546 D_A=0.017761 info=19999 distinct=94 | D_B=0.005602 cov=0.107 | refines=true | VoidVacuous("no transport: the chart is frozen")
         witnesses (listing capped at 10, count above is exact): (2368,2394) (6879,6915) (7537,7597)
      Spatial Mom coll=655589 fire=35072 D_A=0.053497 info=14995 distinct=6451 | D_B=n/a cov=0.000 | refines=true | VoidVacuous("no transport: the chart is frozen")
         witnesses (listing capped at 10, count above is exact): (300,301) (6919,7030) (13670,13678)
      Spatial Ene coll=52056 fire=41674 D_A=0.800561 info=9747 distinct=12442 | D_B=n/a cov=0.000 | refines=true | VoidVacuous("no transport: the chart is frozen")
         witnesses (listing capped at 10, count above is exact): (954,986) (2991,3015) (4376,4392)
      Spatial G8 weak (monotone counts): true
      BlindLabel Occ coll=7644829 fire=124747 D_A=0.016318 info=19998 distinct=90 | D_B=0.018141 cov=0.044 | refines=true | VoidVacuous("no transport: the chart is frozen")
         witnesses (listing capped at 10, count above is exact): (9627,9639) (9627,9717) (9627,13500)
      BlindLabel Mom coll=672 fire=638 D_A=0.949405 info=1156 distinct=19393 | D_B=n/a cov=0.000 | refines=true | VoidVacuous("no transport: the chart is frozen")
         witnesses (listing capped at 10, count above is exact): (1483,1539) (6958,6997) (8328,8489)
      BlindLabel Ene coll=89 fire=89 D_A=1.000000 info=178 distinct=19910 | D_B=n/a cov=0.000 | refines=true | VoidVacuous("no transport: the chart is frozen")
         witnesses (listing capped at 10, count above is exact): (7557,7558) (9009,9011) (11573,11574)
      BlindLabel G8 weak (monotone counts): true
      BlindIndex Occ coll=199970001 fire=0 D_A=0.000000 info=19999 distinct=1 | D_B=0.000000 cov=1.000 | refines=true | VoidVacuous("no transport: the chart is frozen")
      BlindIndex Mom coll=187 fire=174 D_A=0.930481 info=332 distinct=19826 | D_B=n/a cov=0.000 | refines=true | VoidVacuous("no transport: the chart is frozen")
         witnesses (listing capped at 10, count above is exact): (9224,9225) (10431,10432) (11709,11710)
      BlindIndex Ene coll=29 fire=28 D_A=0.965517 info=55 distinct=19971 | D_B=n/a cov=0.000 | refines=true | VoidVacuous("no transport: the chart is frozen")
         witnesses (listing capped at 10, count above is exact): (10244,10245) (11494,11558) (13789,13790)
      BlindIndex G8 weak (monotone counts): true
      GlobalRelabel Occ coll=7237501 fire=128546 D_A=0.017761 info=19999 distinct=94 | D_B=0.005602 cov=0.107 | refines=true | VoidVacuous("no transport: the chart is frozen")
         witnesses (listing capped at 10, count above is exact): (1567,1571) (1567,1803) (1571,1803)
      GlobalRelabel Mom coll=655589 fire=35072 D_A=0.053497 info=14995 distinct=6451 | D_B=n/a cov=0.000 | refines=true | VoidVacuous("no transport: the chart is frozen")
         witnesses (listing capped at 10, count above is exact): (7569,7572) (7569,7577) (7569,7588)
      GlobalRelabel Ene coll=52056 fire=41674 D_A=0.800561 info=9747 distinct=12442 | D_B=n/a cov=0.000 | refines=true | VoidVacuous("no transport: the chart is frozen")
         witnesses (listing capped at 10, count above is exact): (5561,5574) (5561,5590) (5561,5591)
      GlobalRelabel G8 weak (monotone counts): true
   grid 4x2 cells=8 occ=1.500 fluct=0.891 transport=0.0280  G2 admissible: NO
      Spatial Occ coll=3686036 fire=94909 D_A=0.025748 info=19994 distinct=219 | D_B=0.007353 cov=0.014 | refines=true | VoidVacuous("no transport: the chart is frozen")
         witnesses (listing capped at 10, count above is exact): (1305,1306) (6518,6526) (6518,6614)
      Spatial Mom coll=316160 fire=14147 D_A=0.044746 info=10759 distinct=10911 | D_B=n/a cov=0.000 | refines=true | VoidVacuous("no transport: the chart is frozen")
         witnesses (listing capped at 10, count above is exact): (7744,7746) (11800,11804) (14979,14990)
      Spatial Ene coll=21645 fire=18330 D_A=0.846847 info=6122 distinct=15428 | D_B=n/a cov=0.000 | refines=true | VoidVacuous("no transport: the chart is frozen")
         witnesses (listing capped at 10, count above is exact): (2840,2864) (2840,2868) (2864,2868)
      Spatial G8 weak (monotone counts): true
      BlindLabel Occ coll=3554284 fire=80485 D_A=0.022645 info=19994 distinct=237 | D_B=0.007353 cov=0.014 | refines=true | VoidVacuous("no transport: the chart is frozen")
         witnesses (listing capped at 10, count above is exact): (500,502) (500,509) (502,509)
      BlindLabel Mom coll=148 fire=145 D_A=0.979730 info=272 distinct=19859 | D_B=n/a cov=0.000 | refines=true | VoidVacuous("no transport: the chart is frozen")
         witnesses (listing capped at 10, count above is exact): (3549,3797) (3729,3785) (3980,3983)
      BlindLabel Ene coll=22 fire=22 D_A=1.000000 info=44 distinct=19977 | D_B=n/a cov=0.000 | refines=true | VoidVacuous("no transport: the chart is frozen")
         witnesses (listing capped at 10, count above is exact): (2260,2316) (4193,4194) (4249,4250)
      BlindLabel G8 weak (monotone counts): true
      BlindIndex Occ coll=199970001 fire=0 D_A=0.000000 info=19999 distinct=1 | D_B=0.000000 cov=1.000 | refines=true | VoidVacuous("no transport: the chart is frozen")
      BlindIndex Mom coll=38 fire=37 D_A=0.973684 info=73 distinct=19962 | D_B=n/a cov=0.000 | refines=true | VoidVacuous("no transport: the chart is frozen")
         witnesses (listing capped at 10, count above is exact): (8066,8067) (8765,8766) (11177,11178)
      BlindIndex Ene coll=12 fire=12 D_A=1.000000 info=24 distinct=19987 | D_B=n/a cov=0.000 | refines=true | VoidVacuous("no transport: the chart is frozen")
         witnesses (listing capped at 10, count above is exact): (11177,11178) (12312,12313) (12667,12668)
      BlindIndex G8 weak (monotone counts): true
      GlobalRelabel Occ coll=3686036 fire=94909 D_A=0.025748 info=19994 distinct=219 | D_B=0.007353 cov=0.014 | refines=true | VoidVacuous("no transport: the chart is frozen")
         witnesses (listing capped at 10, count above is exact): (1266,1270) (1266,1325) (1270,1325)
      GlobalRelabel Mom coll=316160 fire=14147 D_A=0.044746 info=10759 distinct=10911 | D_B=n/a cov=0.000 | refines=true | VoidVacuous("no transport: the chart is frozen")
         witnesses (listing capped at 10, count above is exact): (979,1060) (6550,6551) (7368,7382)
      GlobalRelabel Ene coll=21645 fire=18330 D_A=0.846847 info=6122 distinct=15428 | D_B=n/a cov=0.000 | refines=true | VoidVacuous("no transport: the chart is frozen")
         witnesses (listing capped at 10, count above is exact): (4092,4093) (8609,8612) (8609,8613)
      GlobalRelabel G8 weak (monotone counts): true
   grid 6x4 cells=24 occ=0.500 fluct=1.760 transport=0.0511  G2 admissible: NO
      Spatial Occ coll=1030099 fire=56775 D_A=0.055116 info=19974 distinct=595 | D_B=0.047619 cov=0.002 | refines=true | NotClosed
         witnesses (listing capped at 10, count above is exact): (5,6) (4761,4764) (4761,4824)
      Spatial Mom coll=31035 fire=10400 D_A=0.335106 info=6242 distinct=15560 | D_B=n/a cov=0.000 | refines=true | NotClosed
         witnesses (listing capped at 10, count above is exact): (6974,6998) (8480,8481) (10391,10394)
      Spatial Ene coll=1001 fire=898 D_A=0.897103 info=1280 distinct=19284 | D_B=n/a cov=0.000 | refines=true | NotClosed
         witnesses (listing capped at 10, count above is exact): (2274,2294) (2274,2302) (2274,2322)
      Spatial G8 weak (monotone counts): true
      BlindLabel Occ coll=992977 fire=51979 D_A=0.052347 info=19973 distinct=621 | D_B=0.047619 cov=0.002 | refines=true | NotClosed
         witnesses (listing capped at 10, count above is exact): (122,125) (7366,7372) (11218,11238)
      BlindLabel Mom coll=25 fire=25 D_A=1.000000 info=50 distinct=19974 | D_B=n/a cov=0.000 | refines=true | VoidWorkCount(50)
         witnesses (listing capped at 10, count above is exact): (8066,8067) (9175,9176) (10101,10102)
      BlindLabel Ene coll=6 fire=6 D_A=1.000000 info=12 distinct=19993 | D_B=n/a cov=0.000 | refines=true | VoidWorkCount(12)
         witnesses (listing capped at 10, count above is exact): (5978,5979) (12102,12103) (12198,12199)
      BlindLabel G8 weak (monotone counts): true
      BlindIndex Occ coll=199970001 fire=0 D_A=0.000000 info=19999 distinct=1 | D_B=0.000000 cov=1.000 | refines=true | VoidVacuous("no transport: the chart is frozen")
      BlindIndex Mom coll=11 fire=11 D_A=1.000000 info=22 distinct=19988 | D_B=n/a cov=0.000 | refines=true | VoidVacuous("no transport: the chart is frozen")
         witnesses (listing capped at 10, count above is exact): (2,3) (8066,8067) (9254,9255)
      BlindIndex Ene coll=2 fire=2 D_A=1.000000 info=4 distinct=19997 | D_B=n/a cov=0.000 | refines=true | VoidVacuous("no transport: the chart is frozen")
         witnesses (listing capped at 10, count above is exact): (14692,14693) (14874,14875)
      BlindIndex G8 weak (monotone counts): true
      GlobalRelabel Occ coll=1030099 fire=56775 D_A=0.055116 info=19974 distinct=595 | D_B=0.047619 cov=0.002 | refines=true | NotClosed
         witnesses (listing capped at 10, count above is exact): (24,25) (137,142) (1003,1006)
      GlobalRelabel Mom coll=31035 fire=10400 D_A=0.335106 info=6242 distinct=15560 | D_B=n/a cov=0.000 | refines=true | NotClosed
         witnesses (listing capped at 10, count above is exact): (2424,2432) (7375,7376) (7584,7585)
      GlobalRelabel Ene coll=1001 fire=898 D_A=0.897103 info=1280 distinct=19284 | D_B=n/a cov=0.000 | refines=true | NotClosed
         witnesses (listing capped at 10, count above is exact): (2300,2316) (8101,8130) (8101,8134)
      GlobalRelabel G8 weak (monotone counts): true

===== ARM hydrogen (8 trajectories) =====

-- seed 0x0000000053415421  n=12 dims=2 frames=20000 box=34.6x20.8 species=[1]
   G9a species/arity constant: true
   G9b |p| first=8.103868e-15 last=8.635163e0   G9c Ek first=7.769030e-2 last=1.123098e-2  [ledger leg UNDISCHARGED: the dump carries no forces]
   grid 1x1 cells=1 occ=12.000 fluct=0.000 transport=0.0000  G2 admissible: NO
      Spatial Occ coll=199970001 fire=0 D_A=0.000000 info=19999 distinct=1 | D_B=0.000000 cov=1.000 | refines=true | VoidVacuous("fewer than 2 cells: the fields are the invariants")
      Spatial Mom coll=6820428 fire=162768 D_A=0.023865 info=19976 distinct=195 | D_B=0.250968 cov=0.672 | refines=true | VoidVacuous("fewer than 2 cells: the fields are the invariants")
         witnesses (listing capped at 10, count above is exact): (118,189) (118,4986) (118,11069)
      Spatial Ene coll=1096379 fire=819370 D_A=0.747342 info=19545 distinct=1191 | D_B=0.832240 cov=0.488 | refines=true | VoidVacuous("fewer than 2 cells: the fields are the invariants")
         witnesses (listing capped at 10, count above is exact): (15098,15099) (15098,15114) (15098,19917)
      Spatial G8 weak (monotone counts): true
      BlindLabel Occ coll=199970001 fire=0 D_A=0.000000 info=19999 distinct=1 | D_B=0.000000 cov=1.000 | refines=true | VoidVacuous("fewer than 2 cells: the fields are the invariants")
      BlindLabel Mom coll=6820428 fire=162768 D_A=0.023865 info=19976 distinct=195 | D_B=0.250968 cov=0.672 | refines=true | VoidVacuous("fewer than 2 cells: the fields are the invariants")
         witnesses (listing capped at 10, count above is exact): (118,189) (118,4986) (118,11069)
      BlindLabel Ene coll=1096379 fire=819370 D_A=0.747342 info=19545 distinct=1191 | D_B=0.832240 cov=0.488 | refines=true | VoidVacuous("fewer than 2 cells: the fields are the invariants")
         witnesses (listing capped at 10, count above is exact): (257,291) (8616,8617) (13930,13938)
      BlindLabel G8 weak (monotone counts): true
      BlindIndex Occ coll=199970001 fire=0 D_A=0.000000 info=19999 distinct=1 | D_B=0.000000 cov=1.000 | refines=true | VoidVacuous("fewer than 2 cells: the fields are the invariants")
      BlindIndex Mom coll=6820428 fire=162768 D_A=0.023865 info=19976 distinct=195 | D_B=0.250968 cov=0.672 | refines=true | VoidVacuous("fewer than 2 cells: the fields are the invariants")
         witnesses (listing capped at 10, count above is exact): (5,7) (10670,10671) (10670,10777)
      BlindIndex Ene coll=1096379 fire=819370 D_A=0.747342 info=19545 distinct=1191 | D_B=0.832240 cov=0.488 | refines=true | VoidVacuous("fewer than 2 cells: the fields are the invariants")
         witnesses (listing capped at 10, count above is exact): (5365,5494) (5365,5495) (5494,5495)
      BlindIndex G8 weak (monotone counts): true
      GlobalRelabel Occ coll=199970001 fire=0 D_A=0.000000 info=19999 distinct=1 | D_B=0.000000 cov=1.000 | refines=true | VoidVacuous("fewer than 2 cells: the fields are the invariants")
      GlobalRelabel Mom coll=6820428 fire=162768 D_A=0.023865 info=19976 distinct=195 | D_B=0.250968 cov=0.672 | refines=true | VoidVacuous("fewer than 2 cells: the fields are the invariants")
         witnesses (listing capped at 10, count above is exact): (7529,7534) (7529,11610) (7529,11748)
      GlobalRelabel Ene coll=1096379 fire=819370 D_A=0.747342 info=19545 distinct=1191 | D_B=0.832240 cov=0.488 | refines=true | VoidVacuous("fewer than 2 cells: the fields are the invariants")
         witnesses (listing capped at 10, count above is exact): (618,636) (618,647) (618,680)
      GlobalRelabel G8 weak (monotone counts): true
   grid 2x1 cells=2 occ=6.000 fluct=0.157 transport=0.0075  G2 admissible: NO
      Spatial Occ coll=103483840 fire=832399 D_A=0.008044 info=19999 distinct=6 | D_B=0.007420 cov=0.997 | refines=true | VoidVacuous("no transport: the chart is frozen")
         witnesses (listing capped at 10, count above is exact): (0,143) (0,6975) (143,6975)
      Spatial Mom coll=3539626 fire=46389 D_A=0.013106 info=19615 distinct=1164 | D_B=0.304094 cov=0.017 | refines=true | VoidVacuous("no transport: the chart is frozen")
         witnesses (listing capped at 10, count above is exact): (3806,4006) (6544,6546) (7235,7306)
      Spatial Ene coll=146522 fire=101501 D_A=0.692736 info=17922 distinct=4487 | D_B=0.583333 cov=0.001 | refines=true | VoidVacuous("no transport: the chart is frozen")
         witnesses (listing capped at 10, count above is exact): (551,683) (4566,4574) (5392,5420)
      Spatial G8 weak (monotone counts): true
      BlindLabel Occ coll=82904318 fire=657137 D_A=0.007926 info=19999 distinct=8 | D_B=0.008095 cov=0.506 | refines=true | VoidVacuous("no transport: the chart is frozen")
         witnesses (listing capped at 10, count above is exact): (144,146) (144,6639) (146,6639)
      BlindLabel Mom coll=147912 fire=126599 D_A=0.855908 info=18207 distinct=4676 | D_B=0.928205 cov=0.059 | refines=true | VoidVacuous("no transport: the chart is frozen")
         witnesses (listing capped at 10, count above is exact): (4895,4903) (4895,9440) (4895,9441)
      BlindLabel Ene coll=18114 fire=13861 D_A=0.765209 info=12034 distinct=11999 | D_B=1.000000 cov=0.003 | refines=true | VoidVacuous("no transport: the chart is frozen")
         witnesses (listing capped at 10, count above is exact): (10105,10106) (10105,10113) (10105,10124)
      BlindLabel G8 weak (monotone counts): true
      BlindIndex Occ coll=199970001 fire=0 D_A=0.000000 info=19999 distinct=1 | D_B=0.000000 cov=1.000 | refines=true | VoidVacuous("no transport: the chart is frozen")
      BlindIndex Mom coll=138390 fire=120506 D_A=0.870771 info=18459 distinct=4296 | D_B=0.984929 cov=0.319 | refines=true | VoidVacuous("no transport: the chart is frozen")
         witnesses (listing capped at 10, count above is exact): (3843,3958) (3843,3966) (3843,14971)
      BlindIndex Ene coll=18224 fire=13832 D_A=0.758999 info=11327 distinct=12525 | D_B=0.979104 cov=0.034 | refines=true | VoidVacuous("no transport: the chart is frozen")
         witnesses (listing capped at 10, count above is exact): (3343,3351) (3396,6009) (3917,3925)
      BlindIndex G8 weak (monotone counts): true
      GlobalRelabel Occ coll=103483840 fire=832399 D_A=0.008044 info=19999 distinct=6 | D_B=0.007420 cov=0.997 | refines=true | VoidVacuous("no transport: the chart is frozen")
         witnesses (listing capped at 10, count above is exact): (144,146) (144,6212) (146,6212)
      GlobalRelabel Mom coll=3539626 fire=46389 D_A=0.013106 info=19615 distinct=1164 | D_B=0.304094 cov=0.017 | refines=true | VoidVacuous("no transport: the chart is frozen")
         witnesses (listing capped at 10, count above is exact): (12560,12586) (13527,13535) (16744,16763)
      GlobalRelabel Ene coll=146522 fire=101501 D_A=0.692736 info=17922 distinct=4487 | D_B=0.583333 cov=0.001 | refines=true | VoidVacuous("no transport: the chart is frozen")
         witnesses (listing capped at 10, count above is exact): (10619,10622) (14755,14767) (16755,16759)
      GlobalRelabel G8 weak (monotone counts): true
   grid 2x2 cells=4 occ=3.000 fluct=0.415 transport=0.0229  G2 admissible: NO
      Spatial Occ coll=15150033 fire=331691 D_A=0.021894 info=19999 distinct=86 | D_B=0.042534 cov=0.788 | refines=true | VoidVacuous("no transport: the chart is frozen")
         witnesses (listing capped at 10, count above is exact): (8572,8587) (8572,8790) (8572,15915)
      Spatial Mom coll=901923 fire=57107 D_A=0.063317 info=18639 distinct=3029 | D_B=0.000000 cov=0.000 | refines=true | VoidVacuous("no transport: the chart is frozen")
         witnesses (listing capped at 10, count above is exact): (4185,4187) (6684,6690) (7445,7453)
      Spatial Ene coll=60893 fire=35358 D_A=0.580658 info=14774 distinct=8817 | D_B=1.000000 cov=0.000 | refines=true | VoidVacuous("no transport: the chart is frozen")
         witnesses (listing capped at 10, count above is exact): (1414,1430) (1659,1675) (5085,5101)
      Spatial G8 weak (monotone counts): true
      BlindLabel Occ coll=7767876 fire=226916 D_A=0.029212 info=19998 distinct=82 | D_B=0.021316 cov=0.535 | refines=true | VoidVacuous("no transport: the chart is frozen")
         witnesses (listing capped at 10, count above is exact): (4052,4142) (4052,4212) (4052,9987)
      BlindLabel Mom coll=9966 fire=7743 D_A=0.776942 info=9458 distinct=14151 | D_B=n/a cov=0.000 | refines=true | VoidVacuous("no transport: the chart is frozen")
         witnesses (listing capped at 10, count above is exact): (575,583) (5135,5143) (11044,11051)
      BlindLabel Ene coll=3332 fire=2641 D_A=0.792617 info=4718 distinct=17376 | D_B=n/a cov=0.000 | refines=true | VoidVacuous("no transport: the chart is frozen")
         witnesses (listing capped at 10, count above is exact): (868,876) (909,917) (1428,1436)
      BlindLabel G8 weak (monotone counts): true
      BlindIndex Occ coll=199970001 fire=0 D_A=0.000000 info=19999 distinct=1 | D_B=0.000000 cov=1.000 | refines=true | VoidVacuous("no transport: the chart is frozen")
      BlindIndex Mom coll=18546 fire=13571 D_A=0.731748 info=11600 distinct=12350 | D_B=1.000000 cov=0.003 | refines=true | VoidVacuous("no transport: the chart is frozen")
         witnesses (listing capped at 10, count above is exact): (3025,3033) (7569,7577) (13996,14004)
      BlindIndex Ene coll=6760 fire=4836 D_A=0.715385 info=6574 distinct=16073 | D_B=1.000000 cov=0.000 | refines=true | VoidVacuous("no transport: the chart is frozen")
         witnesses (listing capped at 10, count above is exact): (1868,1876) (2775,2783) (6344,6352)
      BlindIndex G8 weak (monotone counts): true
      GlobalRelabel Occ coll=15150033 fire=331691 D_A=0.021894 info=19999 distinct=86 | D_B=0.022092 cov=0.788 | refines=true | VoidVacuous("no transport: the chart is frozen")
         witnesses (listing capped at 10, count above is exact): (9720,9937) (9720,11250) (9720,19887)
      GlobalRelabel Mom coll=901923 fire=57107 D_A=0.063317 info=18639 distinct=3029 | D_B=1.000000 cov=0.000 | refines=true | VoidVacuous("no transport: the chart is frozen")
         witnesses (listing capped at 10, count above is exact): (859,863) (5219,5227) (7483,7499)
      GlobalRelabel Ene coll=60893 fire=35358 D_A=0.580658 info=14774 distinct=8817 | D_B=1.000000 cov=0.000 | refines=true | VoidVacuous("no transport: the chart is frozen")
         witnesses (listing capped at 10, count above is exact): (754,762) (6338,6346) (13281,13284)
      GlobalRelabel G8 weak (monotone counts): true
   grid 4x2 cells=8 occ=1.500 fluct=0.718 transport=0.0359  G2 admissible: NO
      Spatial Occ coll=4004048 fire=106101 D_A=0.026498 info=19983 distinct=377 | D_B=0.197089 cov=0.165 | refines=true | VoidVacuous("no transport: the chart is frozen")
         witnesses (listing capped at 10, count above is exact): (4836,4910) (7791,7809) (8519,8523)
      Spatial Mom coll=462185 fire=43827 D_A=0.094826 info=17413 distinct=4847 | D_B=1.000000 cov=0.000 | refines=true | VoidVacuous("no transport: the chart is frozen")
         witnesses (listing capped at 10, count above is exact): (9124,9138) (11041,11044) (11041,11058)
      Spatial Ene coll=38917 fire=21542 D_A=0.553537 info=12278 distinct=11225 | D_B=n/a cov=0.000 | refines=true | VoidVacuous("no transport: the chart is frozen")
         witnesses (listing capped at 10, count above is exact): (2979,2995) (7146,7154) (8956,8964)
      Spatial G8 weak (monotone counts): true
      BlindLabel Occ coll=2959704 fire=80299 D_A=0.027131 info=19982 distinct=417 | D_B=0.029586 cov=0.034 | refines=true | VoidVacuous("no transport: the chart is frozen")
         witnesses (listing capped at 10, count above is exact): (1586,1594) (1586,3393) (1594,3393)
      BlindLabel Mom coll=4800 fire=3702 D_A=0.771250 info=5401 distinct=16858 | D_B=n/a cov=0.000 | refines=true | VoidVacuous("no transport: the chart is frozen")
         witnesses (listing capped at 10, count above is exact): (1431,1439) (3868,3876) (8799,8807)
      BlindLabel Ene coll=1945 fire=1562 D_A=0.803085 info=2737 distinct=18486 | D_B=n/a cov=0.000 | refines=true | VoidVacuous("no transport: the chart is frozen")
         witnesses (listing capped at 10, count above is exact): (782,790) (1452,1460) (1765,1773)
      BlindLabel G8 weak (monotone counts): true
      BlindIndex Occ coll=199970001 fire=0 D_A=0.000000 info=19999 distinct=1 | D_B=0.000000 cov=1.000 | refines=true | VoidVacuous("no transport: the chart is frozen")
      BlindIndex Mom coll=2505 fire=2042 D_A=0.815170 info=3565 distinct=18011 | D_B=1.000000 cov=0.000 | refines=true | VoidVacuous("no transport: the chart is frozen")
         witnesses (listing capped at 10, count above is exact): (1544,1560) (1544,1568) (1560,1568)
      BlindIndex Ene coll=982 fire=852 D_A=0.867617 info=1600 distinct=19143 | D_B=n/a cov=0.000 | refines=true | VoidVacuous("no transport: the chart is frozen")
         witnesses (listing capped at 10, count above is exact): (1821,1829) (1821,1837) (1829,1837)
      BlindIndex G8 weak (monotone counts): true
      GlobalRelabel Occ coll=4004048 fire=106101 D_A=0.026498 info=19983 distinct=377 | D_B=0.197089 cov=0.165 | refines=true | VoidVacuous("no transport: the chart is frozen")
         witnesses (listing capped at 10, count above is exact): (969,976) (7810,7875) (11993,12020)
      GlobalRelabel Mom coll=462185 fire=43827 D_A=0.094826 info=17413 distinct=4847 | D_B=1.000000 cov=0.000 | refines=true | VoidVacuous("no transport: the chart is frozen")
         witnesses (listing capped at 10, count above is exact): (4030,4037) (4030,4045) (5933,5934)
      GlobalRelabel Ene coll=38917 fire=21542 D_A=0.553537 info=12278 distinct=11225 | D_B=n/a cov=0.000 | refines=true | VoidVacuous("no transport: the chart is frozen")
         witnesses (listing capped at 10, count above is exact): (3531,3539) (10794,10802) (12365,12429)
      GlobalRelabel G8 weak (monotone counts): true
   grid 6x4 cells=24 occ=0.500 fluct=1.599 transport=0.0640  G2 admissible: NO
      Spatial Occ coll=970983 fire=53247 D_A=0.054838 info=19951 distinct=941 | D_B=0.062500 cov=0.003 | refines=true | NotClosed
         witnesses (listing capped at 10, count above is exact): (4618,4630) (4720,4746) (7725,7730)
      Spatial Mom coll=176675 fire=42302 D_A=0.239434 info=14161 distinct=8797 | D_B=n/a cov=0.000 | refines=true | NotClosed
         witnesses (listing capped at 10, count above is exact): (4665,4667) (10583,10585) (13962,13963)
      Spatial Ene coll=12067 fire=6855 D_A=0.568078 info=8198 distinct=14752 | D_B=n/a cov=0.000 | refines=true | NotClosed
         witnesses (listing capped at 10, count above is exact): (2085,2182) (2085,2190) (2085,2198)
      Spatial G8 weak (monotone counts): true
      BlindLabel Occ coll=945765 fire=50029 D_A=0.052898 info=19938 distinct=996 | D_B=0.062500 cov=0.003 | refines=true | NotClosed
         witnesses (listing capped at 10, count above is exact): (4052,4095) (6313,6316) (6580,6594)
      BlindLabel Mom coll=1995 fire=1601 D_A=0.802506 info=2858 distinct=18425 | D_B=n/a cov=0.000 | refines=true | NotClosed
         witnesses (listing capped at 10, count above is exact): (2148,2156) (2439,2455) (6292,6300)
      BlindLabel Ene coll=846 fire=724 D_A=0.855792 info=1407 distinct=19252 | D_B=n/a cov=0.000 | refines=true | NotClosed
         witnesses (listing capped at 10, count above is exact): (998,1006) (2191,2199) (3775,3783)
      BlindLabel G8 weak (monotone counts): true
      BlindIndex Occ coll=199970001 fire=0 D_A=0.000000 info=19999 distinct=1 | D_B=0.000000 cov=1.000 | refines=true | VoidVacuous("no transport: the chart is frozen")
      BlindIndex Mom coll=2176 fire=1751 D_A=0.804688 info=2965 distinct=18333 | D_B=1.000000 cov=0.000 | refines=true | VoidVacuous("no transport: the chart is frozen")
         witnesses (listing capped at 10, count above is exact): (808,881) (808,897) (808,905)
      BlindIndex Ene coll=940 fire=816 D_A=0.868085 info=1458 distinct=19208 | D_B=n/a cov=0.000 | refines=true | VoidVacuous("no transport: the chart is frozen")
         witnesses (listing capped at 10, count above is exact): (1196,1204) (2176,2184) (2481,2489)
      BlindIndex G8 weak (monotone counts): true
      GlobalRelabel Occ coll=970983 fire=53247 D_A=0.054838 info=19951 distinct=941 | D_B=0.062500 cov=0.003 | refines=true | NotClosed
         witnesses (listing capped at 10, count above is exact): (3161,3179) (9219,9249) (15264,15265)
      GlobalRelabel Mom coll=176675 fire=42302 D_A=0.239434 info=14161 distinct=8797 | D_B=n/a cov=0.000 | refines=true | NotClosed
         witnesses (listing capped at 10, count above is exact): (1808,1917) (6571,6577) (6571,6578)
      GlobalRelabel Ene coll=12067 fire=6855 D_A=0.568078 info=8198 distinct=14752 | D_B=n/a cov=0.000 | refines=true | NotClosed
         witnesses (listing capped at 10, count above is exact): (758,766) (12509,12513) (12509,12517)
      GlobalRelabel G8 weak (monotone counts): true

-- seed 0x0000000053415422  n=12 dims=2 frames=20000 box=34.6x20.8 species=[1]
   G9a species/arity constant: true
   G9b |p| first=1.945238e-14 last=4.315941e0   G9c Ek first=8.784289e-2 last=1.106004e-2  [ledger leg UNDISCHARGED: the dump carries no forces]
   grid 1x1 cells=1 occ=12.000 fluct=0.000 transport=0.0000  G2 admissible: NO
      Spatial Occ coll=199970001 fire=0 D_A=0.000000 info=19999 distinct=1 | D_B=0.000000 cov=1.000 | refines=true | VoidVacuous("fewer than 2 cells: the fields are the invariants")
      Spatial Mom coll=2117124 fire=165585 D_A=0.078212 info=19965 distinct=259 | D_B=0.228759 cov=0.761 | refines=true | VoidVacuous("fewer than 2 cells: the fields are the invariants")
         witnesses (listing capped at 10, count above is exact): (3283,4574) (3283,6824) (3283,6825)
      Spatial Ene coll=507396 fire=317706 D_A=0.626150 info=19511 distinct=1434 | D_B=0.752359 cov=0.615 | refines=true | VoidVacuous("fewer than 2 cells: the fields are the invariants")
         witnesses (listing capped at 10, count above is exact): (2262,2274) (2262,5846) (2262,8550)
      Spatial G8 weak (monotone counts): true
      BlindLabel Occ coll=199970001 fire=0 D_A=0.000000 info=19999 distinct=1 | D_B=0.000000 cov=1.000 | refines=true | VoidVacuous("fewer than 2 cells: the fields are the invariants")
      BlindLabel Mom coll=2117124 fire=165585 D_A=0.078212 info=19965 distinct=259 | D_B=0.228759 cov=0.761 | refines=true | VoidVacuous("fewer than 2 cells: the fields are the invariants")
         witnesses (listing capped at 10, count above is exact): (14416,14420) (14416,14435) (14416,15792)
      BlindLabel Ene coll=507396 fire=317706 D_A=0.626150 info=19511 distinct=1434 | D_B=0.752359 cov=0.615 | refines=true | VoidVacuous("fewer than 2 cells: the fields are the invariants")
         witnesses (listing capped at 10, count above is exact): (11664,17575) (14416,14420) (14416,14434)
      BlindLabel G8 weak (monotone counts): true
      BlindIndex Occ coll=199970001 fire=0 D_A=0.000000 info=19999 distinct=1 | D_B=0.000000 cov=1.000 | refines=true | VoidVacuous("fewer than 2 cells: the fields are the invariants")
      BlindIndex Mom coll=2117124 fire=165585 D_A=0.078212 info=19965 distinct=259 | D_B=0.228759 cov=0.761 | refines=true | VoidVacuous("fewer than 2 cells: the fields are the invariants")
         witnesses (listing capped at 10, count above is exact): (2126,2171) (2126,4815) (2126,5061)
      BlindIndex Ene coll=507396 fire=317706 D_A=0.626150 info=19511 distinct=1434 | D_B=0.752359 cov=0.615 | refines=true | VoidVacuous("fewer than 2 cells: the fields are the invariants")
         witnesses (listing capped at 10, count above is exact): (3294,7603) (3294,9361) (3294,9363)
      BlindIndex G8 weak (monotone counts): true
      GlobalRelabel Occ coll=199970001 fire=0 D_A=0.000000 info=19999 distinct=1 | D_B=0.000000 cov=1.000 | refines=true | VoidVacuous("fewer than 2 cells: the fields are the invariants")
      GlobalRelabel Mom coll=2117124 fire=165585 D_A=0.078212 info=19965 distinct=259 | D_B=0.228759 cov=0.761 | refines=true | VoidVacuous("fewer than 2 cells: the fields are the invariants")
         witnesses (listing capped at 10, count above is exact): (2971,3010) (2971,5706) (2971,8928)
      GlobalRelabel Ene coll=507396 fire=317706 D_A=0.626150 info=19511 distinct=1434 | D_B=0.752359 cov=0.615 | refines=true | VoidVacuous("fewer than 2 cells: the fields are the invariants")
         witnesses (listing capped at 10, count above is exact): (4715,7136) (4715,7166) (4715,13222)
      GlobalRelabel G8 weak (monotone counts): true
   grid 2x1 cells=2 occ=6.000 fluct=0.275 transport=0.0160  G2 admissible: NO
      Spatial Occ coll=48246489 fire=1096369 D_A=0.022724 info=19999 distinct=9 | D_B=0.016800 cov=1.000 | refines=true | VoidVacuous("no transport: the chart is frozen")
         witnesses (listing capped at 10, count above is exact): (2552,2885) (2552,3522) (2552,9440)
      Spatial Mom coll=448448 fire=30666 D_A=0.068383 info=19106 distinct=2256 | D_B=0.298429 cov=0.019 | refines=true | VoidVacuous("no transport: the chart is frozen")
         witnesses (listing capped at 10, count above is exact): (2538,2550) (3596,3600) (3596,18878)
      Spatial Ene coll=91796 fire=45387 D_A=0.494433 info=16968 distinct=6010 | D_B=1.000000 cov=0.001 | refines=true | VoidVacuous("no transport: the chart is frozen")
         witnesses (listing capped at 10, count above is exact): (998,1006) (7483,7495) (7483,7563)
      Spatial G8 weak (monotone counts): true
      BlindLabel Occ coll=53387720 fire=1197571 D_A=0.022432 info=19999 distinct=7 | D_B=0.016800 cov=1.000 | refines=true | VoidVacuous("no transport: the chart is frozen")
         witnesses (listing capped at 10, count above is exact): (0,26) (0,4937) (26,4937)
      BlindLabel Mom coll=31936 fire=26899 D_A=0.842278 info=14950 distinct=9327 | D_B=0.985861 cov=0.156 | refines=true | VoidVacuous("no transport: the chart is frozen")
         witnesses (listing capped at 10, count above is exact): (7320,7328) (9185,9188) (9236,9240)
      BlindLabel Ene coll=6765 fire=5066 D_A=0.748854 info=7274 distinct=15677 | D_B=1.000000 cov=0.010 | refines=true | VoidVacuous("no transport: the chart is frozen")
         witnesses (listing capped at 10, count above is exact): (841,845) (7703,7707) (7957,7961)
      BlindLabel G8 weak (monotone counts): true
      BlindIndex Occ coll=199970001 fire=0 D_A=0.000000 info=19999 distinct=1 | D_B=0.000000 cov=1.000 | refines=true | VoidVacuous("no transport: the chart is frozen")
      BlindIndex Mom coll=57698 fire=52362 D_A=0.907518 info=17124 distinct=6683 | D_B=0.990588 cov=0.436 | refines=true | VoidVacuous("no transport: the chart is frozen")
         witnesses (listing capped at 10, count above is exact): (2705,5930) (2705,13689) (2809,2813)
      BlindIndex Ene coll=6574 fire=5339 D_A=0.812139 info=7273 distinct=15704 | D_B=1.000000 cov=0.046 | refines=true | VoidVacuous("no transport: the chart is frozen")
         witnesses (listing capped at 10, count above is exact): (1645,1649) (1645,16703) (1649,16703)
      BlindIndex G8 weak (monotone counts): true
      GlobalRelabel Occ coll=48246489 fire=1096369 D_A=0.022724 info=19999 distinct=9 | D_B=0.016800 cov=1.000 | refines=true | VoidVacuous("no transport: the chart is frozen")
         witnesses (listing capped at 10, count above is exact): (27,28) (27,2551) (28,2551)
      GlobalRelabel Mom coll=448448 fire=30666 D_A=0.068383 info=19106 distinct=2256 | D_B=0.298429 cov=0.019 | refines=true | VoidVacuous("no transport: the chart is frozen")
         witnesses (listing capped at 10, count above is exact): (4972,4973) (6615,6714) (8451,8471)
      GlobalRelabel Ene coll=91796 fire=45387 D_A=0.494433 info=16968 distinct=6010 | D_B=1.000000 cov=0.001 | refines=true | VoidVacuous("no transport: the chart is frozen")
         witnesses (listing capped at 10, count above is exact): (650,654) (4536,4537) (5208,5210)
      GlobalRelabel G8 weak (monotone counts): true
   grid 2x2 cells=4 occ=3.000 fluct=0.464 transport=0.0436  G2 admissible: NO
      Spatial Occ coll=7007435 fire=356676 D_A=0.050900 info=19999 distinct=156 | D_B=0.037638 cov=0.813 | refines=true | VoidVacuous("no transport: the chart is frozen")
         witnesses (listing capped at 10, count above is exact): (5461,5484) (6251,6252) (8507,8647)
      Spatial Mom coll=237371 fire=25524 D_A=0.107528 info=17764 distinct=4542 | D_B=n/a cov=0.000 | refines=true | VoidVacuous("no transport: the chart is frozen")
         witnesses (listing capped at 10, count above is exact): (1509,1517) (2653,2669) (6798,6800)
      Spatial Ene coll=44795 fire=21667 D_A=0.483692 info=14112 distinct=9476 | D_B=n/a cov=0.000 | refines=true | VoidVacuous("no transport: the chart is frozen")
         witnesses (listing capped at 10, count above is exact): (2201,2205) (5418,5420) (5910,5914)
      Spatial G8 weak (monotone counts): true
      BlindLabel Occ coll=4380818 fire=304578 D_A=0.069525 info=19998 distinct=137 | D_B=0.082924 cov=0.754 | refines=true | VoidVacuous("no transport: the chart is frozen")
         witnesses (listing capped at 10, count above is exact): (3987,4002) (3987,4607) (3987,4915)
      BlindLabel Mom coll=5420 fire=3861 D_A=0.712362 info=5893 distinct=16535 | D_B=1.000000 cov=0.000 | refines=true | VoidVacuous("no transport: the chart is frozen")
         witnesses (listing capped at 10, count above is exact): (2398,2402) (2466,2470) (3699,3703)
      BlindLabel Ene coll=2593 fire=1908 D_A=0.735827 info=3294 distinct=18132 | D_B=n/a cov=0.000 | refines=true | VoidVacuous("no transport: the chart is frozen")
         witnesses (listing capped at 10, count above is exact): (1543,1547) (1951,1955) (2570,2574)
      BlindLabel G8 weak (monotone counts): true
      BlindIndex Occ coll=199970001 fire=0 D_A=0.000000 info=19999 distinct=1 | D_B=0.000000 cov=1.000 | refines=true | VoidVacuous("no transport: the chart is frozen")
      BlindIndex Mom coll=6755 fire=4734 D_A=0.700814 info=6652 distinct=16050 | D_B=1.000000 cov=0.003 | refines=true | VoidVacuous("no transport: the chart is frozen")
         witnesses (listing capped at 10, count above is exact): (5293,5297) (5293,5301) (5297,5301)
      BlindIndex Ene coll=2448 fire=1919 D_A=0.783905 info=3422 distinct=18105 | D_B=n/a cov=0.000 | refines=true | VoidVacuous("no transport: the chart is frozen")
         witnesses (listing capped at 10, count above is exact): (1512,1516) (1755,1763) (2038,2042)
      BlindIndex G8 weak (monotone counts): true
      GlobalRelabel Occ coll=7007435 fire=356676 D_A=0.050900 info=19999 distinct=156 | D_B=0.038007 cov=0.813 | refines=true | VoidVacuous("no transport: the chart is frozen")
         witnesses (listing capped at 10, count above is exact): (6097,6112) (6097,9314) (6097,10331)
      GlobalRelabel Mom coll=237371 fire=25524 D_A=0.107528 info=17764 distinct=4542 | D_B=n/a cov=0.000 | refines=true | VoidVacuous("no transport: the chart is frozen")
         witnesses (listing capped at 10, count above is exact): (3708,3712) (5049,5050) (6302,6304)
      GlobalRelabel Ene coll=44795 fire=21667 D_A=0.483692 info=14112 distinct=9476 | D_B=n/a cov=0.000 | refines=true | VoidVacuous("no transport: the chart is frozen")
         witnesses (listing capped at 10, count above is exact): (1715,1729) (1715,1733) (1729,1733)
      GlobalRelabel G8 weak (monotone counts): true
   grid 4x2 cells=8 occ=1.500 fluct=0.755 transport=0.0774  G2 admissible: NO
      Spatial Occ coll=875165 fire=59021 D_A=0.067440 info=19951 distinct=866 | D_B=0.046307 cov=0.272 | refines=true | NotClosed
         witnesses (listing capped at 10, count above is exact): (4494,4558) (4788,4852) (13376,13391)
      Spatial Mom coll=106464 fire=19754 D_A=0.185546 info=15444 distinct=7628 | D_B=n/a cov=0.000 | refines=true | NotClosed
         witnesses (listing capped at 10, count above is exact): (7958,7962) (10727,10731) (12519,12551)
      Spatial Ene coll=23921 fire=11384 D_A=0.475900 info=10882 distinct=12448 | D_B=n/a cov=0.000 | refines=true | NotClosed
         witnesses (listing capped at 10, count above is exact): (3663,3667) (3775,3810) (4095,4103)
      Spatial G8 weak (monotone counts): true
      BlindLabel Occ coll=572318 fire=41248 D_A=0.072072 info=19940 distinct=980 | D_B=0.210634 cov=0.049 | refines=true | NotClosed
         witnesses (listing capped at 10, count above is exact): (114,115) (4112,4114) (5554,5557)
      BlindLabel Mom coll=2636 fire=1937 D_A=0.734825 info=3843 distinct=17885 | D_B=n/a cov=0.000 | refines=true | NotClosed
         witnesses (listing capped at 10, count above is exact): (5305,5309) (5639,5643) (8909,8913)
      BlindLabel Ene coll=1258 fire=1009 D_A=0.802067 info=1956 distinct=18945 | D_B=n/a cov=0.000 | refines=true | NotClosed
         witnesses (listing capped at 10, count above is exact): (1001,1005) (1880,1884) (2377,2381)
      BlindLabel G8 weak (monotone counts): true
      BlindIndex Occ coll=199970001 fire=0 D_A=0.000000 info=19999 distinct=1 | D_B=0.000000 cov=1.000 | refines=true | VoidVacuous("no transport: the chart is frozen")
      BlindIndex Mom coll=4505 fire=3077 D_A=0.683019 info=4717 distinct=17233 | D_B=n/a cov=0.000 | refines=true | VoidVacuous("no transport: the chart is frozen")
         witnesses (listing capped at 10, count above is exact): (544,548) (1472,1476) (2538,2542)
      BlindIndex Ene coll=1762 fire=1308 D_A=0.742338 info=2393 distinct=18670 | D_B=n/a cov=0.000 | refines=true | VoidVacuous("no transport: the chart is frozen")
         witnesses (listing capped at 10, count above is exact): (1324,1328) (1475,1479) (2838,2842)
      BlindIndex G8 weak (monotone counts): true
      GlobalRelabel Occ coll=875165 fire=59021 D_A=0.067440 info=19951 distinct=866 | D_B=0.046307 cov=0.272 | refines=true | NotClosed
         witnesses (listing capped at 10, count above is exact): (106,107) (1914,1927) (6557,6565)
      GlobalRelabel Mom coll=106464 fire=19754 D_A=0.185546 info=15444 distinct=7628 | D_B=n/a cov=0.000 | refines=true | NotClosed
         witnesses (listing capped at 10, count above is exact): (170,172) (170,177) (170,227)
      GlobalRelabel Ene coll=23921 fire=11384 D_A=0.475900 info=10882 distinct=12448 | D_B=n/a cov=0.000 | refines=true | NotClosed
         witnesses (listing capped at 10, count above is exact): (4663,4667) (4663,4698) (4663,4706)
      GlobalRelabel G8 weak (monotone counts): true
   grid 6x4 cells=24 occ=0.500 fluct=1.575 transport=0.1282  G2 admissible: NO
      Spatial Occ coll=255193 fire=28322 D_A=0.110983 info=19767 distinct=2005 | D_B=0.044444 cov=0.004 | refines=true | NotClosed
         witnesses (listing capped at 10, count above is exact): (2803,2807) (5726,5727) (11236,11237)
      Spatial Mom coll=47893 fire=10989 D_A=0.229449 info=11125 distinct=12045 | D_B=n/a cov=0.000 | refines=true | NotClosed
         witnesses (listing capped at 10, count above is exact): (4399,4401) (6619,6620) (6619,6622)
      Spatial Ene coll=7702 fire=4268 D_A=0.554142 info=6424 distinct=16015 | D_B=n/a cov=0.000 | refines=true | NotClosed
         witnesses (listing capped at 10, count above is exact): (981,985) (2638,2642) (7686,7690)
      Spatial G8 weak (monotone counts): true
      BlindLabel Occ coll=241557 fire=26463 D_A=0.109552 info=19750 distinct=2080 | D_B=0.044444 cov=0.004 | refines=true | NotClosed
         witnesses (listing capped at 10, count above is exact): (1661,1681) (1858,1893) (4526,4538)
      BlindLabel Mom coll=1220 fire=1010 D_A=0.827869 info=2068 distinct=18909 | D_B=n/a cov=0.000 | refines=true | NotClosed
         witnesses (listing capped at 10, count above is exact): (1775,1779) (1775,1783) (1779,1783)
      BlindLabel Ene coll=529 fire=462 D_A=0.873346 info=964 distinct=19502 | D_B=n/a cov=0.000 | refines=true | NotClosed
         witnesses (listing capped at 10, count above is exact): (715,719) (1884,1888) (1884,1892)
      BlindLabel G8 weak (monotone counts): true
      BlindIndex Occ coll=199970001 fire=0 D_A=0.000000 info=19999 distinct=1 | D_B=0.000000 cov=1.000 | refines=true | VoidVacuous("no transport: the chart is frozen")
      BlindIndex Mom coll=1752 fire=1413 D_A=0.806507 info=2594 distinct=18587 | D_B=n/a cov=0.000 | refines=true | VoidVacuous("no transport: the chart is frozen")
         witnesses (listing capped at 10, count above is exact): (1452,1456) (2310,2314) (3989,3993)
      BlindIndex Ene coll=784 fire=673 D_A=0.858418 info=1258 distinct=19329 | D_B=n/a cov=0.000 | refines=true | VoidVacuous("no transport: the chart is frozen")
         witnesses (listing capped at 10, count above is exact): (944,948) (1700,1704) (2215,2219)
      BlindIndex G8 weak (monotone counts): true
      GlobalRelabel Occ coll=255193 fire=28322 D_A=0.110983 info=19767 distinct=2005 | D_B=0.044444 cov=0.004 | refines=true | NotClosed
         witnesses (listing capped at 10, count above is exact): (5965,5966) (8698,8702) (9340,9347)
      GlobalRelabel Mom coll=47893 fire=10989 D_A=0.229449 info=11125 distinct=12045 | D_B=n/a cov=0.000 | refines=true | NotClosed
         witnesses (listing capped at 10, count above is exact): (1093,1101) (5172,5176) (5683,5685)
      GlobalRelabel Ene coll=7702 fire=4268 D_A=0.554142 info=6424 distinct=16015 | D_B=n/a cov=0.000 | refines=true | NotClosed
         witnesses (listing capped at 10, count above is exact): (10007,10011) (11357,11365) (11357,11377)
      GlobalRelabel G8 weak (monotone counts): true

-- seed 0x0000000053415423  n=12 dims=2 frames=20000 box=34.6x20.8 species=[1]
   G9a species/arity constant: true
   G9b |p| first=2.309691e-14 last=5.753651e0   G9c Ek first=1.300585e-1 last=1.338398e-2  [ledger leg UNDISCHARGED: the dump carries no forces]
   grid 1x1 cells=1 occ=12.000 fluct=0.000 transport=0.0000  G2 admissible: NO
      Spatial Occ coll=199970001 fire=0 D_A=0.000000 info=19999 distinct=1 | D_B=0.000000 cov=1.000 | refines=true | VoidVacuous("fewer than 2 cells: the fields are the invariants")
      Spatial Mom coll=3517154 fire=149273 D_A=0.042441 info=19971 distinct=215 | D_B=0.169603 cov=0.607 | refines=true | VoidVacuous("fewer than 2 cells: the fields are the invariants")
         witnesses (listing capped at 10, count above is exact): (115,149) (115,8639) (115,19177)
      Spatial Ene coll=713160 fire=490965 D_A=0.688436 info=19286 distinct=1674 | D_B=0.841242 cov=0.512 | refines=true | VoidVacuous("fewer than 2 cells: the fields are the invariants")
         witnesses (listing capped at 10, count above is exact): (1602,1616) (7200,7204) (7200,7208)
      Spatial G8 weak (monotone counts): true
      BlindLabel Occ coll=199970001 fire=0 D_A=0.000000 info=19999 distinct=1 | D_B=0.000000 cov=1.000 | refines=true | VoidVacuous("fewer than 2 cells: the fields are the invariants")
      BlindLabel Mom coll=3517154 fire=149273 D_A=0.042441 info=19971 distinct=215 | D_B=0.169603 cov=0.607 | refines=true | VoidVacuous("fewer than 2 cells: the fields are the invariants")
         witnesses (listing capped at 10, count above is exact): (11718,11783) (11884,11895) (11884,11908)
      BlindLabel Ene coll=713160 fire=490965 D_A=0.688436 info=19286 distinct=1674 | D_B=0.841242 cov=0.512 | refines=true | VoidVacuous("fewer than 2 cells: the fields are the invariants")
         witnesses (listing capped at 10, count above is exact): (395,414) (395,435) (395,466)
      BlindLabel G8 weak (monotone counts): true
      BlindIndex Occ coll=199970001 fire=0 D_A=0.000000 info=19999 distinct=1 | D_B=0.000000 cov=1.000 | refines=true | VoidVacuous("fewer than 2 cells: the fields are the invariants")
      BlindIndex Mom coll=3517154 fire=149273 D_A=0.042441 info=19971 distinct=215 | D_B=0.169603 cov=0.607 | refines=true | VoidVacuous("fewer than 2 cells: the fields are the invariants")
         witnesses (listing capped at 10, count above is exact): (5566,5567) (9317,9428) (9317,9618)
      BlindIndex Ene coll=713160 fire=490965 D_A=0.688436 info=19286 distinct=1674 | D_B=0.841242 cov=0.512 | refines=true | VoidVacuous("fewer than 2 cells: the fields are the invariants")
         witnesses (listing capped at 10, count above is exact): (2591,2597) (2591,2630) (2591,3068)
      BlindIndex G8 weak (monotone counts): true
      GlobalRelabel Occ coll=199970001 fire=0 D_A=0.000000 info=19999 distinct=1 | D_B=0.000000 cov=1.000 | refines=true | VoidVacuous("fewer than 2 cells: the fields are the invariants")
      GlobalRelabel Mom coll=3517154 fire=149273 D_A=0.042441 info=19971 distinct=215 | D_B=0.169603 cov=0.607 | refines=true | VoidVacuous("fewer than 2 cells: the fields are the invariants")
         witnesses (listing capped at 10, count above is exact): (7192,7248) (7192,8819) (7192,9148)
      GlobalRelabel Ene coll=713160 fire=490965 D_A=0.688436 info=19286 distinct=1674 | D_B=0.841242 cov=0.512 | refines=true | VoidVacuous("fewer than 2 cells: the fields are the invariants")
         witnesses (listing capped at 10, count above is exact): (1143,1203) (2646,2661) (2646,3042)
      GlobalRelabel G8 weak (monotone counts): true
   grid 2x1 cells=2 occ=6.000 fluct=0.273 transport=0.0066  G2 admissible: NO
      Spatial Occ coll=42793946 fire=484076 D_A=0.011312 info=19999 distinct=9 | D_B=0.006598 cov=0.970 | refines=true | VoidVacuous("no transport: the chart is frozen")
         witnesses (listing capped at 10, count above is exact): (19,20) (19,6734) (20,6734)
      Spatial Mom coll=879324 fire=34592 D_A=0.039339 info=19556 distinct=1315 | D_B=0.367965 cov=0.023 | refines=true | VoidVacuous("no transport: the chart is frozen")
         witnesses (listing capped at 10, count above is exact): (6501,6522) (6770,6771) (6770,6779)
      Spatial Ene coll=125786 fire=80398 D_A=0.639165 info=17054 distinct=5604 | D_B=1.000000 cov=0.001 | refines=true | VoidVacuous("no transport: the chart is frozen")
         witnesses (listing capped at 10, count above is exact): (4348,4428) (4348,4476) (4348,4489)
      Spatial G8 weak (monotone counts): true
      BlindLabel Occ coll=36631092 fire=390823 D_A=0.010669 info=19999 distinct=8 | D_B=0.007478 cov=0.896 | refines=true | VoidVacuous("no transport: the chart is frozen")
         witnesses (listing capped at 10, count above is exact): (0,18) (0,3754) (18,3754)
      BlindLabel Mom coll=109317 fire=64408 D_A=0.589186 info=17635 distinct=5669 | D_B=0.939516 cov=0.025 | refines=true | VoidVacuous("no transport: the chart is frozen")
         witnesses (listing capped at 10, count above is exact): (1953,1954) (2434,2435) (5616,5617)
      BlindLabel Ene coll=13874 fire=11072 D_A=0.798039 info=10245 distinct=13347 | D_B=1.000000 cov=0.001 | refines=true | VoidVacuous("no transport: the chart is frozen")
         witnesses (listing capped at 10, count above is exact): (5856,6774) (7167,7182) (7632,7691)
      BlindLabel G8 weak (monotone counts): true
      BlindIndex Occ coll=199970001 fire=0 D_A=0.000000 info=19999 distinct=1 | D_B=0.000000 cov=1.000 | refines=true | VoidVacuous("no transport: the chart is frozen")
      BlindIndex Mom coll=103788 fire=82803 D_A=0.797809 info=18216 distinct=4874 | D_B=0.974157 cov=0.356 | refines=true | VoidVacuous("no transport: the chart is frozen")
         witnesses (listing capped at 10, count above is exact): (2551,2790) (2551,2978) (2790,2978)
      BlindIndex Ene coll=10389 fire=8673 D_A=0.834825 info=9247 distinct=14247 | D_B=0.997093 cov=0.034 | refines=true | VoidVacuous("no transport: the chart is frozen")
         witnesses (listing capped at 10, count above is exact): (1469,1477) (2951,2959) (2951,2967)
      BlindIndex G8 weak (monotone counts): true
      GlobalRelabel Occ coll=42793946 fire=484076 D_A=0.011312 info=19999 distinct=9 | D_B=0.006598 cov=0.970 | refines=true | VoidVacuous("no transport: the chart is frozen")
         witnesses (listing capped at 10, count above is exact): (19,20) (19,6734) (20,6734)
      GlobalRelabel Mom coll=879324 fire=34592 D_A=0.039339 info=19556 distinct=1315 | D_B=0.367965 cov=0.023 | refines=true | VoidVacuous("no transport: the chart is frozen")
         witnesses (listing capped at 10, count above is exact): (5817,5829) (9155,9276) (10842,10901)
      GlobalRelabel Ene coll=125786 fire=80398 D_A=0.639165 info=17054 distinct=5604 | D_B=1.000000 cov=0.001 | refines=true | VoidVacuous("no transport: the chart is frozen")
         witnesses (listing capped at 10, count above is exact): (1526,1534) (1526,1542) (1526,1550)
      GlobalRelabel G8 weak (monotone counts): true
   grid 2x2 cells=4 occ=3.000 fluct=0.475 transport=0.0197  G2 admissible: NO
      Spatial Occ coll=6120795 fire=142840 D_A=0.023337 info=19999 distinct=109 | D_B=0.015756 cov=0.666 | refines=true | VoidVacuous("no transport: the chart is frozen")
         witnesses (listing capped at 10, count above is exact): (409,410) (409,850) (409,16059)
      Spatial Mom coll=469057 fire=32678 D_A=0.069667 info=18765 distinct=3059 | D_B=1.000000 cov=0.000 | refines=true | VoidVacuous("no transport: the chart is frozen")
         witnesses (listing capped at 10, count above is exact): (138,152) (138,173) (138,179)
      Spatial Ene coll=61346 fire=39130 D_A=0.637857 info=13969 distinct=9332 | D_B=1.000000 cov=0.000 | refines=true | VoidVacuous("no transport: the chart is frozen")
         witnesses (listing capped at 10, count above is exact): (768,776) (2238,2363) (2238,2397)
      Spatial G8 weak (monotone counts): true
      BlindLabel Occ coll=6148776 fire=157543 D_A=0.025622 info=19998 distinct=94 | D_B=0.018827 cov=0.457 | refines=true | VoidVacuous("no transport: the chart is frozen")
         witnesses (listing capped at 10, count above is exact): (16363,16370) (16363,17301) (16363,17506)
      BlindLabel Mom coll=5592 fire=4420 D_A=0.790415 info=6424 distinct=16243 | D_B=n/a cov=0.000 | refines=true | VoidVacuous("no transport: the chart is frozen")
         witnesses (listing capped at 10, count above is exact): (5315,5323) (7834,7842) (13007,13008)
      BlindLabel Ene coll=1674 fire=1391 D_A=0.830944 info=2582 distinct=18605 | D_B=n/a cov=0.000 | refines=true | VoidVacuous("no transport: the chart is frozen")
         witnesses (listing capped at 10, count above is exact): (1968,1976) (4220,4228) (10086,10094)
      BlindLabel G8 weak (monotone counts): true
      BlindIndex Occ coll=199970001 fire=0 D_A=0.000000 info=19999 distinct=1 | D_B=0.000000 cov=1.000 | refines=true | VoidVacuous("no transport: the chart is frozen")
      BlindIndex Mom coll=10978 fire=8023 D_A=0.730825 info=8202 distinct=14876 | D_B=1.000000 cov=0.002 | refines=true | VoidVacuous("no transport: the chart is frozen")
         witnesses (listing capped at 10, count above is exact): (306,323) (1183,1191) (9705,9714)
      BlindIndex Ene coll=2096 fire=1775 D_A=0.846851 info=3189 distinct=18269 | D_B=n/a cov=0.000 | refines=true | VoidVacuous("no transport: the chart is frozen")
         witnesses (listing capped at 10, count above is exact): (986,994) (4588,4596) (5259,5267)
      BlindIndex G8 weak (monotone counts): true
      GlobalRelabel Occ coll=6120795 fire=142840 D_A=0.023337 info=19999 distinct=109 | D_B=0.015756 cov=0.666 | refines=true | VoidVacuous("no transport: the chart is frozen")
         witnesses (listing capped at 10, count above is exact): (8182,8202) (8182,14113) (8202,14113)
      GlobalRelabel Mom coll=469057 fire=32678 D_A=0.069667 info=18765 distinct=3059 | D_B=1.000000 cov=0.000 | refines=true | VoidVacuous("no transport: the chart is frozen")
         witnesses (listing capped at 10, count above is exact): (92,95) (617,738) (1789,1797)
      GlobalRelabel Ene coll=61346 fire=39130 D_A=0.637857 info=13969 distinct=9332 | D_B=1.000000 cov=0.000 | refines=true | VoidVacuous("no transport: the chart is frozen")
         witnesses (listing capped at 10, count above is exact): (3566,3639) (3566,3655) (3639,3655)
      GlobalRelabel G8 weak (monotone counts): true
   grid 4x2 cells=8 occ=1.500 fluct=0.718 transport=0.0339  G2 admissible: NO
      Spatial Occ coll=1556536 fire=44570 D_A=0.028634 info=19992 distinct=422 | D_B=0.086406 cov=0.087 | refines=true | VoidVacuous("no transport: the chart is frozen")
         witnesses (listing capped at 10, count above is exact): (3467,3486) (8497,8513) (11639,11645)
      Spatial Mom coll=195614 fire=30029 D_A=0.153512 info=17212 distinct=5418 | D_B=1.000000 cov=0.000 | refines=true | VoidVacuous("no transport: the chart is frozen")
         witnesses (listing capped at 10, count above is exact): (5646,5649) (5646,5650) (5646,5657)
      Spatial Ene coll=27111 fire=15930 D_A=0.587584 info=10584 distinct=12594 | D_B=n/a cov=0.000 | refines=true | VoidVacuous("no transport: the chart is frozen")
         witnesses (listing capped at 10, count above is exact): (1132,1225) (2814,2822) (2861,2869)
      Spatial G8 weak (monotone counts): true
      BlindLabel Occ coll=1271966 fire=34763 D_A=0.027330 info=19992 distinct=466 | D_B=0.046980 cov=0.015 | refines=true | VoidVacuous("no transport: the chart is frozen")
         witnesses (listing capped at 10, count above is exact): (123,128) (4222,4246) (6536,6581)
      BlindLabel Mom coll=3259 fire=2585 D_A=0.793188 info=4494 distinct=17497 | D_B=n/a cov=0.000 | refines=true | VoidVacuous("no transport: the chart is frozen")
         witnesses (listing capped at 10, count above is exact): (3113,3121) (6185,6193) (6185,6194)
      BlindLabel Ene coll=1189 fire=1000 D_A=0.841043 info=1958 distinct=18958 | D_B=n/a cov=0.000 | refines=true | VoidVacuous("no transport: the chart is frozen")
         witnesses (listing capped at 10, count above is exact): (911,919) (5236,5244) (8050,8058)
      BlindLabel G8 weak (monotone counts): true
      BlindIndex Occ coll=199970001 fire=0 D_A=0.000000 info=19999 distinct=1 | D_B=0.000000 cov=1.000 | refines=true | VoidVacuous("no transport: the chart is frozen")
      BlindIndex Mom coll=1918 fire=1577 D_A=0.822211 info=3012 distinct=18371 | D_B=n/a cov=0.000 | refines=true | VoidVacuous("no transport: the chart is frozen")
         witnesses (listing capped at 10, count above is exact): (825,833) (1662,1670) (4575,4583)
      BlindIndex Ene coll=692 fire=604 D_A=0.872832 info=1197 distinct=19372 | D_B=n/a cov=0.000 | refines=true | VoidVacuous("no transport: the chart is frozen")
         witnesses (listing capped at 10, count above is exact): (1078,1086) (1257,1265) (1281,1289)
      BlindIndex G8 weak (monotone counts): true
      GlobalRelabel Occ coll=1556536 fire=44570 D_A=0.028634 info=19992 distinct=422 | D_B=0.153226 cov=0.087 | refines=true | VoidVacuous("no transport: the chart is frozen")
         witnesses (listing capped at 10, count above is exact): (165,167) (165,184) (167,184)
      GlobalRelabel Mom coll=195614 fire=30029 D_A=0.153512 info=17212 distinct=5418 | D_B=1.000000 cov=0.000 | refines=true | VoidVacuous("no transport: the chart is frozen")
         witnesses (listing capped at 10, count above is exact): (4926,4927) (6090,6096) (9478,9480)
      GlobalRelabel Ene coll=27111 fire=15930 D_A=0.587584 info=10584 distinct=12594 | D_B=n/a cov=0.000 | refines=true | VoidVacuous("no transport: the chart is frozen")
         witnesses (listing capped at 10, count above is exact): (773,781) (1497,1505) (1577,1585)
      GlobalRelabel G8 weak (monotone counts): true
   grid 6x4 cells=24 occ=0.500 fluct=1.553 transport=0.0699  G2 admissible: NO
      Spatial Occ coll=552992 fire=39262 D_A=0.070999 info=19934 distinct=1026 | D_B=1.000000 cov=0.000 | refines=true | NotClosed
         witnesses (listing capped at 10, count above is exact): (14,16) (2974,2990) (6137,6149)
      Spatial Mom coll=90698 fire=18517 D_A=0.204161 info=13597 distinct=9616 | D_B=1.000000 cov=0.000 | refines=true | NotClosed
         witnesses (listing capped at 10, count above is exact): (410,418) (1101,1103) (2697,2705)
      Spatial Ene coll=9216 fire=5329 D_A=0.578234 info=6547 distinct=15872 | D_B=n/a cov=0.000 | refines=true | NotClosed
         witnesses (listing capped at 10, count above is exact): (3274,3282) (3365,3373) (5608,5616)
      Spatial G8 weak (monotone counts): true
      BlindLabel Occ coll=516581 fire=35126 D_A=0.067997 info=19933 distinct=1065 | D_B=1.000000 cov=0.000 | refines=true | NotClosed
         witnesses (listing capped at 10, count above is exact): (221,223) (221,249) (223,249)
      BlindLabel Mom coll=1399 fire=1150 D_A=0.822016 info=2242 distinct=18797 | D_B=n/a cov=0.000 | refines=true | NotClosed
         witnesses (listing capped at 10, count above is exact): (1268,1276) (7861,7869) (8693,8694)
      BlindLabel Ene coll=540 fire=479 D_A=0.887037 info=974 distinct=19495 | D_B=n/a cov=0.000 | refines=true | NotClosed
         witnesses (listing capped at 10, count above is exact): (637,645) (1110,1118) (1526,1534)
      BlindLabel G8 weak (monotone counts): true
      BlindIndex Occ coll=199970001 fire=0 D_A=0.000000 info=19999 distinct=1 | D_B=0.000000 cov=1.000 | refines=true | VoidVacuous("no transport: the chart is frozen")
      BlindIndex Mom coll=1486 fire=1265 D_A=0.851279 info=2389 distinct=18720 | D_B=n/a cov=0.000 | refines=true | VoidVacuous("no transport: the chart is frozen")
         witnesses (listing capped at 10, count above is exact): (1778,1786) (8074,8082) (8500,8508)
      BlindIndex Ene coll=540 fire=499 D_A=0.924074 info=976 distinct=19494 | D_B=n/a cov=0.000 | refines=true | VoidVacuous("no transport: the chart is frozen")
         witnesses (listing capped at 10, count above is exact): (621,629) (858,866) (1257,1265)
      BlindIndex G8 weak (monotone counts): true
      GlobalRelabel Occ coll=552992 fire=39262 D_A=0.070999 info=19934 distinct=1026 | D_B=1.000000 cov=0.000 | refines=true | NotClosed
         witnesses (listing capped at 10, count above is exact): (19,20) (32,35) (4403,4452)
      GlobalRelabel Mom coll=90698 fire=18517 D_A=0.204161 info=13597 distinct=9616 | D_B=1.000000 cov=0.000 | refines=true | NotClosed
         witnesses (listing capped at 10, count above is exact): (3361,3362) (3361,3370) (3362,3370)
      GlobalRelabel Ene coll=9216 fire=5329 D_A=0.578234 info=6547 distinct=15872 | D_B=n/a cov=0.000 | refines=true | NotClosed
         witnesses (listing capped at 10, count above is exact): (1412,1420) (3735,3743) (3982,3990)
      GlobalRelabel G8 weak (monotone counts): true

-- seed 0x0000000053415424  n=12 dims=2 frames=20000 box=34.6x20.8 species=[1]
   G9a species/arity constant: true
   G9b |p| first=3.813030e-14 last=6.749266e0   G9c Ek first=1.015708e-1 last=1.172941e-2  [ledger leg UNDISCHARGED: the dump carries no forces]
   grid 1x1 cells=1 occ=12.000 fluct=0.000 transport=0.0000  G2 admissible: NO
      Spatial Occ coll=199970001 fire=0 D_A=0.000000 info=19999 distinct=1 | D_B=0.000000 cov=1.000 | refines=true | VoidVacuous("fewer than 2 cells: the fields are the invariants")
      Spatial Mom coll=3931483 fire=129414 D_A=0.032917 info=19965 distinct=227 | D_B=0.233294 cov=0.506 | refines=true | VoidVacuous("fewer than 2 cells: the fields are the invariants")
         witnesses (listing capped at 10, count above is exact): (40,43) (10098,10100) (10098,19562)
      Spatial Ene coll=694619 fire=500628 D_A=0.720723 info=19435 distinct=1371 | D_B=0.833796 cov=0.396 | refines=true | VoidVacuous("fewer than 2 cells: the fields are the invariants")
         witnesses (listing capped at 10, count above is exact): (4882,4890) (4882,4899) (4890,4899)
      Spatial G8 weak (monotone counts): true
      BlindLabel Occ coll=199970001 fire=0 D_A=0.000000 info=19999 distinct=1 | D_B=0.000000 cov=1.000 | refines=true | VoidVacuous("fewer than 2 cells: the fields are the invariants")
      BlindLabel Mom coll=3931483 fire=129414 D_A=0.032917 info=19965 distinct=227 | D_B=0.233294 cov=0.506 | refines=true | VoidVacuous("fewer than 2 cells: the fields are the invariants")
         witnesses (listing capped at 10, count above is exact): (6733,7059) (10323,10363) (10323,11821)
      BlindLabel Ene coll=694619 fire=500628 D_A=0.720723 info=19435 distinct=1371 | D_B=0.833796 cov=0.396 | refines=true | VoidVacuous("fewer than 2 cells: the fields are the invariants")
         witnesses (listing capped at 10, count above is exact): (6629,6637) (6629,6661) (6629,6662)
      BlindLabel G8 weak (monotone counts): true
      BlindIndex Occ coll=199970001 fire=0 D_A=0.000000 info=19999 distinct=1 | D_B=0.000000 cov=1.000 | refines=true | VoidVacuous("fewer than 2 cells: the fields are the invariants")
      BlindIndex Mom coll=3931483 fire=129414 D_A=0.032917 info=19965 distinct=227 | D_B=0.233294 cov=0.506 | refines=true | VoidVacuous("fewer than 2 cells: the fields are the invariants")
         witnesses (listing capped at 10, count above is exact): (235,295) (235,6563) (235,10597)
      BlindIndex Ene coll=694619 fire=500628 D_A=0.720723 info=19435 distinct=1371 | D_B=0.833796 cov=0.396 | refines=true | VoidVacuous("fewer than 2 cells: the fields are the invariants")
         witnesses (listing capped at 10, count above is exact): (8552,8555) (8552,8564) (8552,8579)
      BlindIndex G8 weak (monotone counts): true
      GlobalRelabel Occ coll=199970001 fire=0 D_A=0.000000 info=19999 distinct=1 | D_B=0.000000 cov=1.000 | refines=true | VoidVacuous("fewer than 2 cells: the fields are the invariants")
      GlobalRelabel Mom coll=3931483 fire=129414 D_A=0.032917 info=19965 distinct=227 | D_B=0.233294 cov=0.506 | refines=true | VoidVacuous("fewer than 2 cells: the fields are the invariants")
         witnesses (listing capped at 10, count above is exact): (135,144) (5882,18753) (8919,9049)
      GlobalRelabel Ene coll=694619 fire=500628 D_A=0.720723 info=19435 distinct=1371 | D_B=0.833796 cov=0.396 | refines=true | VoidVacuous("fewer than 2 cells: the fields are the invariants")
         witnesses (listing capped at 10, count above is exact): (13342,15045) (13342,15046) (13342,15050)
      GlobalRelabel G8 weak (monotone counts): true
   grid 2x1 cells=2 occ=6.000 fluct=0.242 transport=0.0052  G2 admissible: NO
      Spatial Occ coll=54835613 fire=384229 D_A=0.007007 info=19999 distinct=9 | D_B=0.006175 cov=0.972 | refines=true | VoidVacuous("no transport: the chart is frozen")
         witnesses (listing capped at 10, count above is exact): (30,40) (30,3102) (40,3102)
      Spatial Mom coll=1249059 fire=30645 D_A=0.024534 info=19613 distinct=1234 | D_B=0.812734 cov=0.027 | refines=true | VoidVacuous("no transport: the chart is frozen")
         witnesses (listing capped at 10, count above is exact): (3045,3082) (9614,9615) (10877,10879)
      Spatial Ene coll=120783 fire=76926 D_A=0.636894 info=17371 distinct=5400 | D_B=0.114286 cov=0.004 | refines=true | VoidVacuous("no transport: the chart is frozen")
         witnesses (listing capped at 10, count above is exact): (5334,5346) (5475,5483) (5475,5597)
      Spatial G8 weak (monotone counts): true
      BlindLabel Occ coll=96983778 fire=515235 D_A=0.005313 info=19999 distinct=7 | D_B=0.006599 cov=0.833 | refines=true | VoidVacuous("no transport: the chart is frozen")
         witnesses (listing capped at 10, count above is exact): (30,40) (30,237) (40,237)
      BlindLabel Mom coll=52339 fire=46606 D_A=0.890464 info=16643 distinct=7210 | D_B=0.975281 cov=0.178 | refines=true | VoidVacuous("no transport: the chart is frozen")
         witnesses (listing capped at 10, count above is exact): (5988,18371) (6120,7904) (6120,7912)
      BlindLabel Ene coll=7262 fire=5816 D_A=0.800881 info=7858 distinct=15309 | D_B=0.974359 cov=0.016 | refines=true | VoidVacuous("no transport: the chart is frozen")
         witnesses (listing capped at 10, count above is exact): (2473,2481) (3191,3199) (3644,3652)
      BlindLabel G8 weak (monotone counts): true
      BlindIndex Occ coll=199970001 fire=0 D_A=0.000000 info=19999 distinct=1 | D_B=0.000000 cov=1.000 | refines=true | VoidVacuous("no transport: the chart is frozen")
      BlindIndex Mom coll=94168 fire=82866 D_A=0.879980 info=18370 distinct=4723 | D_B=0.982049 cov=0.284 | refines=true | VoidVacuous("no transport: the chart is frozen")
         witnesses (listing capped at 10, count above is exact): (12851,12853) (15729,15738) (17433,17520)
      BlindIndex Ene coll=10813 fire=8367 D_A=0.773791 info=10254 distinct=13651 | D_B=0.993485 cov=0.031 | refines=true | VoidVacuous("no transport: the chart is frozen")
         witnesses (listing capped at 10, count above is exact): (1943,2282) (10529,10537) (10529,10569)
      BlindIndex G8 weak (monotone counts): true
      GlobalRelabel Occ coll=54835613 fire=384229 D_A=0.007007 info=19999 distinct=9 | D_B=0.006175 cov=0.972 | refines=true | VoidVacuous("no transport: the chart is frozen")
         witnesses (listing capped at 10, count above is exact): (3103,4787) (3103,10425) (4787,10425)
      GlobalRelabel Mom coll=1249059 fire=30645 D_A=0.024534 info=19613 distinct=1234 | D_B=0.812734 cov=0.027 | refines=true | VoidVacuous("no transport: the chart is frozen")
         witnesses (listing capped at 10, count above is exact): (6567,6589) (8708,8714) (8708,8739)
      GlobalRelabel Ene coll=120783 fire=76926 D_A=0.636894 info=17371 distinct=5400 | D_B=0.114286 cov=0.004 | refines=true | VoidVacuous("no transport: the chart is frozen")
         witnesses (listing capped at 10, count above is exact): (3318,3381) (3318,3399) (3318,3472)
      GlobalRelabel G8 weak (monotone counts): true
   grid 2x2 cells=4 occ=3.000 fluct=0.440 transport=0.0151  G2 admissible: NO
      Spatial Occ coll=7153507 fire=138159 D_A=0.019313 info=19999 distinct=92 | D_B=0.012590 cov=0.667 | refines=true | VoidVacuous("no transport: the chart is frozen")
         witnesses (listing capped at 10, count above is exact): (189,207) (3280,4172) (3280,4555)
      Spatial Mom coll=584506 fire=32802 D_A=0.056119 info=18896 distinct=2692 | D_B=0.031250 cov=0.003 | refines=true | VoidVacuous("no transport: the chart is frozen")
         witnesses (listing capped at 10, count above is exact): (898,905) (10878,10879) (10936,10938)
      Spatial Ene coll=51949 fire=30623 D_A=0.589482 info=14461 distinct=9149 | D_B=0.250000 cov=0.003 | refines=true | VoidVacuous("no transport: the chart is frozen")
         witnesses (listing capped at 10, count above is exact): (1931,1959) (1931,1967) (1931,1983)
      Spatial G8 weak (monotone counts): true
      BlindLabel Occ coll=7116044 fire=149969 D_A=0.021075 info=19998 distinct=90 | D_B=0.012888 cov=0.644 | refines=true | VoidVacuous("no transport: the chart is frozen")
         witnesses (listing capped at 10, count above is exact): (238,258) (238,303) (258,303)
      BlindLabel Mom coll=17868 fire=13321 D_A=0.745523 info=11259 distinct=12581 | D_B=1.000000 cov=0.001 | refines=true | VoidVacuous("no transport: the chart is frozen")
         witnesses (listing capped at 10, count above is exact): (1913,1929) (2581,2597) (3758,3766)
      BlindLabel Ene coll=5208 fire=3968 D_A=0.761905 info=5934 distinct=16551 | D_B=n/a cov=0.000 | refines=true | VoidVacuous("no transport: the chart is frozen")
         witnesses (listing capped at 10, count above is exact): (2502,2510) (6815,6823) (7909,7917)
      BlindLabel G8 weak (monotone counts): true
      BlindIndex Occ coll=199970001 fire=0 D_A=0.000000 info=19999 distinct=1 | D_B=0.000000 cov=1.000 | refines=true | VoidVacuous("no transport: the chart is frozen")
      BlindIndex Mom coll=12269 fire=9044 D_A=0.737142 info=10578 distinct=13330 | D_B=0.843750 cov=0.003 | refines=true | VoidVacuous("no transport: the chart is frozen")
         witnesses (listing capped at 10, count above is exact): (3426,3434) (3661,3669) (10212,10220)
      BlindIndex Ene coll=3486 fire=2752 D_A=0.789443 info=4885 distinct=17277 | D_B=0.500000 cov=0.000 | refines=true | VoidVacuous("no transport: the chart is frozen")
         witnesses (listing capped at 10, count above is exact): (859,867) (1427,1435) (1427,1443)
      BlindIndex G8 weak (monotone counts): true
      GlobalRelabel Occ coll=7153507 fire=138159 D_A=0.019313 info=19999 distinct=92 | D_B=0.012590 cov=0.667 | refines=true | VoidVacuous("no transport: the chart is frozen")
         witnesses (listing capped at 10, count above is exact): (3043,3102) (3043,10371) (3102,10371)
      GlobalRelabel Mom coll=584506 fire=32802 D_A=0.056119 info=18896 distinct=2692 | D_B=0.031250 cov=0.003 | refines=true | VoidVacuous("no transport: the chart is frozen")
         witnesses (listing capped at 10, count above is exact): (1187,1194) (1187,1195) (1187,1203)
      GlobalRelabel Ene coll=51949 fire=30623 D_A=0.589482 info=14461 distinct=9149 | D_B=0.250000 cov=0.003 | refines=true | VoidVacuous("no transport: the chart is frozen")
         witnesses (listing capped at 10, count above is exact): (1906,1922) (11564,11568) (11564,11580)
      GlobalRelabel G8 weak (monotone counts): true
   grid 4x2 cells=8 occ=1.500 fluct=0.706 transport=0.0309  G2 admissible: NO
      Spatial Occ coll=2262999 fire=59242 D_A=0.026179 info=19987 distinct=349 | D_B=0.027576 cov=0.069 | refines=true | VoidVacuous("no transport: the chart is frozen")
         witnesses (listing capped at 10, count above is exact): (208,214) (2389,2397) (12316,12319)
      Spatial Mom coll=361551 fire=26923 D_A=0.074465 info=17602 distinct=4671 | D_B=1.000000 cov=0.001 | refines=true | VoidVacuous("no transport: the chart is frozen")
         witnesses (listing capped at 10, count above is exact): (51,57) (944,949) (944,960)
      Spatial Ene coll=29676 fire=17364 D_A=0.585119 info=11828 distinct=11702 | D_B=1.000000 cov=0.001 | refines=true | VoidVacuous("no transport: the chart is frozen")
         witnesses (listing capped at 10, count above is exact): (1157,1165) (1395,1403) (1395,1411)
      Spatial G8 weak (monotone counts): true
      BlindLabel Occ coll=1971101 fire=43616 D_A=0.022128 info=19988 distinct=384 | D_B=0.038462 cov=0.003 | refines=true | VoidVacuous("no transport: the chart is frozen")
         witnesses (listing capped at 10, count above is exact): (367,372) (367,486) (372,486)
      BlindLabel Mom coll=3150 fire=2476 D_A=0.786032 info=4699 distinct=17422 | D_B=n/a cov=0.000 | refines=true | VoidVacuous("no transport: the chart is frozen")
         witnesses (listing capped at 10, count above is exact): (1047,1063) (1845,1853) (6026,6034)
      BlindLabel Ene coll=1418 fire=1213 D_A=0.855430 info=2366 distinct=18746 | D_B=n/a cov=0.000 | refines=true | VoidVacuous("no transport: the chart is frozen")
         witnesses (listing capped at 10, count above is exact): (2169,2177) (3493,3501) (7465,7473)
      BlindLabel G8 weak (monotone counts): true
      BlindIndex Occ coll=199970001 fire=0 D_A=0.000000 info=19999 distinct=1 | D_B=0.000000 cov=1.000 | refines=true | VoidVacuous("no transport: the chart is frozen")
      BlindIndex Mom coll=2556 fire=2086 D_A=0.816119 info=4035 distinct=17823 | D_B=n/a cov=0.000 | refines=true | VoidVacuous("no transport: the chart is frozen")
         witnesses (listing capped at 10, count above is exact): (2764,2772) (2987,2995) (8572,8580)
      BlindIndex Ene coll=1019 fire=921 D_A=0.903827 info=1787 distinct=19066 | D_B=n/a cov=0.000 | refines=true | VoidVacuous("no transport: the chart is frozen")
         witnesses (listing capped at 10, count above is exact): (2096,2104) (2802,2810) (2802,2818)
      BlindIndex G8 weak (monotone counts): true
      GlobalRelabel Occ coll=2262999 fire=59242 D_A=0.026179 info=19987 distinct=349 | D_B=0.027576 cov=0.069 | refines=true | VoidVacuous("no transport: the chart is frozen")
         witnesses (listing capped at 10, count above is exact): (487,516) (2369,2371) (10335,10371)
      GlobalRelabel Mom coll=361551 fire=26923 D_A=0.074465 info=17602 distinct=4671 | D_B=1.000000 cov=0.001 | refines=true | VoidVacuous("no transport: the chart is frozen")
         witnesses (listing capped at 10, count above is exact): (416,422) (2566,2571) (2566,2590)
      GlobalRelabel Ene coll=29676 fire=17364 D_A=0.585119 info=11828 distinct=11702 | D_B=1.000000 cov=0.001 | refines=true | VoidVacuous("no transport: the chart is frozen")
         witnesses (listing capped at 10, count above is exact): (1585,1593) (10288,10296) (12974,12978)
      GlobalRelabel G8 weak (monotone counts): true
   grid 6x4 cells=24 occ=0.500 fluct=1.571 transport=0.0648  G2 admissible: NO
      Spatial Occ coll=505297 fire=36589 D_A=0.072411 info=19953 distinct=918 | D_B=0.111111 cov=0.001 | refines=true | NotClosed
         witnesses (listing capped at 10, count above is exact): (1161,1164) (1161,1193) (1161,1208)
      Spatial Mom coll=81924 fire=19146 D_A=0.233704 info=13791 distinct=9501 | D_B=0.833333 cov=0.001 | refines=true | NotClosed
         witnesses (listing capped at 10, count above is exact): (133,134) (1545,1546) (10375,10376)
      Spatial Ene coll=8660 fire=5245 D_A=0.605658 info=7108 distinct=15601 | D_B=0.666667 cov=0.000 | refines=true | NotClosed
         witnesses (listing capped at 10, count above is exact): (544,552) (1010,1018) (1801,1809)
      Spatial G8 weak (monotone counts): true
      BlindLabel Occ coll=465827 fire=33326 D_A=0.071542 info=19951 distinct=951 | D_B=0.111111 cov=0.001 | refines=true | NotClosed
         witnesses (listing capped at 10, count above is exact): (5415,5417) (5415,5430) (9086,9087)
      BlindLabel Mom coll=1634 fire=1338 D_A=0.818849 info=2775 distinct=18534 | D_B=1.000000 cov=0.000 | refines=true | NotClosed
         witnesses (listing capped at 10, count above is exact): (903,911) (927,935) (1466,1474)
      BlindLabel Ene coll=654 fire=578 D_A=0.883792 info=1203 distinct=19380 | D_B=n/a cov=0.000 | refines=true | NotClosed
         witnesses (listing capped at 10, count above is exact): (2073,2081) (3196,3204) (4380,4388)
      BlindLabel G8 weak (monotone counts): true
      BlindIndex Occ coll=199970001 fire=0 D_A=0.000000 info=19999 distinct=1 | D_B=0.000000 cov=1.000 | refines=true | VoidVacuous("no transport: the chart is frozen")
      BlindIndex Mom coll=2088 fire=1701 D_A=0.814655 info=3436 distinct=18168 | D_B=n/a cov=0.000 | refines=true | VoidVacuous("no transport: the chart is frozen")
         witnesses (listing capped at 10, count above is exact): (1166,1174) (2061,2069) (2421,2437)
      BlindIndex Ene coll=833 fire=736 D_A=0.883553 info=1498 distinct=19223 | D_B=n/a cov=0.000 | refines=true | VoidVacuous("no transport: the chart is frozen")
         witnesses (listing capped at 10, count above is exact): (2490,2498) (3495,3503) (6553,6561)
      BlindIndex G8 weak (monotone counts): true
      GlobalRelabel Occ coll=505297 fire=36589 D_A=0.072411 info=19953 distinct=918 | D_B=0.111111 cov=0.001 | refines=true | NotClosed
         witnesses (listing capped at 10, count above is exact): (5898,5903) (6172,6198) (6199,6215)
      GlobalRelabel Mom coll=81924 fire=19146 D_A=0.233704 info=13791 distinct=9501 | D_B=0.833333 cov=0.001 | refines=true | NotClosed
         witnesses (listing capped at 10, count above is exact): (182,186) (747,755) (892,900)
      GlobalRelabel Ene coll=8660 fire=5245 D_A=0.605658 info=7108 distinct=15601 | D_B=0.666667 cov=0.000 | refines=true | NotClosed
         witnesses (listing capped at 10, count above is exact): (2202,2210) (3666,3678) (3666,3686)
      GlobalRelabel G8 weak (monotone counts): true

-- seed 0x0000000053415425  n=12 dims=2 frames=20000 box=34.6x20.8 species=[1]
   G9a species/arity constant: true
   G9b |p| first=2.808667e-15 last=2.105810e0   G9c Ek first=1.106123e-1 last=1.172157e-2  [ledger leg UNDISCHARGED: the dump carries no forces]
   grid 1x1: REFUSED — AtomOutsideBox { frame: 32, atom: 10, x: 25.333480344786565, y: 20.841803104270674 }
   grid 2x1: REFUSED — AtomOutsideBox { frame: 32, atom: 10, x: 25.333480344786565, y: 20.841803104270674 }
   grid 2x2: REFUSED — AtomOutsideBox { frame: 32, atom: 10, x: 25.333480344786565, y: 20.841803104270674 }
   grid 4x2: REFUSED — AtomOutsideBox { frame: 32, atom: 10, x: 25.333480344786565, y: 20.841803104270674 }
   grid 6x4: REFUSED — AtomOutsideBox { frame: 32, atom: 10, x: 25.333480344786565, y: 20.841803104270674 }

-- seed 0x0000000053415426  n=12 dims=2 frames=20000 box=34.6x20.8 species=[1]
   G9a species/arity constant: true
   G9b |p| first=1.012679e-14 last=5.801160e0   G9c Ek first=6.631023e-2 last=1.107300e-2  [ledger leg UNDISCHARGED: the dump carries no forces]
   grid 1x1 cells=1 occ=12.000 fluct=0.000 transport=0.0000  G2 admissible: NO
      Spatial Occ coll=199970001 fire=0 D_A=0.000000 info=19999 distinct=1 | D_B=0.000000 cov=1.000 | refines=true | VoidVacuous("fewer than 2 cells: the fields are the invariants")
      Spatial Mom coll=3654695 fire=138157 D_A=0.037803 info=19976 distinct=196 | D_B=0.209941 cov=0.692 | refines=true | VoidVacuous("fewer than 2 cells: the fields are the invariants")
         witnesses (listing capped at 10, count above is exact): (5841,5843) (5841,5901) (5841,8646)
      Spatial Ene coll=770822 fire=507737 D_A=0.658696 info=19409 distinct=1392 | D_B=0.775318 cov=0.519 | refines=true | VoidVacuous("fewer than 2 cells: the fields are the invariants")
         witnesses (listing capped at 10, count above is exact): (12311,12375) (12311,19419) (12311,19551)
      Spatial G8 weak (monotone counts): true
      BlindLabel Occ coll=199970001 fire=0 D_A=0.000000 info=19999 distinct=1 | D_B=0.000000 cov=1.000 | refines=true | VoidVacuous("fewer than 2 cells: the fields are the invariants")
      BlindLabel Mom coll=3654695 fire=138157 D_A=0.037803 info=19976 distinct=196 | D_B=0.209941 cov=0.692 | refines=true | VoidVacuous("fewer than 2 cells: the fields are the invariants")
         witnesses (listing capped at 10, count above is exact): (5102,5103) (5102,6586) (5102,6630)
      BlindLabel Ene coll=770822 fire=507737 D_A=0.658696 info=19409 distinct=1392 | D_B=0.775318 cov=0.519 | refines=true | VoidVacuous("fewer than 2 cells: the fields are the invariants")
         witnesses (listing capped at 10, count above is exact): (1800,1808) (1800,1816) (1800,1824)
      BlindLabel G8 weak (monotone counts): true
      BlindIndex Occ coll=199970001 fire=0 D_A=0.000000 info=19999 distinct=1 | D_B=0.000000 cov=1.000 | refines=true | VoidVacuous("fewer than 2 cells: the fields are the invariants")
      BlindIndex Mom coll=3654695 fire=138157 D_A=0.037803 info=19976 distinct=196 | D_B=0.209941 cov=0.692 | refines=true | VoidVacuous("fewer than 2 cells: the fields are the invariants")
         witnesses (listing capped at 10, count above is exact): (8647,8648) (8647,8706) (8647,17296)
      BlindIndex Ene coll=770822 fire=507737 D_A=0.658696 info=19409 distinct=1392 | D_B=0.775318 cov=0.519 | refines=true | VoidVacuous("fewer than 2 cells: the fields are the invariants")
         witnesses (listing capped at 10, count above is exact): (5309,5417) (5309,5445) (5309,5487)
      BlindIndex G8 weak (monotone counts): true
      GlobalRelabel Occ coll=199970001 fire=0 D_A=0.000000 info=19999 distinct=1 | D_B=0.000000 cov=1.000 | refines=true | VoidVacuous("fewer than 2 cells: the fields are the invariants")
      GlobalRelabel Mom coll=3654695 fire=138157 D_A=0.037803 info=19976 distinct=196 | D_B=0.209941 cov=0.692 | refines=true | VoidVacuous("fewer than 2 cells: the fields are the invariants")
         witnesses (listing capped at 10, count above is exact): (8406,8407) (8406,8413) (8406,8552)
      GlobalRelabel Ene coll=770822 fire=507737 D_A=0.658696 info=19409 distinct=1392 | D_B=0.775318 cov=0.519 | refines=true | VoidVacuous("fewer than 2 cells: the fields are the invariants")
         witnesses (listing capped at 10, count above is exact): (3231,3257) (3231,3266) (3231,3283)
      GlobalRelabel G8 weak (monotone counts): true
   grid 2x1 cells=2 occ=6.000 fluct=0.241 transport=0.0067  G2 admissible: NO
      Spatial Occ coll=56915749 fire=483674 D_A=0.008498 info=19999 distinct=8 | D_B=0.008556 cov=0.970 | refines=true | VoidVacuous("no transport: the chart is frozen")
         witnesses (listing capped at 10, count above is exact): (0,88) (0,3692) (88,3692)
      Spatial Mom coll=1003592 fire=29846 D_A=0.029739 info=19544 distinct=1378 | D_B=0.440433 cov=0.028 | refines=true | VoidVacuous("no transport: the chart is frozen")
         witnesses (listing capped at 10, count above is exact): (161,177) (161,193) (177,193)
      Spatial Ene coll=159722 fire=98083 D_A=0.614086 info=17308 distinct=5066 | D_B=0.880597 cov=0.013 | refines=true | VoidVacuous("no transport: the chart is frozen")
         witnesses (listing capped at 10, count above is exact): (3525,3558) (3525,3561) (3525,3591)
      Spatial G8 weak (monotone counts): true
      BlindLabel Occ coll=63266926 fire=537690 D_A=0.008499 info=19999 distinct=8 | D_B=0.008261 cov=0.993 | refines=true | VoidVacuous("no transport: the chart is frozen")
         witnesses (listing capped at 10, count above is exact): (0,88) (0,329) (88,329)
      BlindLabel Mom coll=88779 fire=71119 D_A=0.801079 info=17917 distinct=5302 | D_B=0.969072 cov=0.155 | refines=true | VoidVacuous("no transport: the chart is frozen")
         witnesses (listing capped at 10, count above is exact): (778,5595) (778,11184) (778,11186)
      BlindLabel Ene coll=16108 fire=11888 D_A=0.738018 info=11001 distinct=12766 | D_B=0.988636 cov=0.018 | refines=true | VoidVacuous("no transport: the chart is frozen")
         witnesses (listing capped at 10, count above is exact): (2228,18770) (2228,18793) (4320,4328)
      BlindLabel G8 weak (monotone counts): true
      BlindIndex Occ coll=199970001 fire=0 D_A=0.000000 info=19999 distinct=1 | D_B=0.000000 cov=1.000 | refines=true | VoidVacuous("no transport: the chart is frozen")
      BlindIndex Mom coll=105771 fire=93175 D_A=0.880913 info=18392 distinct=4465 | D_B=0.974174 cov=0.403 | refines=true | VoidVacuous("no transport: the chart is frozen")
         witnesses (listing capped at 10, count above is exact): (718,5102) (718,5623) (718,5625)
      BlindIndex Ene coll=12115 fire=9674 D_A=0.798514 info=10120 distinct=13623 | D_B=0.995146 cov=0.041 | refines=true | VoidVacuous("no transport: the chart is frozen")
         witnesses (listing capped at 10, count above is exact): (1223,1231) (2489,2497) (4907,4915)
      BlindIndex G8 weak (monotone counts): true
      GlobalRelabel Occ coll=56915749 fire=483674 D_A=0.008498 info=19999 distinct=8 | D_B=0.008556 cov=0.970 | refines=true | VoidVacuous("no transport: the chart is frozen")
         witnesses (listing capped at 10, count above is exact): (0,88) (0,3692) (88,3692)
      GlobalRelabel Mom coll=1003592 fire=29846 D_A=0.029739 info=19544 distinct=1378 | D_B=0.440433 cov=0.028 | refines=true | VoidVacuous("no transport: the chart is frozen")
         witnesses (listing capped at 10, count above is exact): (9196,9197) (11064,11160) (12057,12093)
      GlobalRelabel Ene coll=159722 fire=98083 D_A=0.614086 info=17308 distinct=5066 | D_B=0.880597 cov=0.013 | refines=true | VoidVacuous("no transport: the chart is frozen")
         witnesses (listing capped at 10, count above is exact): (5666,5670) (5774,5776) (5774,5794)
      GlobalRelabel G8 weak (monotone counts): true
   grid 2x2 cells=4 occ=3.000 fluct=0.462 transport=0.0181  G2 admissible: NO
      Spatial Occ coll=8885668 fire=181072 D_A=0.020378 info=19999 distinct=91 | D_B=0.019173 cov=0.767 | refines=true | VoidVacuous("no transport: the chart is frozen")
         witnesses (listing capped at 10, count above is exact): (89,93) (89,457) (93,457)
      Spatial Mom coll=572982 fire=29441 D_A=0.051382 info=18750 distinct=3033 | D_B=0.214953 cov=0.011 | refines=true | VoidVacuous("no transport: the chart is frozen")
         witnesses (listing capped at 10, count above is exact): (545,547) (545,553) (545,569)
      Spatial Ene coll=57391 fire=32800 D_A=0.571518 info=14420 distinct=8858 | D_B=0.844828 cov=0.006 | refines=true | VoidVacuous("no transport: the chart is frozen")
         witnesses (listing capped at 10, count above is exact): (17189,17197) (17756,17760) (17756,17768)
      Spatial G8 weak (monotone counts): true
      BlindLabel Occ coll=6191483 fire=161439 D_A=0.026074 info=19998 distinct=85 | D_B=0.023467 cov=0.584 | refines=true | VoidVacuous("no transport: the chart is frozen")
         witnesses (listing capped at 10, count above is exact): (4302,4722) (5913,5939) (5913,6166)
      BlindLabel Mom coll=10579 fire=7744 D_A=0.732016 info=9026 distinct=14346 | D_B=1.000000 cov=0.000 | refines=true | VoidVacuous("no transport: the chart is frozen")
         witnesses (listing capped at 10, count above is exact): (5586,5594) (7491,7499) (9669,9672)
      BlindLabel Ene coll=4103 fire=2922 D_A=0.712162 info=4796 distinct=17225 | D_B=1.000000 cov=0.000 | refines=true | VoidVacuous("no transport: the chart is frozen")
         witnesses (listing capped at 10, count above is exact): (1732,1740) (1732,1748) (1740,1748)
      BlindLabel G8 weak (monotone counts): true
      BlindIndex Occ coll=199970001 fire=0 D_A=0.000000 info=19999 distinct=1 | D_B=0.000000 cov=1.000 | refines=true | VoidVacuous("no transport: the chart is frozen")
      BlindIndex Mom coll=8489 fire=6550 D_A=0.771587 info=8395 distinct=14911 | D_B=0.955556 cov=0.004 | refines=true | VoidVacuous("no transport: the chart is frozen")
         witnesses (listing capped at 10, count above is exact): (1779,1787) (3274,3410) (4262,4270)
      BlindIndex Ene coll=2684 fire=2090 D_A=0.778689 info=3819 distinct=17893 | D_B=1.000000 cov=0.000 | refines=true | VoidVacuous("no transport: the chart is frozen")
         witnesses (listing capped at 10, count above is exact): (2377,2385) (4721,4729) (5314,5322)
      BlindIndex G8 weak (monotone counts): true
      GlobalRelabel Occ coll=8885668 fire=181072 D_A=0.020378 info=19999 distinct=91 | D_B=0.025564 cov=0.767 | refines=true | VoidVacuous("no transport: the chart is frozen")
         witnesses (listing capped at 10, count above is exact): (8044,8089) (8044,8143) (8044,15120)
      GlobalRelabel Mom coll=572982 fire=29441 D_A=0.051382 info=18750 distinct=3033 | D_B=0.214953 cov=0.011 | refines=true | VoidVacuous("no transport: the chart is frozen")
         witnesses (listing capped at 10, count above is exact): (102,103) (2734,2736) (7568,7570)
      GlobalRelabel Ene coll=57391 fire=32800 D_A=0.571518 info=14420 distinct=8858 | D_B=0.844828 cov=0.006 | refines=true | VoidVacuous("no transport: the chart is frozen")
         witnesses (listing capped at 10, count above is exact): (5109,5117) (6191,6199) (6191,6211)
      GlobalRelabel G8 weak (monotone counts): true
   grid 4x2 cells=8 occ=1.500 fluct=0.733 transport=0.0335  G2 admissible: NO
      Spatial Occ coll=2433669 fire=84801 D_A=0.034845 info=19990 distinct=383 | D_B=0.026767 cov=0.187 | refines=true | VoidVacuous("no transport: the chart is frozen")
         witnesses (listing capped at 10, count above is exact): (1097,1104) (2536,2578) (2536,2675)
      Spatial Mom coll=312550 fire=27084 D_A=0.086655 info=17393 distinct=5002 | D_B=1.000000 cov=0.000 | refines=true | VoidVacuous("no transport: the chart is frozen")
         witnesses (listing capped at 10, count above is exact): (212,216) (5529,5533) (7451,7459)
      Spatial Ene coll=31687 fire=16172 D_A=0.510367 info=11524 distinct=11772 | D_B=n/a cov=0.000 | refines=true | VoidVacuous("no transport: the chart is frozen")
         witnesses (listing capped at 10, count above is exact): (966,996) (3342,3406) (3342,3426)
      Spatial G8 weak (monotone counts): true
      BlindLabel Occ coll=2089089 fire=73145 D_A=0.035013 info=19984 distinct=429 | D_B=0.038462 cov=0.039 | refines=true | VoidVacuous("no transport: the chart is frozen")
         witnesses (listing capped at 10, count above is exact): (5218,5255) (12984,12985) (12984,13015)
      BlindLabel Mom coll=3742 fire=2804 D_A=0.749332 info=4877 distinct=17242 | D_B=n/a cov=0.000 | refines=true | VoidVacuous("no transport: the chart is frozen")
         witnesses (listing capped at 10, count above is exact): (2106,2114) (2106,2122) (2114,2122)
      BlindLabel Ene coll=1508 fire=1192 D_A=0.790451 info=2359 distinct=18730 | D_B=n/a cov=0.000 | refines=true | VoidVacuous("no transport: the chart is frozen")
         witnesses (listing capped at 10, count above is exact): (977,985) (1219,1227) (4786,4794)
      BlindLabel G8 weak (monotone counts): true
      BlindIndex Occ coll=199970001 fire=0 D_A=0.000000 info=19999 distinct=1 | D_B=0.000000 cov=1.000 | refines=true | VoidVacuous("no transport: the chart is frozen")
      BlindIndex Mom coll=1884 fire=1579 D_A=0.838110 info=3143 distinct=18331 | D_B=n/a cov=0.000 | refines=true | VoidVacuous("no transport: the chart is frozen")
         witnesses (listing capped at 10, count above is exact): (3,5) (7157,7173) (8443,8451)
      BlindIndex Ene coll=670 fire=608 D_A=0.907463 info=1236 distinct=19364 | D_B=n/a cov=0.000 | refines=true | VoidVacuous("no transport: the chart is frozen")
         witnesses (listing capped at 10, count above is exact): (1239,1247) (1659,1667) (7140,7148)
      BlindIndex G8 weak (monotone counts): true
      GlobalRelabel Occ coll=2433669 fire=84801 D_A=0.034845 info=19990 distinct=383 | D_B=0.026767 cov=0.187 | refines=true | VoidVacuous("no transport: the chart is frozen")
         witnesses (listing capped at 10, count above is exact): (86,88) (86,10656) (88,10656)
      GlobalRelabel Mom coll=312550 fire=27084 D_A=0.086655 info=17393 distinct=5002 | D_B=1.000000 cov=0.000 | refines=true | VoidVacuous("no transport: the chart is frozen")
         witnesses (listing capped at 10, count above is exact): (5663,5675) (5663,5691) (5675,5691)
      GlobalRelabel Ene coll=31687 fire=16172 D_A=0.510367 info=11524 distinct=11772 | D_B=n/a cov=0.000 | refines=true | VoidVacuous("no transport: the chart is frozen")
         witnesses (listing capped at 10, count above is exact): (7478,7486) (9486,9494) (16661,16693)
      GlobalRelabel G8 weak (monotone counts): true
   grid 6x4 cells=24 occ=0.500 fluct=1.578 transport=0.0721  G2 admissible: NO
      Spatial Occ coll=491843 fire=34452 D_A=0.070047 info=19918 distinct=1031 | D_B=0.027778 cov=0.004 | refines=true | NotClosed
         witnesses (listing capped at 10, count above is exact): (3775,3787) (8332,8344) (12039,12057)
      Spatial Mom coll=87438 fire=16911 D_A=0.193406 info=12885 distinct=10328 | D_B=0.500000 cov=0.000 | refines=true | NotClosed
         witnesses (listing capped at 10, count above is exact): (4776,4784) (5556,5557) (13974,13976)
      Spatial Ene coll=9852 fire=5322 D_A=0.540195 info=6858 distinct=15645 | D_B=1.000000 cov=0.000 | refines=true | NotClosed
         witnesses (listing capped at 10, count above is exact): (8133,8141) (10010,10011) (10910,10918)
      Spatial G8 weak (monotone counts): true
      BlindLabel Occ coll=447583 fire=30272 D_A=0.067634 info=19909 distinct=1082 | D_B=0.027778 cov=0.004 | refines=true | NotClosed
         witnesses (listing capped at 10, count above is exact): (25,26) (806,808) (806,931)
      BlindLabel Mom coll=1323 fire=1080 D_A=0.816327 info=2213 distinct=18833 | D_B=n/a cov=0.000 | refines=true | NotClosed
         witnesses (listing capped at 10, count above is exact): (1169,1177) (1178,1194) (5477,5485)
      BlindLabel Ene coll=573 fire=493 D_A=0.860384 info=1024 distinct=19469 | D_B=n/a cov=0.000 | refines=true | NotClosed
         witnesses (listing capped at 10, count above is exact): (4829,4837) (9695,9702) (13269,13277)
      BlindLabel G8 weak (monotone counts): true
      BlindIndex Occ coll=199970001 fire=0 D_A=0.000000 info=19999 distinct=1 | D_B=0.000000 cov=1.000 | refines=true | VoidVacuous("no transport: the chart is frozen")
      BlindIndex Mom coll=1570 fire=1310 D_A=0.834395 info=2653 distinct=18598 | D_B=n/a cov=0.000 | refines=true | VoidVacuous("no transport: the chart is frozen")
         witnesses (listing capped at 10, count above is exact): (1831,1839) (7099,7107) (9004,9012)
      BlindIndex Ene coll=607 fire=546 D_A=0.899506 info=1105 distinct=19429 | D_B=n/a cov=0.000 | refines=true | VoidVacuous("no transport: the chart is frozen")
         witnesses (listing capped at 10, count above is exact): (1304,1312) (5391,5399) (5728,5736)
      BlindIndex G8 weak (monotone counts): true
      GlobalRelabel Occ coll=491843 fire=34452 D_A=0.070047 info=19918 distinct=1031 | D_B=0.027778 cov=0.004 | refines=true | NotClosed
         witnesses (listing capped at 10, count above is exact): (379,384) (1211,1212) (1211,1300)
      GlobalRelabel Mom coll=87438 fire=16911 D_A=0.193406 info=12885 distinct=10328 | D_B=0.500000 cov=0.000 | refines=true | NotClosed
         witnesses (listing capped at 10, count above is exact): (3301,3318) (5185,5186) (6952,6953)
      GlobalRelabel Ene coll=9852 fire=5322 D_A=0.540195 info=6858 distinct=15645 | D_B=1.000000 cov=0.000 | refines=true | NotClosed
         witnesses (listing capped at 10, count above is exact): (4116,4124) (5074,5082) (7571,7576)
      GlobalRelabel G8 weak (monotone counts): true

-- seed 0x0000000053415427  n=12 dims=2 frames=20000 box=34.6x20.8 species=[1]
   G9a species/arity constant: true
   G9b |p| first=3.734105e-14 last=4.243512e0   G9c Ek first=8.323676e-2 last=1.018715e-2  [ledger leg UNDISCHARGED: the dump carries no forces]
   grid 1x1 cells=1 occ=12.000 fluct=0.000 transport=0.0000  G2 admissible: NO
      Spatial Occ coll=199970001 fire=0 D_A=0.000000 info=19999 distinct=1 | D_B=0.000000 cov=1.000 | refines=true | VoidVacuous("fewer than 2 cells: the fields are the invariants")
      Spatial Mom coll=5622977 fire=124270 D_A=0.022100 info=19973 distinct=194 | D_B=0.108133 cov=0.541 | refines=true | VoidVacuous("fewer than 2 cells: the fields are the invariants")
         witnesses (listing capped at 10, count above is exact): (7867,7868) (7867,7955) (7867,15704)
      Spatial Ene coll=701353 fire=546112 D_A=0.778655 info=19406 distinct=1522 | D_B=0.843728 cov=0.431 | refines=true | VoidVacuous("fewer than 2 cells: the fields are the invariants")
         witnesses (listing capped at 10, count above is exact): (425,427) (425,470) (425,499)
      Spatial G8 weak (monotone counts): true
      BlindLabel Occ coll=199970001 fire=0 D_A=0.000000 info=19999 distinct=1 | D_B=0.000000 cov=1.000 | refines=true | VoidVacuous("fewer than 2 cells: the fields are the invariants")
      BlindLabel Mom coll=5622977 fire=124270 D_A=0.022100 info=19973 distinct=194 | D_B=0.108133 cov=0.541 | refines=true | VoidVacuous("fewer than 2 cells: the fields are the invariants")
         witnesses (listing capped at 10, count above is exact): (5398,7695) (5398,7696) (5398,7846)
      BlindLabel Ene coll=701353 fire=546112 D_A=0.778655 info=19406 distinct=1522 | D_B=0.843728 cov=0.431 | refines=true | VoidVacuous("fewer than 2 cells: the fields are the invariants")
         witnesses (listing capped at 10, count above is exact): (1520,1528) (1520,1529) (1520,1594)
      BlindLabel G8 weak (monotone counts): true
      BlindIndex Occ coll=199970001 fire=0 D_A=0.000000 info=19999 distinct=1 | D_B=0.000000 cov=1.000 | refines=true | VoidVacuous("fewer than 2 cells: the fields are the invariants")
      BlindIndex Mom coll=5622977 fire=124270 D_A=0.022100 info=19973 distinct=194 | D_B=0.108133 cov=0.541 | refines=true | VoidVacuous("fewer than 2 cells: the fields are the invariants")
         witnesses (listing capped at 10, count above is exact): (8169,13268) (8169,15784) (8169,17930)
      BlindIndex Ene coll=701353 fire=546112 D_A=0.778655 info=19406 distinct=1522 | D_B=0.843728 cov=0.431 | refines=true | VoidVacuous("fewer than 2 cells: the fields are the invariants")
         witnesses (listing capped at 10, count above is exact): (2165,2258) (2165,2262) (2165,2392)
      BlindIndex G8 weak (monotone counts): true
      GlobalRelabel Occ coll=199970001 fire=0 D_A=0.000000 info=19999 distinct=1 | D_B=0.000000 cov=1.000 | refines=true | VoidVacuous("fewer than 2 cells: the fields are the invariants")
      GlobalRelabel Mom coll=5622977 fire=124270 D_A=0.022100 info=19973 distinct=194 | D_B=0.108133 cov=0.541 | refines=true | VoidVacuous("fewer than 2 cells: the fields are the invariants")
         witnesses (listing capped at 10, count above is exact): (121,157) (121,15967) (121,17711)
      GlobalRelabel Ene coll=701353 fire=546112 D_A=0.778655 info=19406 distinct=1522 | D_B=0.843728 cov=0.431 | refines=true | VoidVacuous("fewer than 2 cells: the fields are the invariants")
         witnesses (listing capped at 10, count above is exact): (8954,8959) (8954,8975) (8954,9758)
      GlobalRelabel G8 weak (monotone counts): true
   grid 2x1 cells=2 occ=6.000 fluct=0.212 transport=0.0081  G2 admissible: NO
      Spatial Occ coll=49154612 fire=693180 D_A=0.014102 info=19999 distinct=8 | D_B=0.007513 cov=0.905 | refines=true | VoidVacuous("no transport: the chart is frozen")
         witnesses (listing capped at 10, count above is exact): (0,23) (0,131) (23,131)
      Spatial Mom coll=1618211 fire=47958 D_A=0.029636 info=19573 distinct=1310 | D_B=0.537313 cov=0.007 | refines=true | VoidVacuous("no transport: the chart is frozen")
         witnesses (listing capped at 10, count above is exact): (3855,3895) (3855,3896) (3895,3896)
      Spatial Ene coll=112468 fire=77711 D_A=0.690961 info=16715 distinct=5993 | D_B=0.833333 cov=0.001 | refines=true | VoidVacuous("no transport: the chart is frozen")
         witnesses (listing capped at 10, count above is exact): (6503,6520) (6503,6523) (6503,6524)
      Spatial G8 weak (monotone counts): true
      BlindLabel Occ coll=43181476 fire=667564 D_A=0.015459 info=19998 distinct=7 | D_B=0.008070 cov=0.768 | refines=true | VoidVacuous("no transport: the chart is frozen")
         witnesses (listing capped at 10, count above is exact): (0,23) (132,2333) (132,4557)
      BlindLabel Mom coll=901437 fire=43506 D_A=0.048263 info=17534 distinct=5931 | D_B=0.970472 cov=0.051 | refines=true | VoidVacuous("no transport: the chart is frozen")
         witnesses (listing capped at 10, count above is exact): (5149,5724) (12753,12848) (16402,16409)
      BlindLabel Ene coll=30169 fire=26796 D_A=0.888196 info=9766 distinct=13513 | D_B=1.000000 cov=0.003 | refines=true | VoidVacuous("no transport: the chart is frozen")
         witnesses (listing capped at 10, count above is exact): (3119,3147) (3119,3184) (3147,3184)
      BlindLabel G8 weak (monotone counts): true
      BlindIndex Occ coll=199970001 fire=0 D_A=0.000000 info=19999 distinct=1 | D_B=0.000000 cov=1.000 | refines=true | VoidVacuous("no transport: the chart is frozen")
      BlindIndex Mom coll=80239 fire=74997 D_A=0.934670 info=17449 distinct=6000 | D_B=0.991210 cov=0.296 | refines=true | VoidVacuous("no transport: the chart is frozen")
         witnesses (listing capped at 10, count above is exact): (4206,4295) (4206,4500) (4206,18606)
      BlindIndex Ene coll=6469 fire=5463 D_A=0.844489 info=7201 distinct=15728 | D_B=1.000000 cov=0.028 | refines=true | VoidVacuous("no transport: the chart is frozen")
         witnesses (listing capped at 10, count above is exact): (5446,14352) (5446,14575) (10246,10254)
      BlindIndex G8 weak (monotone counts): true
      GlobalRelabel Occ coll=49154612 fire=693180 D_A=0.014102 info=19999 distinct=8 | D_B=0.007513 cov=0.905 | refines=true | VoidVacuous("no transport: the chart is frozen")
         witnesses (listing capped at 10, count above is exact): (132,2333) (132,4557) (2333,4557)
      GlobalRelabel Mom coll=1618211 fire=47958 D_A=0.029636 info=19573 distinct=1310 | D_B=0.537313 cov=0.007 | refines=true | VoidVacuous("no transport: the chart is frozen")
         witnesses (listing capped at 10, count above is exact): (9619,9620) (9632,9645) (15330,15332)
      GlobalRelabel Ene coll=112468 fire=77711 D_A=0.690961 info=16715 distinct=5993 | D_B=0.833333 cov=0.001 | refines=true | VoidVacuous("no transport: the chart is frozen")
         witnesses (listing capped at 10, count above is exact): (1959,4130) (1959,4158) (1959,4225)
      GlobalRelabel G8 weak (monotone counts): true
   grid 2x2 cells=4 occ=3.000 fluct=0.425 transport=0.0219  G2 admissible: NO
      Spatial Occ coll=8945744 fire=248874 D_A=0.027820 info=19999 distinct=87 | D_B=0.015848 cov=0.770 | refines=true | VoidVacuous("no transport: the chart is frozen")
         witnesses (listing capped at 10, count above is exact): (123,125) (123,11155) (125,11155)
      Spatial Mom coll=776401 fire=42625 D_A=0.054901 info=18605 distinct=2996 | D_B=0.076923 cov=0.001 | refines=true | VoidVacuous("no transport: the chart is frozen")
         witnesses (listing capped at 10, count above is exact): (3852,3860) (9592,9602) (14696,14709)
      Spatial Ene coll=47628 fire=28805 D_A=0.604791 info=13136 distinct=10180 | D_B=n/a cov=0.000 | refines=true | VoidVacuous("no transport: the chart is frozen")
         witnesses (listing capped at 10, count above is exact): (1729,1737) (1729,1745) (1729,1810)
      Spatial G8 weak (monotone counts): true
      BlindLabel Occ coll=5974921 fire=170622 D_A=0.028556 info=19998 distinct=96 | D_B=0.013569 cov=0.170 | refines=true | VoidVacuous("no transport: the chart is frozen")
         witnesses (listing capped at 10, count above is exact): (24,25) (24,2830) (24,8643)
      BlindLabel Mom coll=6085 fire=4710 D_A=0.774035 info=6909 distinct=15964 | D_B=1.000000 cov=0.001 | refines=true | VoidVacuous("no transport: the chart is frozen")
         witnesses (listing capped at 10, count above is exact): (5379,5395) (10600,10608) (10600,10633)
      BlindLabel Ene coll=2183 fire=1727 D_A=0.791113 info=3266 distinct=18218 | D_B=n/a cov=0.000 | refines=true | VoidVacuous("no transport: the chart is frozen")
         witnesses (listing capped at 10, count above is exact): (4004,4012) (4358,4366) (4358,4374)
      BlindLabel G8 weak (monotone counts): true
      BlindIndex Occ coll=199970001 fire=0 D_A=0.000000 info=19999 distinct=1 | D_B=0.000000 cov=1.000 | refines=true | VoidVacuous("no transport: the chart is frozen")
      BlindIndex Mom coll=6048 fire=4789 D_A=0.791832 info=7128 distinct=15842 | D_B=1.000000 cov=0.003 | refines=true | VoidVacuous("no transport: the chart is frozen")
         witnesses (listing capped at 10, count above is exact): (2350,4819) (4610,4618) (8870,8878)
      BlindIndex Ene coll=2126 fire=1769 D_A=0.832079 info=3217 distinct=18250 | D_B=n/a cov=0.000 | refines=true | VoidVacuous("no transport: the chart is frozen")
         witnesses (listing capped at 10, count above is exact): (3541,3549) (4238,4246) (6343,6351)
      BlindIndex G8 weak (monotone counts): true
      GlobalRelabel Occ coll=8945744 fire=248874 D_A=0.027820 info=19999 distinct=87 | D_B=0.018706 cov=0.770 | refines=true | VoidVacuous("no transport: the chart is frozen")
         witnesses (listing capped at 10, count above is exact): (7434,7436) (7434,7540) (7434,7717)
      GlobalRelabel Mom coll=776401 fire=42625 D_A=0.054901 info=18605 distinct=2996 | D_B=0.076923 cov=0.001 | refines=true | VoidVacuous("no transport: the chart is frozen")
         witnesses (listing capped at 10, count above is exact): (10662,10686) (15916,15918) (15916,15923)
      GlobalRelabel Ene coll=47628 fire=28805 D_A=0.604791 info=13136 distinct=10180 | D_B=n/a cov=0.000 | refines=true | VoidVacuous("no transport: the chart is frozen")
         witnesses (listing capped at 10, count above is exact): (685,693) (776,788) (2195,2211)
      GlobalRelabel G8 weak (monotone counts): true
   grid 4x2 cells=8 occ=1.500 fluct=0.691 transport=0.0337  G2 admissible: NO
      Spatial Occ coll=2747055 fire=99058 D_A=0.036060 info=19995 distinct=331 | D_B=0.023158 cov=0.095 | refines=true | VoidVacuous("no transport: the chart is frozen")
         witnesses (listing capped at 10, count above is exact): (4836,4839) (5464,5465) (5464,5563)
      Spatial Mom coll=453465 fire=29936 D_A=0.066016 info=17381 distinct=4777 | D_B=n/a cov=0.000 | refines=true | VoidVacuous("no transport: the chart is frozen")
         witnesses (listing capped at 10, count above is exact): (7929,7930) (7929,7962) (7929,7969)
      Spatial Ene coll=25753 fire=15318 D_A=0.594804 info=10621 distinct=12616 | D_B=n/a cov=0.000 | refines=true | VoidVacuous("no transport: the chart is frozen")
         witnesses (listing capped at 10, count above is exact): (8513,8521) (8513,8537) (8513,8545)
      Spatial G8 weak (monotone counts): true
      BlindLabel Occ coll=2371788 fire=79459 D_A=0.033502 info=19994 distinct=365 | D_B=0.011682 cov=0.086 | refines=true | VoidVacuous("no transport: the chart is frozen")
         witnesses (listing capped at 10, count above is exact): (7541,7544) (7541,7558) (7544,7558)
      BlindLabel Mom coll=2791 fire=2248 D_A=0.805446 info=4202 distinct=17703 | D_B=n/a cov=0.000 | refines=true | VoidVacuous("no transport: the chart is frozen")
         witnesses (listing capped at 10, count above is exact): (1862,1870) (3585,3601) (7628,7636)
      BlindLabel Ene coll=1017 fire=884 D_A=0.869223 info=1778 distinct=19070 | D_B=n/a cov=0.000 | refines=true | VoidVacuous("no transport: the chart is frozen")
         witnesses (listing capped at 10, count above is exact): (981,989) (1778,1786) (3089,3097)
      BlindLabel G8 weak (monotone counts): true
      BlindIndex Occ coll=199970001 fire=0 D_A=0.000000 info=19999 distinct=1 | D_B=0.000000 cov=1.000 | refines=true | VoidVacuous("no transport: the chart is frozen")
      BlindIndex Mom coll=2609 fire=2157 D_A=0.826754 info=3924 distinct=17851 | D_B=n/a cov=0.000 | refines=true | VoidVacuous("no transport: the chart is frozen")
         witnesses (listing capped at 10, count above is exact): (1209,1217) (1692,1700) (7707,7715)
      BlindIndex Ene coll=891 fire=802 D_A=0.900112 info=1482 distinct=19214 | D_B=n/a cov=0.000 | refines=true | VoidVacuous("no transport: the chart is frozen")
         witnesses (listing capped at 10, count above is exact): (1566,1574) (1770,1778) (1997,2005)
      BlindIndex G8 weak (monotone counts): true
      GlobalRelabel Occ coll=2747055 fire=99058 D_A=0.036060 info=19995 distinct=331 | D_B=0.080000 cov=0.095 | refines=true | VoidVacuous("no transport: the chart is frozen")
         witnesses (listing capped at 10, count above is exact): (293,294) (293,321) (293,387)
      GlobalRelabel Mom coll=453465 fire=29936 D_A=0.066016 info=17381 distinct=4777 | D_B=n/a cov=0.000 | refines=true | VoidVacuous("no transport: the chart is frozen")
         witnesses (listing capped at 10, count above is exact): (13670,13671) (14627,14628) (14627,14634)
      GlobalRelabel Ene coll=25753 fire=15318 D_A=0.594804 info=10621 distinct=12616 | D_B=n/a cov=0.000 | refines=true | VoidVacuous("no transport: the chart is frozen")
         witnesses (listing capped at 10, count above is exact): (4444,4452) (4444,4504) (4444,4528)
      GlobalRelabel G8 weak (monotone counts): true
   grid 6x4 cells=24 occ=0.500 fluct=1.553 transport=0.0668  G2 admissible: NO
      Spatial Occ coll=689984 fire=48173 D_A=0.069818 info=19955 distinct=879 | D_B=0.076923 cov=0.001 | refines=true | NotClosed
         witnesses (listing capped at 10, count above is exact): (2845,2848) (2845,2852) (2845,2967)
      Spatial Mom coll=107570 fire=20681 D_A=0.192256 info=13942 distinct=9196 | D_B=1.000000 cov=0.000 | refines=true | NotClosed
         witnesses (listing capped at 10, count above is exact): (2760,2768) (7171,7179) (7171,7187)
      Spatial Ene coll=8249 fire=5209 D_A=0.631470 info=6719 distinct=15818 | D_B=n/a cov=0.000 | refines=true | NotClosed
         witnesses (listing capped at 10, count above is exact): (1101,1174) (3216,3224) (8678,8682)
      Spatial G8 weak (monotone counts): true
      BlindLabel Occ coll=678899 fire=46115 D_A=0.067926 info=19953 distinct=904 | D_B=0.076923 cov=0.001 | refines=true | NotClosed
         witnesses (listing capped at 10, count above is exact): (5580,5608) (8110,8121) (9423,9425)
      BlindLabel Mom coll=1554 fire=1298 D_A=0.835264 info=2557 distinct=18641 | D_B=n/a cov=0.000 | refines=true | NotClosed
         witnesses (listing capped at 10, count above is exact): (1435,1443) (2696,2704) (7595,7603)
      BlindLabel Ene coll=555 fire=487 D_A=0.877477 info=994 distinct=19484 | D_B=n/a cov=0.000 | refines=true | NotClosed
         witnesses (listing capped at 10, count above is exact): (1713,1721) (3428,3436) (4376,4384)
      BlindLabel G8 weak (monotone counts): true
      BlindIndex Occ coll=199970001 fire=0 D_A=0.000000 info=19999 distinct=1 | D_B=0.000000 cov=1.000 | refines=true | VoidVacuous("no transport: the chart is frozen")
      BlindIndex Mom coll=1963 fire=1630 D_A=0.830362 info=3077 distinct=18343 | D_B=n/a cov=0.000 | refines=true | VoidVacuous("no transport: the chart is frozen")
         witnesses (listing capped at 10, count above is exact): (2537,2545) (3105,3113) (5414,5422)
      BlindIndex Ene coll=694 fire=620 D_A=0.893372 info=1225 distinct=19362 | D_B=n/a cov=0.000 | refines=true | VoidVacuous("no transport: the chart is frozen")
         witnesses (listing capped at 10, count above is exact): (2845,2853) (5168,5176) (5227,5235)
      BlindIndex G8 weak (monotone counts): true
      GlobalRelabel Occ coll=689984 fire=48173 D_A=0.069818 info=19955 distinct=879 | D_B=0.076923 cov=0.001 | refines=true | NotClosed
         witnesses (listing capped at 10, count above is exact): (2273,2274) (11402,11405) (14766,14779)
      GlobalRelabel Mom coll=107570 fire=20681 D_A=0.192256 info=13942 distinct=9196 | D_B=1.000000 cov=0.000 | refines=true | NotClosed
         witnesses (listing capped at 10, count above is exact): (1093,1300) (3887,3895) (9356,9364)
      GlobalRelabel Ene coll=8249 fire=5209 D_A=0.631470 info=6719 distinct=15818 | D_B=n/a cov=0.000 | refines=true | NotClosed
         witnesses (listing capped at 10, count above is exact): (2909,2937) (4880,4888) (5345,5353)
      GlobalRelabel G8 weak (monotone counts): true

-- seed 0x0000000053415428  n=12 dims=2 frames=20000 box=34.6x20.8 species=[1]
   G9a species/arity constant: true
   G9b |p| first=8.188600e-15 last=2.036918e0   G9c Ek first=1.130129e-1 last=1.216370e-2  [ledger leg UNDISCHARGED: the dump carries no forces]
   grid 1x1 cells=1 occ=12.000 fluct=0.000 transport=0.0000  G2 admissible: NO
      Spatial Occ coll=199970001 fire=0 D_A=0.000000 info=19999 distinct=1 | D_B=0.000000 cov=1.000 | refines=true | VoidVacuous("fewer than 2 cells: the fields are the invariants")
      Spatial Mom coll=2748850 fire=121868 D_A=0.044334 info=19968 distinct=268 | D_B=0.240554 cov=0.614 | refines=true | VoidVacuous("fewer than 2 cells: the fields are the invariants")
         witnesses (listing capped at 10, count above is exact): (221,229) (3369,3663) (3369,6014)
      Spatial Ene coll=641722 fire=415441 D_A=0.647385 info=19400 distinct=1416 | D_B=0.754636 cov=0.464 | refines=true | VoidVacuous("fewer than 2 cells: the fields are the invariants")
         witnesses (listing capped at 10, count above is exact): (459,471) (459,476) (471,476)
      Spatial G8 weak (monotone counts): true
      BlindLabel Occ coll=199970001 fire=0 D_A=0.000000 info=19999 distinct=1 | D_B=0.000000 cov=1.000 | refines=true | VoidVacuous("fewer than 2 cells: the fields are the invariants")
      BlindLabel Mom coll=2748850 fire=121868 D_A=0.044334 info=19968 distinct=268 | D_B=0.240554 cov=0.614 | refines=true | VoidVacuous("fewer than 2 cells: the fields are the invariants")
         witnesses (listing capped at 10, count above is exact): (55,56) (8881,8882) (8881,11123)
      BlindLabel Ene coll=641722 fire=415441 D_A=0.647385 info=19400 distinct=1416 | D_B=0.754636 cov=0.464 | refines=true | VoidVacuous("fewer than 2 cells: the fields are the invariants")
         witnesses (listing capped at 10, count above is exact): (565,581) (565,647) (565,655)
      BlindLabel G8 weak (monotone counts): true
      BlindIndex Occ coll=199970001 fire=0 D_A=0.000000 info=19999 distinct=1 | D_B=0.000000 cov=1.000 | refines=true | VoidVacuous("fewer than 2 cells: the fields are the invariants")
      BlindIndex Mom coll=2748850 fire=121868 D_A=0.044334 info=19968 distinct=268 | D_B=0.240554 cov=0.614 | refines=true | VoidVacuous("fewer than 2 cells: the fields are the invariants")
         witnesses (listing capped at 10, count above is exact): (246,261) (6559,6561) (6559,6567)
      BlindIndex Ene coll=641722 fire=415441 D_A=0.647385 info=19400 distinct=1416 | D_B=0.754636 cov=0.464 | refines=true | VoidVacuous("fewer than 2 cells: the fields are the invariants")
         witnesses (listing capped at 10, count above is exact): (414,427) (414,4407) (414,4408)
      BlindIndex G8 weak (monotone counts): true
      GlobalRelabel Occ coll=199970001 fire=0 D_A=0.000000 info=19999 distinct=1 | D_B=0.000000 cov=1.000 | refines=true | VoidVacuous("fewer than 2 cells: the fields are the invariants")
      GlobalRelabel Mom coll=2748850 fire=121868 D_A=0.044334 info=19968 distinct=268 | D_B=0.240554 cov=0.614 | refines=true | VoidVacuous("fewer than 2 cells: the fields are the invariants")
         witnesses (listing capped at 10, count above is exact): (5768,5769) (5768,7474) (5769,7474)
      GlobalRelabel Ene coll=641722 fire=415441 D_A=0.647385 info=19400 distinct=1416 | D_B=0.754636 cov=0.464 | refines=true | VoidVacuous("fewer than 2 cells: the fields are the invariants")
         witnesses (listing capped at 10, count above is exact): (13026,13027) (13026,13031) (13027,13031)
      GlobalRelabel G8 weak (monotone counts): true
   grid 2x1 cells=2 occ=6.000 fluct=0.203 transport=0.0091  G2 admissible: NO
      Spatial Occ coll=66123359 fire=819145 D_A=0.012388 info=19999 distinct=8 | D_B=0.008384 cov=0.954 | refines=true | VoidVacuous("no transport: the chart is frozen")
         witnesses (listing capped at 10, count above is exact): (0,14) (0,3343) (14,3343)
      Spatial Mom coll=725698 fire=38841 D_A=0.053522 info=19243 distinct=1961 | D_B=0.730479 cov=0.040 | refines=true | VoidVacuous("no transport: the chart is frozen")
         witnesses (listing capped at 10, count above is exact): (3471,3472) (3471,3480) (3472,3480)
      Spatial Ene coll=140928 fire=86560 D_A=0.614214 info=16897 distinct=5740 | D_B=1.000000 cov=0.004 | refines=true | VoidVacuous("no transport: the chart is frozen")
         witnesses (listing capped at 10, count above is exact): (1380,1445) (1380,1453) (1380,1465)
      Spatial G8 weak (monotone counts): true
      BlindLabel Occ coll=68676859 fire=948729 D_A=0.013814 info=19999 distinct=6 | D_B=0.008114 cov=0.937 | refines=true | VoidVacuous("no transport: the chart is frozen")
         witnesses (listing capped at 10, count above is exact): (0,14) (0,12826) (0,14082)
      BlindLabel Mom coll=45278 fire=37889 D_A=0.836808 info=16489 distinct=7522 | D_B=0.975813 cov=0.120 | refines=true | VoidVacuous("no transport: the chart is frozen")
         witnesses (listing capped at 10, count above is exact): (4479,4496) (4479,4497) (4496,4497)
      BlindLabel Ene coll=8367 fire=6882 D_A=0.822517 info=8126 distinct=15098 | D_B=0.980000 cov=0.010 | refines=true | VoidVacuous("no transport: the chart is frozen")
         witnesses (listing capped at 10, count above is exact): (1651,3296) (9960,9968) (9960,9977)
      BlindLabel G8 weak (monotone counts): true
      BlindIndex Occ coll=199970001 fire=0 D_A=0.000000 info=19999 distinct=1 | D_B=0.000000 cov=1.000 | refines=true | VoidVacuous("no transport: the chart is frozen")
      BlindIndex Mom coll=90239 fire=75571 D_A=0.837454 info=18215 distinct=4960 | D_B=0.963275 cov=0.261 | refines=true | VoidVacuous("no transport: the chart is frozen")
         witnesses (listing capped at 10, count above is exact): (1662,1670) (1662,1677) (1662,3224)
      BlindIndex Ene coll=13737 fire=11077 D_A=0.806362 info=10260 distinct=13446 | D_B=0.978182 cov=0.028 | refines=true | VoidVacuous("no transport: the chart is frozen")
         witnesses (listing capped at 10, count above is exact): (973,1132) (4269,4297) (5142,5145)
      BlindIndex G8 weak (monotone counts): true
      GlobalRelabel Occ coll=66123359 fire=819145 D_A=0.012388 info=19999 distinct=8 | D_B=0.008384 cov=0.954 | refines=true | VoidVacuous("no transport: the chart is frozen")
         witnesses (listing capped at 10, count above is exact): (0,14) (0,3343) (14,3343)
      GlobalRelabel Mom coll=725698 fire=38841 D_A=0.053522 info=19243 distinct=1961 | D_B=0.730479 cov=0.040 | refines=true | VoidVacuous("no transport: the chart is frozen")
         witnesses (listing capped at 10, count above is exact): (291,292) (2731,2797) (2731,2798)
      GlobalRelabel Ene coll=140928 fire=86560 D_A=0.614214 info=16897 distinct=5740 | D_B=1.000000 cov=0.004 | refines=true | VoidVacuous("no transport: the chart is frozen")
         witnesses (listing capped at 10, count above is exact): (4372,4380) (5102,5111) (12674,12678)
      GlobalRelabel G8 weak (monotone counts): true
   grid 2x2 cells=4 occ=3.000 fluct=0.444 transport=0.0258  G2 admissible: NO
      Spatial Occ coll=8245985 fire=264012 D_A=0.032017 info=19996 distinct=119 | D_B=0.023545 cov=0.658 | refines=true | VoidVacuous("no transport: the chart is frozen")
         witnesses (listing capped at 10, count above is exact): (276,17218) (276,17234) (391,405)
      Spatial Mom coll=324906 fire=29741 D_A=0.091537 info=17988 distinct=4162 | D_B=0.500000 cov=0.001 | refines=true | VoidVacuous("no transport: the chart is frozen")
         witnesses (listing capped at 10, count above is exact): (4372,4374) (4372,4382) (4372,4396)
      Spatial Ene coll=61330 fire=37574 D_A=0.612653 info=13940 distinct=9309 | D_B=0.555556 cov=0.001 | refines=true | VoidVacuous("no transport: the chart is frozen")
         witnesses (listing capped at 10, count above is exact): (1185,1193) (1185,1201) (1193,1201)
      Spatial G8 weak (monotone counts): true
      BlindLabel Occ coll=4167558 fire=180358 D_A=0.043277 info=19999 distinct=109 | D_B=0.086081 cov=0.631 | refines=true | VoidVacuous("no transport: the chart is frozen")
         witnesses (listing capped at 10, count above is exact): (2909,3114) (2909,3655) (2909,12826)
      BlindLabel Mom coll=9017 fire=7097 D_A=0.787069 info=7885 distinct=15173 | D_B=1.000000 cov=0.001 | refines=true | VoidVacuous("no transport: the chart is frozen")
         witnesses (listing capped at 10, count above is exact): (4867,4875) (4867,4882) (4867,4898)
      BlindLabel Ene coll=2935 fire=2395 D_A=0.816014 info=3861 distinct=17842 | D_B=1.000000 cov=0.000 | refines=true | VoidVacuous("no transport: the chart is frozen")
         witnesses (listing capped at 10, count above is exact): (3229,3237) (3310,3318) (3324,3331)
      BlindLabel G8 weak (monotone counts): true
      BlindIndex Occ coll=199970001 fire=0 D_A=0.000000 info=19999 distinct=1 | D_B=0.000000 cov=1.000 | refines=true | VoidVacuous("no transport: the chart is frozen")
      BlindIndex Mom coll=11202 fire=8824 D_A=0.787716 info=9285 distinct=14196 | D_B=1.000000 cov=0.002 | refines=true | VoidVacuous("no transport: the chart is frozen")
         witnesses (listing capped at 10, count above is exact): (1652,1660) (1913,1921) (4604,4612)
      BlindIndex Ene coll=3697 fire=2791 D_A=0.754936 info=4317 distinct=17504 | D_B=1.000000 cov=0.000 | refines=true | VoidVacuous("no transport: the chart is frozen")
         witnesses (listing capped at 10, count above is exact): (7902,7910) (8059,8067) (10266,10274)
      BlindIndex G8 weak (monotone counts): true
      GlobalRelabel Occ coll=8245985 fire=264012 D_A=0.032017 info=19996 distinct=119 | D_B=0.023545 cov=0.658 | refines=true | VoidVacuous("no transport: the chart is frozen")
         witnesses (listing capped at 10, count above is exact): (364,366) (364,373) (366,373)
      GlobalRelabel Mom coll=324906 fire=29741 D_A=0.091537 info=17988 distinct=4162 | D_B=0.500000 cov=0.001 | refines=true | VoidVacuous("no transport: the chart is frozen")
         witnesses (listing capped at 10, count above is exact): (8219,8220) (8527,8528) (8527,8553)
      GlobalRelabel Ene coll=61330 fire=37574 D_A=0.612653 info=13940 distinct=9309 | D_B=0.555556 cov=0.001 | refines=true | VoidVacuous("no transport: the chart is frozen")
         witnesses (listing capped at 10, count above is exact): (1291,1311) (1291,1380) (1291,1392)
      GlobalRelabel G8 weak (monotone counts): true
   grid 4x2 cells=8 occ=1.500 fluct=0.753 transport=0.0463  G2 admissible: NO
      Spatial Occ coll=1201450 fire=60067 D_A=0.049995 info=19986 distinct=476 | D_B=0.161017 cov=0.094 | refines=true | VoidVacuous("no transport: the chart is frozen")
         witnesses (listing capped at 10, count above is exact): (15,25) (3713,3716) (3713,3776)
      Spatial Mom coll=150711 fire=27814 D_A=0.184552 info=16612 distinct=6243 | D_B=0.750000 cov=0.000 | refines=true | VoidVacuous("no transport: the chart is frozen")
         witnesses (listing capped at 10, count above is exact): (508,516) (4735,4736) (8222,8223)
      Spatial Ene coll=28802 fire=17307 D_A=0.600896 info=11269 distinct=12011 | D_B=0.666667 cov=0.000 | refines=true | VoidVacuous("no transport: the chart is frozen")
         witnesses (listing capped at 10, count above is exact): (2313,2321) (2973,2989) (5351,5355)
      Spatial G8 weak (monotone counts): true
      BlindLabel Occ coll=1041999 fire=48637 D_A=0.046677 info=19982 distinct=518 | D_B=0.023404 cov=0.047 | refines=true | VoidVacuous("no transport: the chart is frozen")
         witnesses (listing capped at 10, count above is exact): (142,145) (142,163) (145,163)
      BlindLabel Mom coll=2700 fire=2252 D_A=0.834074 info=3963 distinct=17825 | D_B=1.000000 cov=0.000 | refines=true | VoidVacuous("no transport: the chart is frozen")
         witnesses (listing capped at 10, count above is exact): (1182,1190) (7631,7639) (9192,9200)
      BlindLabel Ene coll=873 fire=770 D_A=0.882016 info=1561 distinct=19189 | D_B=1.000000 cov=0.000 | refines=true | VoidVacuous("no transport: the chart is frozen")
         witnesses (listing capped at 10, count above is exact): (1281,1289) (2291,2299) (7410,7418)
      BlindLabel G8 weak (monotone counts): true
      BlindIndex Occ coll=199970001 fire=0 D_A=0.000000 info=19999 distinct=1 | D_B=0.000000 cov=1.000 | refines=true | VoidVacuous("no transport: the chart is frozen")
      BlindIndex Mom coll=1965 fire=1692 D_A=0.861069 info=3137 distinct=18316 | D_B=n/a cov=0.000 | refines=true | VoidVacuous("no transport: the chart is frozen")
         witnesses (listing capped at 10, count above is exact): (891,899) (5831,5839) (7096,7104)
      BlindIndex Ene coll=614 fire=553 D_A=0.900651 info=1104 distinct=19427 | D_B=n/a cov=0.000 | refines=true | VoidVacuous("no transport: the chart is frozen")
         witnesses (listing capped at 10, count above is exact): (1310,1318) (4177,4185) (6249,6257)
      BlindIndex G8 weak (monotone counts): true
      GlobalRelabel Occ coll=1201450 fire=60067 D_A=0.049995 info=19986 distinct=476 | D_B=0.193856 cov=0.094 | refines=true | VoidVacuous("no transport: the chart is frozen")
         witnesses (listing capped at 10, count above is exact): (813,814) (4150,4152) (4150,4164)
      GlobalRelabel Mom coll=150711 fire=27814 D_A=0.184552 info=16612 distinct=6243 | D_B=0.750000 cov=0.000 | refines=true | VoidVacuous("no transport: the chart is frozen")
         witnesses (listing capped at 10, count above is exact): (2173,2189) (2316,2324) (3283,3287)
      GlobalRelabel Ene coll=28802 fire=17307 D_A=0.600896 info=11269 distinct=12011 | D_B=0.666667 cov=0.000 | refines=true | VoidVacuous("no transport: the chart is frozen")
         witnesses (listing capped at 10, count above is exact): (2208,2216) (8806,8814) (8806,8825)
      GlobalRelabel G8 weak (monotone counts): true
   grid 6x4 cells=24 occ=0.500 fluct=1.577 transport=0.0714  G2 admissible: NO
      Spatial Occ coll=447644 fire=27806 D_A=0.062116 info=19922 distinct=1134 | D_B=0.041667 cov=0.002 | refines=true | NotClosed
         witnesses (listing capped at 10, count above is exact): (8365,8369) (10185,10207) (13749,13755)
      Spatial Mom coll=56074 fire=15276 D_A=0.272426 info=12716 distinct=10565 | D_B=0.500000 cov=0.002 | refines=true | NotClosed
         witnesses (listing capped at 10, count above is exact): (8907,8908) (9527,9528) (9665,9692)
      Spatial Ene coll=9495 fire=6022 D_A=0.634229 info=6840 distinct=15676 | D_B=0.692308 cov=0.001 | refines=true | NotClosed
         witnesses (listing capped at 10, count above is exact): (1006,1014) (1006,1022) (1006,1030)
      Spatial G8 weak (monotone counts): true
      BlindLabel Occ coll=435338 fire=25946 D_A=0.059600 info=19918 distinct=1169 | D_B=0.041667 cov=0.002 | refines=true | NotClosed
         witnesses (listing capped at 10, count above is exact): (1414,1416) (1414,1448) (1416,1448)
      BlindLabel Mom coll=1493 fire=1258 D_A=0.842599 info=2389 distinct=18722 | D_B=0.500000 cov=0.000 | refines=true | NotClosed
         witnesses (listing capped at 10, count above is exact): (991,999) (1044,1052) (5173,5181)
      BlindLabel Ene coll=487 fire=436 D_A=0.895277 info=882 distinct=19544 | D_B=1.000000 cov=0.000 | refines=true | NotClosed
         witnesses (listing capped at 10, count above is exact): (1640,1648) (6777,6785) (6777,6793)
      BlindLabel G8 weak (monotone counts): true
      BlindIndex Occ coll=199970001 fire=0 D_A=0.000000 info=19999 distinct=1 | D_B=0.000000 cov=1.000 | refines=true | VoidVacuous("no transport: the chart is frozen")
      BlindIndex Mom coll=1534 fire=1304 D_A=0.850065 info=2462 distinct=18682 | D_B=n/a cov=0.000 | refines=true | VoidVacuous("no transport: the chart is frozen")
         witnesses (listing capped at 10, count above is exact): (7541,7549) (8128,8136) (8229,8237)
      BlindIndex Ene coll=498 fire=458 D_A=0.919679 info=892 distinct=19537 | D_B=n/a cov=0.000 | refines=true | VoidVacuous("no transport: the chart is frozen")
         witnesses (listing capped at 10, count above is exact): (3786,3794) (5025,5033) (9123,9124)
      BlindIndex G8 weak (monotone counts): true
      GlobalRelabel Occ coll=447644 fire=27806 D_A=0.062116 info=19922 distinct=1134 | D_B=0.041667 cov=0.002 | refines=true | NotClosed
         witnesses (listing capped at 10, count above is exact): (14389,14405) (14389,14415) (14405,14415)
      GlobalRelabel Mom coll=56074 fire=15276 D_A=0.272426 info=12716 distinct=10565 | D_B=0.500000 cov=0.002 | refines=true | NotClosed
         witnesses (listing capped at 10, count above is exact): (1612,1613) (1612,1621) (1613,1621)
      GlobalRelabel Ene coll=9495 fire=6022 D_A=0.634229 info=6840 distinct=15676 | D_B=0.692308 cov=0.001 | refines=true | NotClosed
         witnesses (listing capped at 10, count above is exact): (815,823) (5394,5398) (6672,6674)
      GlobalRelabel G8 weak (monotone counts): true

===== COST (PREREG G11, work units, never wall clock) =====
frames read:       320000
chart evaluations: 18000000
